,vid_name,label,start_frame,end_frame,exists
0,#NAME?,0,0,48,FALSE
1,#NAME?,0,0,70,FALSE
2,#NAME?,0,0,90,FALSE
3,3qq031609lA_00002,0,0,123,TRUE
4,3qq031609lA_00004,0,0,102,TRUE
5,5V-dKBtmKLI_00018,0,0,55,TRUE
6,5V-dKBtmKLI_00019,0,0,75,FALSE
7,5V-dKBtmKLI_00085,0,0,80,TRUE
8,5V-dKBtmKLI_00086,0,0,89,TRUE
10,9BC6ssCjyfg_00177,0,0,158,TRUE
11,9BC6ssCjyfg_00178,0,0,153,TRUE
12,9jZYYtzYqwE_00037,0,0,92,TRUE
13,9jZYYtzYqwE_00038,0,0,122,FALSE
14,9jZYYtzYqwE_00049,0,0,98,FALSE
15,9jZYYtzYqwE_00050,0,0,237,FALSE
16,9jZYYtzYqwE_00097,0,0,64,TRUE
17,9jZYYtzYqwE_00098,0,0,121,FALSE
18,D8YKHC5hmUs_00095,0,0,250,FALSE
19,D8YKHC5hmUs_00096,0,0,152,TRUE
20,D8YKHC5hmUs_00106,0,0,124,TRUE
21,D8YKHC5hmUs_00107,0,0,133,TRUE
22,D8YKHC5hmUs_00128,0,0,73,TRUE
23,D8YKHC5hmUs_00129,0,0,153,TRUE
24,D8YKHC5hmUs_00134,0,0,89,TRUE
25,D8YKHC5hmUs_00135,0,0,131,TRUE
26,D8YKHC5hmUs_00152,0,0,138,TRUE
27,D8YKHC5hmUs_00153,0,0,107,TRUE
28,D8YKHC5hmUs_00162,0,0,72,TRUE
29,D8YKHC5hmUs_00163,0,0,108,TRUE
30,D8YKHC5hmUs_00174,0,0,56,TRUE
31,D8YKHC5hmUs_00175,0,0,148,TRUE
32,D8YKHC5hmUs_00176,0,0,207,FALSE
33,D8YKHC5hmUs_00177,0,0,123,TRUE
34,D8YKHC5hmUs_00215,0,0,51,TRUE
35,D8YKHC5hmUs_00216,0,0,114,TRUE
36,D8YKHC5hmUs_00265,0,0,213,FALSE
37,D8YKHC5hmUs_00266,0,0,143,TRUE
38,DB4lpBDPnTY_00039,0,0,109,TRUE
39,DB4lpBDPnTY_00040,0,0,129,TRUE
40,JzOshOJgofw_00081,0,0,119,TRUE
41,JzOshOJgofw_00082,0,0,87,TRUE
42,JzOshOJgofw_00105,0,0,131,TRUE
43,JzOshOJgofw_00106,0,0,112,TRUE
44,LkluZoNfKu8_00104,0,0,84,TRUE
45,LkluZoNfKu8_00105,0,0,188,FALSE
46,VNvb5oLOpLg_00256,0,0,222,FALSE
47,VNvb5oLOpLg_00257,0,0,266,FALSE
48,VNvb5oLOpLg_00294,0,0,181,FALSE
49,VNvb5oLOpLg_00295,0,0,216,FALSE
50,VNvb5oLOpLg_00310,0,0,113,FALSE
51,VNvb5oLOpLg_00311,0,0,206,FALSE
52,VNvb5oLOpLg_00703,0,0,203,FALSE
53,VNvb5oLOpLg_00704,0,0,233,FALSE
54,VNvb5oLOpLg_00705,0,0,242,FALSE
55,VNvb5oLOpLg_00773,0,0,118,FALSE
56,VNvb5oLOpLg_00774,0,0,217,FALSE
57,VNvb5oLOpLg_00775,0,0,225,FALSE
58,VNvb5oLOpLg_00794,0,0,118,TRUE
59,VNvb5oLOpLg_00809,0,0,136,FALSE
60,VNvb5oLOpLg_00810,0,0,257,FALSE
61,VNvb5oLOpLg_00811,0,0,245,FALSE
62,VNvb5oLOpLg_00812,0,0,211,FALSE
63,VNvb5oLOpLg_00813,0,0,226,FALSE
64,VNvb5oLOpLg_00814,0,0,239,FALSE
65,VNvb5oLOpLg_00824,0,0,200,FALSE
66,VNvb5oLOpLg_00825,0,0,235,FALSE
67,VNvb5oLOpLg_00826,0,0,221,FALSE
68,VNvb5oLOpLg_00836,0,0,245,FALSE
69,VNvb5oLOpLg_00837,0,0,241,FALSE
70,VNvb5oLOpLg_00838,0,0,243,FALSE
71,VNvb5oLOpLg_00857,0,0,279,FALSE
72,VNvb5oLOpLg_00858,0,0,245,FALSE
73,VNvb5oLOpLg_00859,0,0,248,FALSE
74,Y7QZcr24ye0_00264,0,0,195,FALSE
75,Y7QZcr24ye0_00265,0,0,218,FALSE
76,Y7QZcr24ye0_00268,0,0,179,TRUE
77,Y7QZcr24ye0_00269,0,0,261,FALSE
78,Y7QZcr24ye0_00284,0,0,138,TRUE
79,Y7QZcr24ye0_00285,0,0,218,FALSE
80,Y7QZcr24ye0_00290,0,0,122,TRUE
81,Y7QZcr24ye0_00291,0,0,187,FALSE
82,Y7QZcr24ye0_00587,0,0,229,FALSE
83,Y7QZcr24ye0_00588,0,0,283,FALSE
84,Y7QZcr24ye0_00589,0,0,276,FALSE
85,Y7QZcr24ye0_00777,0,0,144,TRUE
86,Y7QZcr24ye0_00778,0,0,284,FALSE
87,Y7QZcr24ye0_00779,0,0,302,FALSE
88,Y7QZcr24ye0_00824,0,0,215,FALSE
89,Y7QZcr24ye0_00825,0,0,288,FALSE
90,Y7QZcr24ye0_00826,0,0,317,FALSE
91,Y7QZcr24ye0_00838,0,0,148,FALSE
92,Y7QZcr24ye0_00839,0,0,259,FALSE
93,Y7QZcr24ye0_00840,0,0,316,FALSE
94,_lmT4WlK7G0_00048,0,0,80,FALSE
95,_lmT4WlK7G0_00049,0,0,184,FALSE
96,_lmT4WlK7G0_00050,0,0,150,TRUE
97,db7DmpqzGmc_00042,0,0,85,FALSE
98,db7DmpqzGmc_00043,0,0,103,TRUE
99,db7DmpqzGmc_00044,0,0,83,FALSE
100,db7DmpqzGmc_00166,0,0,187,FALSE
101,db7DmpqzGmc_00167,0,0,81,TRUE
102,db7DmpqzGmc_00168,0,0,50,TRUE
103,eN8umEok9U8_00022,0,0,119,TRUE
104,eN8umEok9U8_00023,0,0,137,TRUE
105,eN8umEok9U8_00043,0,0,52,FALSE
106,eN8umEok9U8_00044,0,0,86,TRUE
107,eN8umEok9U8_00055,0,0,143,TRUE
108,eN8umEok9U8_00056,0,0,207,FALSE
109,eN8umEok9U8_00090,0,0,73,TRUE
110,eN8umEok9U8_00091,0,0,120,TRUE
111,eN8umEok9U8_00098,0,0,181,FALSE
112,eN8umEok9U8_00099,0,0,172,TRUE
113,eN8umEok9U8_00144,0,0,115,TRUE
114,eN8umEok9U8_00145,0,0,180,FALSE
115,eN8umEok9U8_00146,0,0,87,TRUE
116,eN8umEok9U8_00147,0,0,117,TRUE
117,eN8umEok9U8_00149,0,0,141,TRUE
118,eN8umEok9U8_00159,0,0,61,TRUE
119,eN8umEok9U8_00160,0,0,95,TRUE
120,eN8umEok9U8_00194,0,0,176,TRUE
121,eN8umEok9U8_00195,0,0,78,FALSE
122,eN8umEok9U8_00206,0,0,74,TRUE
123,eN8umEok9U8_00207,0,0,106,TRUE
124,eN8umEok9U8_00208,0,0,141,TRUE
125,eN8umEok9U8_00209,0,0,158,TRUE
126,fB1Pc3CylrQ_00006,0,0,80,TRUE
127,fB1Pc3CylrQ_00015,0,0,63,TRUE
128,fB1Pc3CylrQ_00018,0,0,164,TRUE
129,fohMq9tOn6E_00014,0,0,61,FALSE
130,fohMq9tOn6E_00015,0,0,96,TRUE
131,fohMq9tOn6E_00016,0,0,74,TRUE
132,fohMq9tOn6E_00017,0,0,165,TRUE
133,fohMq9tOn6E_00022,0,0,117,TRUE
134,fohMq9tOn6E_00023,0,0,73,TRUE
135,fohMq9tOn6E_00024,0,0,81,FALSE
136,fohMq9tOn6E_00025,0,0,115,TRUE
137,fohMq9tOn6E_00041,0,0,64,FALSE
138,fohMq9tOn6E_00042,0,0,115,FALSE
139,fohMq9tOn6E_00064,0,0,142,FALSE
140,fohMq9tOn6E_00065,0,0,78,TRUE
141,nOlRwoxsDJ0_00238,0,0,175,TRUE
142,nOlRwoxsDJ0_00239,0,0,205,FALSE
143,nOlRwoxsDJ0_00244,0,0,101,FALSE
144,nOlRwoxsDJ0_00245,0,0,185,FALSE
145,nOlRwoxsDJ0_00264,0,0,176,FALSE
146,nOlRwoxsDJ0_00265,0,0,200,FALSE
147,nOlRwoxsDJ0_00266,0,0,110,FALSE
148,nOlRwoxsDJ0_00267,0,0,190,FALSE
149,nOlRwoxsDJ0_00270,0,0,158,TRUE
150,nOlRwoxsDJ0_00271,0,0,213,FALSE
151,nOlRwoxsDJ0_00276,0,0,139,TRUE
152,nOlRwoxsDJ0_00277,0,0,219,FALSE
153,nOlRwoxsDJ0_00352,0,0,320,FALSE
154,nOlRwoxsDJ0_00353,0,0,205,FALSE
155,nOlRwoxsDJ0_00488,0,0,149,FALSE
156,nOlRwoxsDJ0_00580,0,0,211,FALSE
157,nOlRwoxsDJ0_00581,0,0,253,FALSE
158,nOlRwoxsDJ0_00603,0,0,162,TRUE
159,nOlRwoxsDJ0_00604,0,0,282,FALSE
160,nOlRwoxsDJ0_00605,0,0,130,FALSE
161,nOlRwoxsDJ0_00606,0,0,218,FALSE
162,nOlRwoxsDJ0_00627,0,0,219,FALSE
163,nOlRwoxsDJ0_00628,0,0,303,FALSE
164,nOlRwoxsDJ0_00645,0,0,186,FALSE
165,nOlRwoxsDJ0_00646,0,0,303,FALSE
166,nOlRwoxsDJ0_00647,0,0,146,TRUE
167,nOlRwoxsDJ0_00648,0,0,255,FALSE
168,ozbr742-Trc_00000,0,0,242,FALSE
169,siEI_jaSmd4_00015,0,0,124,TRUE
170,siEI_jaSmd4_00047,0,0,102,TRUE
171,siEI_jaSmd4_00049,0,0,41,TRUE
172,siEI_jaSmd4_00050,0,0,70,TRUE
173,siEI_jaSmd4_00051,0,0,136,TRUE
174,siEI_jaSmd4_00101,0,0,66,TRUE
175,sk8TafuB3lU_00320,0,0,151,TRUE
176,sk8TafuB3lU_00321,0,0,254,FALSE
177,sk8TafuB3lU_00807,0,0,252,FALSE
178,sk8TafuB3lU_00809,0,0,282,FALSE
179,sk8TafuB3lU_00812,0,0,232,FALSE
180,sk8TafuB3lU_00813,0,0,277,FALSE
181,sk8TafuB3lU_00814,0,0,281,FALSE
182,sk8TafuB3lU_00866,0,0,172,FALSE
183,sk8TafuB3lU_00867,0,0,266,FALSE
184,sk8TafuB3lU_00868,0,0,264,FALSE
185,sk8TafuB3lU_00889,0,0,267,FALSE
186,sk8TafuB3lU_00890,0,0,227,FALSE
187,sk8TafuB3lU_00894,0,0,207,FALSE
188,sk8TafuB3lU_00895,0,0,268,FALSE
189,sk8TafuB3lU_00896,0,0,305,FALSE
190,sk8TafuB3lU_00897,0,0,198,FALSE
191,sk8TafuB3lU_00898,0,0,303,FALSE
192,sk8TafuB3lU_00899,0,0,276,FALSE
193,sk8TafuB3lU_00900,0,0,163,FALSE
194,sk8TafuB3lU_00901,0,0,282,FALSE
195,sk8TafuB3lU_00902,0,0,264,FALSE
196,sk8TafuB3lU_00914,0,0,349,FALSE
197,sk8TafuB3lU_00915,0,0,228,FALSE
198,sk8TafuB3lU_00916,0,0,254,FALSE
199,sk8TafuB3lU_00917,0,0,136,FALSE
200,sk8TafuB3lU_00918,0,0,233,FALSE
201,sk8TafuB3lU_00921,0,0,163,TRUE
202,sk8TafuB3lU_00922,0,0,274,FALSE
203,sk8TafuB3lU_00923,0,0,272,FALSE
204,uDESPUxbjnI_00000,0,0,51,TRUE
205,uDESPUxbjnI_00001,0,0,100,FALSE
206,uDESPUxbjnI_00002,0,0,143,TRUE
207,uDESPUxbjnI_00121,0,0,161,TRUE
208,uDESPUxbjnI_00122,0,0,118,FALSE
209,uDESPUxbjnI_00123,0,0,154,TRUE
210,zYHstCxnAPA_00102,0,0,103,TRUE
211,zYHstCxnAPA_00103,0,0,222,FALSE
212,zYHstCxnAPA_00144,0,0,290,FALSE
213,zYHstCxnAPA_00145,0,0,247,FALSE
214,zYHstCxnAPA_00164,0,0,229,FALSE
215,zYHstCxnAPA_00165,0,0,254,FALSE
216,zYHstCxnAPA_00174,0,0,200,FALSE
217,zYHstCxnAPA_00175,0,0,216,FALSE
218,zYHstCxnAPA_00488,0,0,113,FALSE
219,zYHstCxnAPA_00489,0,0,274,FALSE
220,zYHstCxnAPA_00568,0,0,180,FALSE
221,zYHstCxnAPA_00569,0,0,230,FALSE
222,3qq031609lA_00032,1,0,121,TRUE
223,3qq031609lA_00036,1,0,63,TRUE
224,5i1begTTucc_00077,1,0,93,TRUE
225,5i1begTTucc_00078,1,0,84,TRUE
226,9jZYYtzYqwE_00089,1,0,146,TRUE
227,9jZYYtzYqwE_00090,1,0,188,FALSE
228,D8YKHC5hmUs_00194,1,0,82,FALSE
229,D8YKHC5hmUs_00195,1,0,139,TRUE
230,D8YKHC5hmUs_00252,1,0,160,TRUE
231,D8YKHC5hmUs_00253,1,0,128,TRUE
232,DB4lpBDPnTY_00043,1,0,119,TRUE
233,DB4lpBDPnTY_00044,1,0,208,FALSE
234,JzOshOJgofw_00139,1,0,99,TRUE
235,JzOshOJgofw_00140,1,0,144,TRUE
236,JzOshOJgofw_00294,1,0,88,FALSE
237,JzOshOJgofw_00295,1,0,91,TRUE
238,OFxuiqI5G44_00375,1,0,184,FALSE
239,OFxuiqI5G44_00376,1,0,235,FALSE
240,OFxuiqI5G44_00377,1,0,257,FALSE
241,OFxuiqI5G44_00402,1,0,154,TRUE
242,OFxuiqI5G44_00403,1,0,235,FALSE
243,OFxuiqI5G44_00404,1,0,240,FALSE
244,S9aCrmtAV8o_00079,1,0,224,FALSE
245,S9aCrmtAV8o_00080,1,0,255,FALSE
246,S9aCrmtAV8o_00081,1,0,134,TRUE
247,S9aCrmtAV8o_00082,1,0,237,FALSE
248,S9aCrmtAV8o_00083,1,0,310,FALSE
249,S9aCrmtAV8o_00084,1,0,247,FALSE
250,S9aCrmtAV8o_00089,1,0,214,FALSE
251,S9aCrmtAV8o_00090,1,0,256,FALSE
252,VNvb5oLOpLg_00557,1,0,134,TRUE
253,VNvb5oLOpLg_00558,1,0,181,FALSE
254,VNvb5oLOpLg_00830,1,0,186,FALSE
255,VNvb5oLOpLg_00831,1,0,207,FALSE
256,VNvb5oLOpLg_00832,1,0,205,FALSE
257,VNvb5oLOpLg_01032,1,0,108,TRUE
258,VNvb5oLOpLg_01033,1,0,221,FALSE
259,VNvb5oLOpLg_01034,1,0,224,FALSE
260,VNvb5oLOpLg_01121,1,0,212,FALSE
261,VNvb5oLOpLg_01122,1,0,261,FALSE
262,VNvb5oLOpLg_01123,1,0,274,FALSE
263,Y7QZcr24ye0_00235,1,0,116,TRUE
264,Y7QZcr24ye0_00236,1,0,202,FALSE
265,Y7QZcr24ye0_00817,1,0,239,FALSE
266,Y7QZcr24ye0_00920,1,0,178,FALSE
267,Y7QZcr24ye0_00921,1,0,283,FALSE
268,Y7QZcr24ye0_00922,1,0,260,FALSE
269,ZAmJsIcfFOA_00360,1,0,263,FALSE
270,Z_uFnDg-a4I_00080,1,0,243,FALSE
271,_tigfCJFLZg_00367,1,0,139,TRUE
272,fohMq9tOn6E_00081,1,0,104,TRUE
273,iv0Gu1VXAgc_00130,1,0,75,TRUE
274,iv0Gu1VXAgc_00131,1,0,86,TRUE
275,iv0Gu1VXAgc_00132,1,0,156,TRUE
276,nOlRwoxsDJ0_00362,1,0,283,FALSE
277,nOlRwoxsDJ0_00363,1,0,297,FALSE
278,nOlRwoxsDJ0_00423,1,0,413,FALSE
279,nOlRwoxsDJ0_00424,1,0,243,FALSE
280,nOlRwoxsDJ0_00434,1,0,111,FALSE
281,nOlRwoxsDJ0_00435,1,0,199,FALSE
282,nOlRwoxsDJ0_00454,1,0,389,FALSE
283,nOlRwoxsDJ0_00455,1,0,224,FALSE
284,nOlRwoxsDJ0_00633,1,0,217,FALSE
285,nOlRwoxsDJ0_00634,1,0,252,FALSE
286,siEI_jaSmd4_00108,1,0,53,TRUE
287,sk8TafuB3lU_00226,1,0,229,FALSE
288,sk8TafuB3lU_00266,1,0,136,FALSE
289,sk8TafuB3lU_00274,1,0,162,FALSE
290,sk8TafuB3lU_00275,1,0,220,FALSE
291,sk8TafuB3lU_00282,1,0,115,TRUE
292,sk8TafuB3lU_00283,1,0,246,FALSE
293,sk8TafuB3lU_00294,1,0,210,FALSE
294,sk8TafuB3lU_00300,1,0,158,FALSE
295,sk8TafuB3lU_00301,1,0,227,FALSE
296,sk8TafuB3lU_00302,1,0,139,TRUE
297,sk8TafuB3lU_00303,1,0,203,FALSE
298,sk8TafuB3lU_00305,1,0,250,FALSE
299,sk8TafuB3lU_00318,1,0,170,TRUE
300,sk8TafuB3lU_00319,1,0,208,FALSE
301,sk8TafuB3lU_00326,1,0,622,FALSE
302,sk8TafuB3lU_00327,1,0,282,FALSE
303,sk8TafuB3lU_00328,1,0,488,FALSE
304,sk8TafuB3lU_00329,1,0,224,FALSE
305,sk8TafuB3lU_00632,1,0,107,TRUE
306,sk8TafuB3lU_00634,1,0,209,FALSE
307,sk8TafuB3lU_00644,1,0,130,TRUE
308,sk8TafuB3lU_00645,1,0,223,FALSE
309,sk8TafuB3lU_00948,1,0,124,TRUE
310,sk8TafuB3lU_00949,1,0,206,FALSE
311,sk8TafuB3lU_00962,1,0,116,FALSE
312,sk8TafuB3lU_00964,1,0,215,FALSE
313,sk8TafuB3lU_01003,1,0,237,FALSE
314,uDESPUxbjnI_00097,1,0,222,FALSE
315,uDESPUxbjnI_00098,1,0,131,TRUE
316,uDESPUxbjnI_00099,1,0,171,TRUE
317,xbQCwTHcGN8_00017,1,0,155,TRUE
318,zYHstCxnAPA_00198,1,0,362,FALSE
319,zYHstCxnAPA_00199,1,0,237,FALSE
320,zYHstCxnAPA_00362,1,0,119,TRUE
321,zYHstCxnAPA_00363,1,0,218,FALSE
322,zYHstCxnAPA_00366,1,0,143,FALSE
323,zYHstCxnAPA_00367,1,0,218,FALSE
324,zYHstCxnAPA_00372,1,0,232,FALSE
325,zYHstCxnAPA_00373,1,0,211,FALSE
326,zYHstCxnAPA_00379,1,0,102,TRUE
327,zYHstCxnAPA_00380,1,0,202,FALSE
328,zYHstCxnAPA_00791,1,0,230,FALSE
329,zYHstCxnAPA_00809,1,0,223,FALSE
330,zYHstCxnAPA_00810,1,0,314,FALSE
331,3N1kUtqJ25A_00121,2,0,318,FALSE
332,3N1kUtqJ25A_00122,2,0,200,FALSE
333,3N1kUtqJ25A_00123,2,0,173,TRUE
334,5i1begTTucc_00067,2,0,111,FALSE
335,5i1begTTucc_00068,2,0,91,TRUE
336,5i1begTTucc_00071,2,0,177,TRUE
337,5i1begTTucc_00072,2,0,138,TRUE
338,9BC6ssCjyfg_00249,2,0,77,TRUE
339,9BC6ssCjyfg_00250,2,0,359,FALSE
340,D8YKHC5hmUs_00248,2,0,93,TRUE
341,D8YKHC5hmUs_00249,2,0,109,TRUE
342,JzOshOJgofw_00292,2,0,114,FALSE
343,JzOshOJgofw_00293,2,0,127,FALSE
344,OFxuiqI5G44_00182,2,0,145,TRUE
345,OFxuiqI5G44_00183,2,0,259,FALSE
346,OFxuiqI5G44_00184,2,0,283,FALSE
347,OVzt2rsfMc0_00426,2,0,115,TRUE
348,VNvb5oLOpLg_00563,2,0,154,FALSE
349,VNvb5oLOpLg_00564,2,0,195,FALSE
350,VNvb5oLOpLg_00569,2,0,161,TRUE
351,VNvb5oLOpLg_00570,2,0,245,FALSE
352,VNvb5oLOpLg_01100,2,0,190,FALSE
353,VNvb5oLOpLg_01101,2,0,321,FALSE
354,VNvb5oLOpLg_01102,2,0,293,FALSE
355,ZAmJsIcfFOA_00327,2,0,108,TRUE
356,ZAmJsIcfFOA_00328,2,0,207,FALSE
357,ZAmJsIcfFOA_00329,2,0,141,TRUE
358,c7FHotPDZIw_00097,2,0,171,TRUE
359,c7FHotPDZIw_00098,2,0,149,TRUE
360,iv0Gu1VXAgc_00006,2,0,61,TRUE
361,iv0Gu1VXAgc_00007,2,0,151,FALSE
362,iv0Gu1VXAgc_00008,2,0,80,FALSE
363,k1F4LHeYhBs_00074,2,0,162,FALSE
364,k1F4LHeYhBs_00075,2,0,251,FALSE
365,k1F4LHeYhBs_00076,2,0,261,FALSE
366,k1F4LHeYhBs_00222,2,0,227,FALSE
367,k1F4LHeYhBs_00223,2,0,308,FALSE
368,k1F4LHeYhBs_00224,2,0,253,FALSE
369,k1F4LHeYhBs_00252,2,0,216,FALSE
370,k1F4LHeYhBs_00253,2,0,276,FALSE
371,k1F4LHeYhBs_00254,2,0,215,FALSE
372,nOlRwoxsDJ0_00306,2,0,166,FALSE
373,nOlRwoxsDJ0_00307,2,0,252,FALSE
374,nOlRwoxsDJ0_00404,2,0,205,FALSE
375,nOlRwoxsDJ0_00405,2,0,257,FALSE
376,siEI_jaSmd4_00097,2,0,61,FALSE
377,sk8TafuB3lU_01145,2,0,300,FALSE
378,sk8TafuB3lU_01146,2,0,263,FALSE
379,sk8TafuB3lU_01147,2,0,279,FALSE
380,#NAME?,3,0,37,FALSE
381,#NAME?,3,0,50,FALSE
382,#NAME?,3,0,96,TRUE
383,#NAME?,3,0,34,FALSE
384,#NAME?,3,0,88,FALSE
385,#NAME?,3,0,84,TRUE
386,#NAME?,3,0,171,TRUE
387,#NAME?,3,0,25,FALSE
388,#NAME?,3,0,95,FALSE
389,#NAME?,3,0,57,TRUE
390,#NAME?,3,0,69,TRUE
391,#NAME?,3,0,74,FALSE
392,#NAME?,3,0,66,FALSE
393,#NAME?,3,0,68,TRUE
394,#NAME?,3,0,108,TRUE
395,#NAME?,3,0,57,FALSE
396,#NAME?,3,0,105,FALSE
397,#NAME?,3,0,106,FALSE
398,#NAME?,3,0,77,TRUE
399,#NAME?,3,0,54,FALSE
400,#NAME?,3,0,47,FALSE
401,#NAME?,3,0,95,TRUE
402,#NAME?,3,0,284,FALSE
403,#NAME?,3,0,104,TRUE
404,#NAME?,3,0,83,FALSE
405,#NAME?,3,0,50,TRUE
406,#NAME?,3,0,59,FALSE
407,#NAME?,3,0,82,TRUE
408,#NAME?,3,0,39,FALSE
409,#NAME?,3,0,48,FALSE
410,#NAME?,3,0,92,TRUE
411,#NAME?,3,0,78,TRUE
412,#NAME?,3,0,283,FALSE
413,#NAME?,3,0,185,FALSE
414,D8YKHC5hmUs_00178,3,0,124,TRUE
415,D8YKHC5hmUs_00179,3,0,95,TRUE
416,D8YKHC5hmUs_00263,3,0,210,FALSE
417,D8YKHC5hmUs_00264,3,0,231,FALSE
418,DB4lpBDPnTY_00030,3,0,140,TRUE
419,OFxuiqI5G44_00008,3,0,115,FALSE
420,OFxuiqI5G44_00009,3,0,200,FALSE
421,S9aCrmtAV8o_00010,3,0,241,FALSE
422,S9aCrmtAV8o_00011,3,0,259,FALSE
423,S9aCrmtAV8o_00023,3,0,108,FALSE
424,S9aCrmtAV8o_00024,3,0,212,FALSE
425,S9aCrmtAV8o_00031,3,0,391,FALSE
426,S9aCrmtAV8o_00032,3,0,250,FALSE
427,S9aCrmtAV8o_00035,3,0,166,TRUE
428,S9aCrmtAV8o_00037,3,0,197,FALSE
429,S9aCrmtAV8o_00042,3,0,229,FALSE
430,S9aCrmtAV8o_00043,3,0,236,FALSE
431,S9aCrmtAV8o_00045,3,0,94,FALSE
432,S9aCrmtAV8o_00046,3,0,171,TRUE
433,S9aCrmtAV8o_00055,3,0,91,TRUE
434,S9aCrmtAV8o_00056,3,0,181,FALSE
435,VNvb5oLOpLg_01050,3,0,128,TRUE
436,VNvb5oLOpLg_01051,3,0,217,FALSE
437,VNvb5oLOpLg_01052,3,0,205,FALSE
438,Y7QZcr24ye0_00139,3,0,105,FALSE
439,Y7QZcr24ye0_00140,3,0,198,FALSE
440,Y7QZcr24ye0_00332,3,0,237,FALSE
441,Y7QZcr24ye0_00333,3,0,201,FALSE
442,Y7QZcr24ye0_00344,3,0,147,TRUE
443,Y7QZcr24ye0_00348,3,0,158,FALSE
444,Y7QZcr24ye0_00349,3,0,198,FALSE
445,Y7QZcr24ye0_00360,3,0,93,FALSE
446,Y7QZcr24ye0_00361,3,0,177,FALSE
447,Y7QZcr24ye0_00366,3,0,121,TRUE
448,Y7QZcr24ye0_00367,3,0,193,FALSE
449,Y7QZcr24ye0_00377,3,0,175,FALSE
450,Y7QZcr24ye0_00378,3,0,197,FALSE
451,Y7QZcr24ye0_00389,3,0,253,FALSE
452,Y7QZcr24ye0_00390,3,0,173,FALSE
453,Y7QZcr24ye0_00393,3,0,117,TRUE
454,Y7QZcr24ye0_00395,3,0,132,FALSE
455,Y7QZcr24ye0_00396,3,0,199,FALSE
456,Y7QZcr24ye0_00397,3,0,198,FALSE
457,Y7QZcr24ye0_00398,3,0,182,FALSE
458,Y7QZcr24ye0_00423,3,0,98,FALSE
459,Y7QZcr24ye0_00424,3,0,173,TRUE
460,Y7QZcr24ye0_00425,3,0,395,FALSE
461,Y7QZcr24ye0_00432,3,0,236,FALSE
462,Y7QZcr24ye0_00437,3,0,140,FALSE
463,Y7QZcr24ye0_00438,3,0,220,FALSE
464,Y7QZcr24ye0_00454,3,0,120,TRUE
465,Y7QZcr24ye0_00455,3,0,192,FALSE
466,Y7QZcr24ye0_00456,3,0,343,FALSE
467,Y7QZcr24ye0_00457,3,0,217,FALSE
468,Y7QZcr24ye0_00458,3,0,97,TRUE
469,Y7QZcr24ye0_00459,3,0,198,FALSE
470,Y7QZcr24ye0_00474,3,0,134,FALSE
471,Y7QZcr24ye0_00475,3,0,190,FALSE
472,Y7QZcr24ye0_00476,3,0,106,FALSE
473,Y7QZcr24ye0_00477,3,0,183,FALSE
474,Y7QZcr24ye0_00480,3,0,168,FALSE
475,Y7QZcr24ye0_00481,3,0,258,FALSE
476,Y7QZcr24ye0_00482,3,0,84,TRUE
477,Y7QZcr24ye0_00483,3,0,135,TRUE
478,Y7QZcr24ye0_00484,3,0,135,FALSE
479,Y7QZcr24ye0_00485,3,0,239,FALSE
480,Y7QZcr24ye0_00486,3,0,122,TRUE
481,Y7QZcr24ye0_00487,3,0,187,FALSE
482,Y7QZcr24ye0_00488,3,0,96,TRUE
483,Y7QZcr24ye0_00489,3,0,185,FALSE
484,Y7QZcr24ye0_00494,3,0,145,FALSE
485,Y7QZcr24ye0_00495,3,0,206,FALSE
486,Y7QZcr24ye0_00496,3,0,98,TRUE
487,Y7QZcr24ye0_00497,3,0,180,FALSE
488,Y7QZcr24ye0_00512,3,0,133,TRUE
489,Y7QZcr24ye0_00513,3,0,202,FALSE
490,Y7QZcr24ye0_00516,3,0,205,FALSE
491,Y7QZcr24ye0_00517,3,0,226,FALSE
492,Y7QZcr24ye0_00557,3,0,330,FALSE
493,Y7QZcr24ye0_00558,3,0,249,FALSE
494,ZAmJsIcfFOA_00307,3,0,124,TRUE
495,_8Vy3dlHg2w_00015,3,0,58,TRUE
496,_8Vy3dlHg2w_00016,3,0,57,TRUE
497,_8Vy3dlHg2w_00127,3,0,133,TRUE
498,_8Vy3dlHg2w_00128,3,0,130,TRUE
499,_8Vy3dlHg2w_00129,3,0,147,TRUE
500,db7DmpqzGmc_00107,3,0,55,FALSE
501,eN8umEok9U8_00163,3,0,106,TRUE
502,eN8umEok9U8_00164,3,0,167,TRUE
503,fohMq9tOn6E_00049,3,0,79,TRUE
504,fohMq9tOn6E_00050,3,0,129,TRUE
505,fohMq9tOn6E_00097,3,0,113,FALSE
506,fohMq9tOn6E_00098,3,0,105,TRUE
507,j4gvbjifw14_00036,3,0,45,FALSE
508,j4gvbjifw14_00037,3,0,64,TRUE
509,j4gvbjifw14_00038,3,0,131,FALSE
510,j4gvbjifw14_00039,3,0,106,FALSE
511,j4gvbjifw14_00040,3,0,82,FALSE
512,j4gvbjifw14_00041,3,0,144,TRUE
513,j4gvbjifw14_00042,3,0,94,FALSE
514,j4gvbjifw14_00043,3,0,58,FALSE
515,j4gvbjifw14_00044,3,0,178,TRUE
516,j4gvbjifw14_00045,3,0,85,FALSE
517,j4gvbjifw14_00046,3,0,61,FALSE
518,j4gvbjifw14_00047,3,0,155,FALSE
519,j4gvbjifw14_00048,3,0,67,FALSE
520,j4gvbjifw14_00049,3,0,149,TRUE
521,j4gvbjifw14_00050,3,0,154,TRUE
522,j4gvbjifw14_00051,3,0,93,FALSE
523,j4gvbjifw14_00058,3,0,70,TRUE
524,j4gvbjifw14_00059,3,0,138,FALSE
525,j4gvbjifw14_00060,3,0,49,FALSE
526,j4gvbjifw14_00076,3,0,76,TRUE
527,j4gvbjifw14_00078,3,0,113,TRUE
528,j4gvbjifw14_00079,3,0,132,FALSE
529,j4gvbjifw14_00081,3,0,95,TRUE
530,j4gvbjifw14_00082,3,0,150,FALSE
531,j4gvbjifw14_00083,3,0,71,FALSE
532,j4gvbjifw14_00128,3,0,84,TRUE
533,j4gvbjifw14_00129,3,0,113,FALSE
534,j4gvbjifw14_00130,3,0,98,FALSE
535,j4gvbjifw14_00131,3,0,79,TRUE
536,j4gvbjifw14_00132,3,0,133,TRUE
537,j4gvbjifw14_00133,3,0,54,FALSE
538,j4gvbjifw14_00134,3,0,41,FALSE
539,j4gvbjifw14_00135,3,0,163,TRUE
540,j4gvbjifw14_00136,3,0,86,FALSE
541,j4gvbjifw14_00137,3,0,56,TRUE
542,j4gvbjifw14_00138,3,0,42,FALSE
543,j4gvbjifw14_00139,3,0,147,FALSE
544,j4gvbjifw14_00140,3,0,59,FALSE
545,j4gvbjifw14_00141,3,0,48,FALSE
546,j4gvbjifw14_00142,3,0,134,FALSE
547,j4gvbjifw14_00143,3,0,96,FALSE
548,j4gvbjifw14_00150,3,0,191,FALSE
549,j4gvbjifw14_00151,3,0,143,TRUE
550,j4gvbjifw14_00152,3,0,70,FALSE
551,mGbuP7nT2ck_00149,3,0,198,FALSE
552,mGbuP7nT2ck_00150,3,0,98,TRUE
553,mGbuP7nT2ck_00151,3,0,64,TRUE
554,mGbuP7nT2ck_00152,3,0,115,TRUE
555,mGbuP7nT2ck_00165,3,0,268,FALSE
556,mGbuP7nT2ck_00166,3,0,151,FALSE
557,mGbuP7nT2ck_00169,3,0,41,TRUE
558,mGbuP7nT2ck_00170,3,0,109,TRUE
559,mGbuP7nT2ck_00171,3,0,53,TRUE
560,mGbuP7nT2ck_00172,3,0,116,TRUE
561,mGbuP7nT2ck_00177,3,0,91,TRUE
562,mGbuP7nT2ck_00178,3,0,143,FALSE
563,mGbuP7nT2ck_00185,3,0,59,TRUE
564,mGbuP7nT2ck_00186,3,0,133,TRUE
565,sk8TafuB3lU_00264,3,0,112,TRUE
566,sk8TafuB3lU_00265,3,0,194,FALSE
567,sk8TafuB3lU_00373,3,0,123,TRUE
568,sk8TafuB3lU_00374,3,0,235,FALSE
569,sk8TafuB3lU_00397,3,0,106,TRUE
570,sk8TafuB3lU_00427,3,0,175,TRUE
571,sk8TafuB3lU_00428,3,0,238,FALSE
572,sk8TafuB3lU_00437,3,0,233,FALSE
573,sk8TafuB3lU_00438,3,0,249,FALSE
574,sk8TafuB3lU_00441,3,0,139,TRUE
575,sk8TafuB3lU_00442,3,0,210,FALSE
576,sk8TafuB3lU_00471,3,0,183,FALSE
577,sk8TafuB3lU_00472,3,0,287,FALSE
578,sk8TafuB3lU_00473,3,0,109,FALSE
579,sk8TafuB3lU_00474,3,0,198,FALSE
580,sk8TafuB3lU_00475,3,0,234,FALSE
581,sk8TafuB3lU_00476,3,0,259,FALSE
582,sk8TafuB3lU_00491,3,0,130,TRUE
583,sk8TafuB3lU_00492,3,0,174,TRUE
584,sk8TafuB3lU_00497,3,0,117,TRUE
585,sk8TafuB3lU_00498,3,0,215,FALSE
586,sk8TafuB3lU_00503,3,0,151,FALSE
587,sk8TafuB3lU_00504,3,0,205,FALSE
588,sk8TafuB3lU_00509,3,0,95,FALSE
589,sk8TafuB3lU_00510,3,0,252,FALSE
590,sk8TafuB3lU_00515,3,0,272,FALSE
591,sk8TafuB3lU_00516,3,0,213,FALSE
592,sk8TafuB3lU_00517,3,0,302,FALSE
593,sk8TafuB3lU_00518,3,0,321,FALSE
594,sk8TafuB3lU_00533,3,0,104,FALSE
595,sk8TafuB3lU_00534,3,0,173,TRUE
596,sk8TafuB3lU_00585,3,0,146,TRUE
597,sk8TafuB3lU_00586,3,0,238,FALSE
598,sk8TafuB3lU_00638,3,0,113,FALSE
599,sk8TafuB3lU_00639,3,0,208,FALSE
600,sk8TafuB3lU_00682,3,0,219,FALSE
601,zYHstCxnAPA_00090,3,0,165,TRUE
602,zYHstCxnAPA_00091,3,0,286,FALSE
603,zYHstCxnAPA_00220,3,0,142,TRUE
604,zYHstCxnAPA_00221,3,0,187,FALSE
605,zYHstCxnAPA_00232,3,0,433,FALSE
606,zYHstCxnAPA_00233,3,0,199,FALSE
607,zYHstCxnAPA_00236,3,0,162,TRUE
608,zYHstCxnAPA_00237,3,0,243,FALSE
609,zYHstCxnAPA_00238,3,0,308,FALSE
610,zYHstCxnAPA_00239,3,0,246,FALSE
611,zYHstCxnAPA_00248,3,0,118,TRUE
612,zYHstCxnAPA_00249,3,0,180,FALSE
613,zYHstCxnAPA_00250,3,0,244,FALSE
614,zYHstCxnAPA_00251,3,0,262,FALSE
615,zYHstCxnAPA_00262,3,0,339,FALSE
616,zYHstCxnAPA_00263,3,0,222,FALSE
617,zYHstCxnAPA_00264,3,0,199,FALSE
618,zYHstCxnAPA_00265,3,0,251,FALSE
619,zYHstCxnAPA_00266,3,0,123,TRUE
620,zYHstCxnAPA_00267,3,0,207,FALSE
621,zYHstCxnAPA_00268,3,0,230,FALSE
622,zYHstCxnAPA_00269,3,0,253,FALSE
623,zYHstCxnAPA_00270,3,0,173,TRUE
624,zYHstCxnAPA_00271,3,0,248,FALSE
625,zYHstCxnAPA_00284,3,0,100,FALSE
626,zYHstCxnAPA_00285,3,0,195,FALSE
627,zYHstCxnAPA_00286,3,0,199,FALSE
628,zYHstCxnAPA_00287,3,0,227,FALSE
629,zYHstCxnAPA_00306,3,0,248,FALSE
630,zYHstCxnAPA_00307,3,0,293,FALSE
631,zYHstCxnAPA_00308,3,0,109,TRUE
632,zYHstCxnAPA_00310,3,0,787,FALSE
633,zYHstCxnAPA_00311,3,0,293,FALSE
634,zYHstCxnAPA_00330,3,0,161,TRUE
635,zYHstCxnAPA_00331,3,0,210,FALSE
636,zYHstCxnAPA_00334,3,0,116,TRUE
637,zYHstCxnAPA_00677,3,0,118,TRUE
638,zYHstCxnAPA_00678,3,0,247,FALSE
639,D8YKHC5hmUs_00182,4,0,93,TRUE
640,D8YKHC5hmUs_00183,4,0,123,TRUE
641,D8YKHC5hmUs_00201,4,0,58,TRUE
642,D8YKHC5hmUs_00202,4,0,106,TRUE
643,D8YKHC5hmUs_00213,4,0,110,TRUE
644,D8YKHC5hmUs_00214,4,0,134,TRUE
645,D8YKHC5hmUs_00217,4,0,73,TRUE
646,D8YKHC5hmUs_00218,4,0,149,TRUE
647,D8YKHC5hmUs_00229,4,0,54,TRUE
648,D8YKHC5hmUs_00230,4,0,89,TRUE
649,D8YKHC5hmUs_00244,4,0,148,TRUE
650,D8YKHC5hmUs_00245,4,0,98,TRUE
651,eN8umEok9U8_00122,4,0,60,TRUE
652,eN8umEok9U8_00123,4,0,88,TRUE
653,eN8umEok9U8_00165,4,0,133,TRUE
654,eN8umEok9U8_00166,4,0,80,TRUE
655,eN8umEok9U8_00200,4,0,195,FALSE
656,eN8umEok9U8_00201,4,0,127,TRUE
657,fohMq9tOn6E_00055,4,0,322,FALSE
658,fohMq9tOn6E_00056,4,0,163,TRUE
659,fohMq9tOn6E_00074,4,0,76,TRUE
660,fohMq9tOn6E_00075,4,0,63,TRUE
661,fohMq9tOn6E_00107,4,0,52,TRUE
662,fohMq9tOn6E_00108,4,0,77,TRUE
663,fohMq9tOn6E_00128,4,0,113,TRUE
664,fohMq9tOn6E_00129,4,0,95,TRUE
665,nOlRwoxsDJ0_00056,4,0,165,FALSE
666,nOlRwoxsDJ0_00057,4,0,210,FALSE
667,siEI_jaSmd4_00100,4,0,138,TRUE
668,siEI_jaSmd4_00109,4,0,78,TRUE
669,siEI_jaSmd4_00110,4,0,54,TRUE
670,sk8TafuB3lU_00185,4,0,134,TRUE
671,sk8TafuB3lU_00186,4,0,236,FALSE
672,3N1kUtqJ25A_00241,5,0,107,FALSE
673,3N1kUtqJ25A_00242,5,0,230,FALSE
674,3N1kUtqJ25A_00243,5,0,210,FALSE
675,3N1kUtqJ25A_00244,5,0,125,FALSE
676,3N1kUtqJ25A_00245,5,0,273,FALSE
677,3N1kUtqJ25A_00246,5,0,248,FALSE
678,3N1kUtqJ25A_00247,5,0,123,FALSE
679,3N1kUtqJ25A_00248,5,0,500,FALSE
680,3N1kUtqJ25A_00249,5,0,206,FALSE
681,3N1kUtqJ25A_00253,5,0,252,FALSE
682,3N1kUtqJ25A_00254,5,0,320,FALSE
683,3N1kUtqJ25A_00255,5,0,400,FALSE
684,3N1kUtqJ25A_00256,5,0,210,FALSE
685,3N1kUtqJ25A_00257,5,0,298,FALSE
686,3N1kUtqJ25A_00258,5,0,288,FALSE
687,3N1kUtqJ25A_00259,5,0,118,FALSE
688,3N1kUtqJ25A_00260,5,0,246,FALSE
689,3N1kUtqJ25A_00261,5,0,242,FALSE
690,3N1kUtqJ25A_00262,5,0,155,TRUE
691,3N1kUtqJ25A_00263,5,0,276,FALSE
692,3N1kUtqJ25A_00264,5,0,283,FALSE
693,3PLiUG_DuC8_00070,5,0,112,FALSE
694,3PLiUG_DuC8_00072,5,0,201,FALSE
695,3PLiUG_DuC8_00122,5,0,146,TRUE
696,3PLiUG_DuC8_00227,5,0,63,FALSE
697,3PLiUG_DuC8_00228,5,0,201,FALSE
698,3PLiUG_DuC8_00370,5,0,95,TRUE
699,3PLiUG_DuC8_00371,5,0,181,FALSE
700,3PLiUG_DuC8_00372,5,0,97,FALSE
701,5V-dKBtmKLI_00030,5,0,53,FALSE
702,5V-dKBtmKLI_00031,5,0,186,FALSE
703,5V-dKBtmKLI_00036,5,0,59,TRUE
704,5V-dKBtmKLI_00037,5,0,92,FALSE
705,5V-dKBtmKLI_00127,5,0,67,TRUE
706,5V-dKBtmKLI_00128,5,0,201,FALSE
707,D6zILEKIJbk_00097,5,0,62,TRUE
708,D6zILEKIJbk_00098,5,0,152,FALSE
709,D6zILEKIJbk_00099,5,0,103,FALSE
710,D6zILEKIJbk_00122,5,0,148,TRUE
711,D6zILEKIJbk_00123,5,0,245,FALSE
712,D6zILEKIJbk_00124,5,0,248,FALSE
713,D6zILEKIJbk_00165,5,0,101,TRUE
714,D6zILEKIJbk_00166,5,0,215,FALSE
715,D6zILEKIJbk_00167,5,0,140,FALSE
716,D6zILEKIJbk_00213,5,0,167,TRUE
717,D6zILEKIJbk_00214,5,0,158,TRUE
718,D6zILEKIJbk_00215,5,0,175,FALSE
719,D6zILEKIJbk_00216,5,0,67,TRUE
720,D6zILEKIJbk_00217,5,0,171,TRUE
721,D6zILEKIJbk_00218,5,0,133,FALSE
722,D6zILEKIJbk_00223,5,0,103,FALSE
723,D6zILEKIJbk_00224,5,0,167,TRUE
724,D6zILEKIJbk_00225,5,0,108,FALSE
725,D6zILEKIJbk_00226,5,0,86,TRUE
726,D6zILEKIJbk_00227,5,0,200,FALSE
727,D6zILEKIJbk_00228,5,0,227,FALSE
728,D6zILEKIJbk_00229,5,0,82,TRUE
729,D6zILEKIJbk_00230,5,0,190,FALSE
730,D6zILEKIJbk_00231,5,0,125,FALSE
731,D6zILEKIJbk_00236,5,0,65,TRUE
732,D6zILEKIJbk_00237,5,0,135,TRUE
733,D6zILEKIJbk_00239,5,0,89,TRUE
734,D6zILEKIJbk_00240,5,0,153,TRUE
735,D6zILEKIJbk_00241,5,0,120,TRUE
736,D6zILEKIJbk_00242,5,0,86,TRUE
737,D6zILEKIJbk_00243,5,0,190,FALSE
738,D6zILEKIJbk_00244,5,0,127,TRUE
739,D6zILEKIJbk_00245,5,0,154,TRUE
740,D6zILEKIJbk_00246,5,0,145,TRUE
741,D6zILEKIJbk_00247,5,0,219,FALSE
742,D6zILEKIJbk_00248,5,0,77,TRUE
743,D6zILEKIJbk_00249,5,0,191,FALSE
744,D6zILEKIJbk_00250,5,0,266,FALSE
745,D6zILEKIJbk_00251,5,0,100,FALSE
746,D6zILEKIJbk_00252,5,0,215,FALSE
747,D6zILEKIJbk_00253,5,0,158,TRUE
748,D6zILEKIJbk_00254,5,0,75,TRUE
749,D6zILEKIJbk_00255,5,0,191,FALSE
750,D6zILEKIJbk_00256,5,0,181,FALSE
751,D6zILEKIJbk_00257,5,0,82,FALSE
752,D6zILEKIJbk_00258,5,0,167,TRUE
753,D6zILEKIJbk_00259,5,0,221,FALSE
754,LNMISxO35S0_00000,5,0,120,FALSE
755,LNMISxO35S0_00001,5,0,141,TRUE
756,LNMISxO35S0_00002,5,0,199,FALSE
757,LNMISxO35S0_00013,5,0,221,FALSE
758,LNMISxO35S0_00014,5,0,115,TRUE
759,LNMISxO35S0_00146,5,0,273,FALSE
760,LNMISxO35S0_00148,5,0,185,FALSE
761,LNMISxO35S0_00149,5,0,229,FALSE
762,LNMISxO35S0_00153,5,0,178,TRUE
763,LNMISxO35S0_00154,5,0,130,TRUE
764,LNMISxO35S0_00155,5,0,171,TRUE
765,LNMISxO35S0_00156,5,0,112,TRUE
766,LNMISxO35S0_00157,5,0,141,FALSE
767,LNMISxO35S0_00160,5,0,145,TRUE
768,LNMISxO35S0_00165,5,0,93,TRUE
769,LNMISxO35S0_00166,5,0,110,FALSE
770,LNMISxO35S0_00172,5,0,128,TRUE
771,LNMISxO35S0_00174,5,0,83,FALSE
772,LNMISxO35S0_00175,5,0,138,TRUE
773,LNMISxO35S0_00176,5,0,188,FALSE
774,LNMISxO35S0_00186,5,0,217,FALSE
775,LNMISxO35S0_00187,5,0,115,TRUE
776,LNMISxO35S0_00188,5,0,160,FALSE
777,OFxuiqI5G44_00135,5,0,151,TRUE
778,OFxuiqI5G44_00136,5,0,283,FALSE
779,OFxuiqI5G44_00137,5,0,296,FALSE
780,OFxuiqI5G44_00165,5,0,392,FALSE
781,OFxuiqI5G44_00166,5,0,278,FALSE
782,OFxuiqI5G44_00167,5,0,277,FALSE
783,OFxuiqI5G44_00173,5,0,113,FALSE
784,OFxuiqI5G44_00174,5,0,228,FALSE
785,OFxuiqI5G44_00175,5,0,215,FALSE
786,OFxuiqI5G44_00176,5,0,139,FALSE
787,OFxuiqI5G44_00177,5,0,263,FALSE
788,OFxuiqI5G44_00178,5,0,272,FALSE
789,OFxuiqI5G44_00179,5,0,321,FALSE
790,OFxuiqI5G44_00180,5,0,277,FALSE
791,OFxuiqI5G44_00181,5,0,281,FALSE
792,OFxuiqI5G44_00185,5,0,119,TRUE
793,OFxuiqI5G44_00186,5,0,238,FALSE
794,OFxuiqI5G44_00187,5,0,241,FALSE
795,OFxuiqI5G44_00188,5,0,119,FALSE
796,OFxuiqI5G44_00189,5,0,231,FALSE
797,OFxuiqI5G44_00190,5,0,246,FALSE
798,OFxuiqI5G44_00191,5,0,149,TRUE
799,OFxuiqI5G44_00192,5,0,255,FALSE
800,OFxuiqI5G44_00193,5,0,240,FALSE
801,OFxuiqI5G44_00194,5,0,166,FALSE
802,OFxuiqI5G44_00195,5,0,281,FALSE
803,OFxuiqI5G44_00196,5,0,263,FALSE
804,Q--70-ELqLw_00012,5,0,204,FALSE
805,Q--70-ELqLw_00013,5,0,300,FALSE
806,Q--70-ELqLw_00070,5,0,77,TRUE
807,Q--70-ELqLw_00071,5,0,168,TRUE
808,Q--70-ELqLw_00072,5,0,235,FALSE
809,Q--70-ELqLw_00073,5,0,75,FALSE
810,Q--70-ELqLw_00074,5,0,291,FALSE
811,Q--70-ELqLw_00075,5,0,67,TRUE
812,Q--70-ELqLw_00076,5,0,147,TRUE
813,Q--70-ELqLw_00077,5,0,149,TRUE
814,Q--70-ELqLw_00078,5,0,63,FALSE
815,Q--70-ELqLw_00079,5,0,147,FALSE
816,Q--70-ELqLw_00164,5,0,82,TRUE
817,Q--70-ELqLw_00165,5,0,115,TRUE
818,Q--70-ELqLw_00166,5,0,168,FALSE
819,Q--70-ELqLw_00167,5,0,74,TRUE
820,Q--70-ELqLw_00168,5,0,171,TRUE
821,Q--70-ELqLw_00234,5,0,55,TRUE
822,Q--70-ELqLw_00235,5,0,252,FALSE
823,Q--70-ELqLw_00236,5,0,174,TRUE
824,Q--70-ELqLw_00237,5,0,55,TRUE
825,Q--70-ELqLw_00238,5,0,97,TRUE
826,Q--70-ELqLw_00239,5,0,165,TRUE
827,Q--70-ELqLw_00240,5,0,55,FALSE
828,Q--70-ELqLw_00241,5,0,149,TRUE
829,RWNrARSbRCY_00003,5,0,62,TRUE
830,RWNrARSbRCY_00004,5,0,127,TRUE
831,RWNrARSbRCY_00005,5,0,171,TRUE
832,RWNrARSbRCY_00074,5,0,192,FALSE
833,RWNrARSbRCY_00075,5,0,217,FALSE
834,RWNrARSbRCY_00076,5,0,73,TRUE
835,RWNrARSbRCY_00077,5,0,124,TRUE
836,RWNrARSbRCY_00078,5,0,169,FALSE
837,RWNrARSbRCY_00079,5,0,84,TRUE
838,RWNrARSbRCY_00080,5,0,127,TRUE
839,RWNrARSbRCY_00081,5,0,218,FALSE
840,RWNrARSbRCY_00082,5,0,112,TRUE
841,RWNrARSbRCY_00083,5,0,109,TRUE
842,RWNrARSbRCY_00084,5,0,98,TRUE
843,RWNrARSbRCY_00115,5,0,190,FALSE
844,RWNrARSbRCY_00116,5,0,148,TRUE
845,RWNrARSbRCY_00117,5,0,208,FALSE
846,TeboS8s_00w_00077,5,0,176,FALSE
847,TeboS8s_00w_00078,5,0,293,FALSE
848,TeboS8s_00w_00094,5,0,336,FALSE
849,TeboS8s_00w_00095,5,0,348,FALSE
850,TeboS8s_00w_00106,5,0,144,FALSE
851,TeboS8s_00w_00107,5,0,257,FALSE
852,TeboS8s_00w_00122,5,0,191,FALSE
853,TeboS8s_00w_00123,5,0,299,FALSE
854,TeboS8s_00w_00124,5,0,177,FALSE
855,TeboS8s_00w_00125,5,0,268,FALSE
856,TeboS8s_00w_00134,5,0,135,TRUE
857,TeboS8s_00w_00135,5,0,243,FALSE
858,TeboS8s_00w_00144,5,0,206,FALSE
859,TeboS8s_00w_00145,5,0,322,FALSE
860,TeboS8s_00w_00176,5,0,498,FALSE
861,TeboS8s_00w_00177,5,0,366,FALSE
862,V5parOfpuEQ_00006,5,0,84,TRUE
863,V5parOfpuEQ_00007,5,0,185,FALSE
864,V5parOfpuEQ_00008,5,0,273,FALSE
865,VNvb5oLOpLg_00486,5,0,111,TRUE
866,VNvb5oLOpLg_00487,5,0,215,FALSE
867,VNvb5oLOpLg_00894,5,0,151,FALSE
868,VNvb5oLOpLg_00895,5,0,254,FALSE
869,VNvb5oLOpLg_00896,5,0,267,FALSE
870,VNvb5oLOpLg_00922,5,0,155,FALSE
871,VNvb5oLOpLg_00923,5,0,245,FALSE
872,VNvb5oLOpLg_00924,5,0,255,FALSE
873,VNvb5oLOpLg_00955,5,0,137,TRUE
874,VNvb5oLOpLg_00956,5,0,235,FALSE
875,VNvb5oLOpLg_00957,5,0,242,FALSE
876,VNvb5oLOpLg_01089,5,0,270,FALSE
877,VNvb5oLOpLg_01091,5,0,295,FALSE
878,VNvb5oLOpLg_01092,5,0,302,FALSE
879,VNvb5oLOpLg_01093,5,0,290,FALSE
880,VNvb5oLOpLg_01094,5,0,183,FALSE
881,VNvb5oLOpLg_01095,5,0,308,FALSE
882,VNvb5oLOpLg_01096,5,0,306,FALSE
883,VNvb5oLOpLg_01097,5,0,137,FALSE
884,VNvb5oLOpLg_01098,5,0,291,FALSE
885,VNvb5oLOpLg_01099,5,0,296,FALSE
886,VNvb5oLOpLg_01118,5,0,137,FALSE
887,VNvb5oLOpLg_01119,5,0,273,FALSE
888,VNvb5oLOpLg_01120,5,0,245,FALSE
889,VNvb5oLOpLg_01124,5,0,210,FALSE
890,VNvb5oLOpLg_01125,5,0,272,FALSE
891,VNvb5oLOpLg_01126,5,0,250,FALSE
892,VNvb5oLOpLg_01127,5,0,150,FALSE
893,VNvb5oLOpLg_01128,5,0,254,FALSE
894,VNvb5oLOpLg_01129,5,0,259,FALSE
895,VNvb5oLOpLg_01130,5,0,151,FALSE
896,VNvb5oLOpLg_01131,5,0,288,FALSE
897,VNvb5oLOpLg_01132,5,0,263,FALSE
898,VNvb5oLOpLg_01139,5,0,117,FALSE
899,VNvb5oLOpLg_01141,5,0,257,FALSE
900,VNvb5oLOpLg_01148,5,0,206,FALSE
901,VNvb5oLOpLg_01149,5,0,303,FALSE
902,VNvb5oLOpLg_01150,5,0,281,FALSE
903,VNvb5oLOpLg_01151,5,0,332,FALSE
904,VNvb5oLOpLg_01152,5,0,275,FALSE
905,Y4ARBzok9aU_00190,5,0,147,TRUE
906,Y7QZcr24ye0_00859,5,0,261,FALSE
907,Y7QZcr24ye0_00860,5,0,278,FALSE
908,Y7QZcr24ye0_00861,5,0,284,FALSE
909,Y7QZcr24ye0_00950,5,0,182,FALSE
910,Y7QZcr24ye0_00951,5,0,291,FALSE
911,Y7QZcr24ye0_00952,5,0,272,FALSE
912,Y7QZcr24ye0_00965,5,0,131,TRUE
913,Y7QZcr24ye0_00966,5,0,260,FALSE
914,Y7QZcr24ye0_00967,5,0,243,FALSE
915,Y7QZcr24ye0_00977,5,0,137,FALSE
916,Y7QZcr24ye0_00978,5,0,274,FALSE
917,Y7QZcr24ye0_00979,5,0,290,FALSE
918,ZAmJsIcfFOA_00087,5,0,76,TRUE
919,ZAmJsIcfFOA_00088,5,0,169,TRUE
920,ZAmJsIcfFOA_00156,5,0,98,TRUE
921,ZAmJsIcfFOA_00157,5,0,167,TRUE
922,ZAmJsIcfFOA_00158,5,0,134,TRUE
923,ZAmJsIcfFOA_00262,5,0,101,TRUE
924,ZAmJsIcfFOA_00263,5,0,209,FALSE
925,ZAmJsIcfFOA_00264,5,0,205,FALSE
926,ZAmJsIcfFOA_00290,5,0,129,TRUE
927,ZAmJsIcfFOA_00291,5,0,169,TRUE
928,ZAmJsIcfFOA_00292,5,0,144,TRUE
929,ZAmJsIcfFOA_00293,5,0,56,TRUE
930,ZAmJsIcfFOA_00294,5,0,146,TRUE
931,ZAmJsIcfFOA_00295,5,0,152,TRUE
932,ZAmJsIcfFOA_00296,5,0,62,TRUE
933,ZAmJsIcfFOA_00297,5,0,158,TRUE
934,ZAmJsIcfFOA_00299,5,0,48,TRUE
935,ZAmJsIcfFOA_00300,5,0,144,TRUE
936,ZAmJsIcfFOA_00302,5,0,86,TRUE
937,ZAmJsIcfFOA_00303,5,0,184,FALSE
938,ZAmJsIcfFOA_00304,5,0,209,FALSE
939,ZAmJsIcfFOA_00305,5,0,61,TRUE
940,ZAmJsIcfFOA_00306,5,0,157,TRUE
941,ZAmJsIcfFOA_00317,5,0,92,FALSE
942,ZAmJsIcfFOA_00318,5,0,195,FALSE
943,ZAmJsIcfFOA_00319,5,0,136,FALSE
944,ZAmJsIcfFOA_00320,5,0,164,TRUE
945,ZAmJsIcfFOA_00321,5,0,177,FALSE
946,ZAmJsIcfFOA_00322,5,0,226,FALSE
947,ZAmJsIcfFOA_00324,5,0,64,TRUE
948,ZAmJsIcfFOA_00325,5,0,174,TRUE
949,ZAmJsIcfFOA_00326,5,0,129,TRUE
950,ZAmJsIcfFOA_00330,5,0,183,FALSE
951,ZAmJsIcfFOA_00331,5,0,222,FALSE
952,ZAmJsIcfFOA_00332,5,0,209,FALSE
953,ZAmJsIcfFOA_00333,5,0,96,FALSE
954,ZAmJsIcfFOA_00334,5,0,203,FALSE
955,ZAmJsIcfFOA_00335,5,0,152,FALSE
956,ZAmJsIcfFOA_00336,5,0,106,TRUE
957,ZAmJsIcfFOA_00337,5,0,151,FALSE
958,ZAmJsIcfFOA_00338,5,0,284,FALSE
959,ZAmJsIcfFOA_00342,5,0,79,TRUE
960,ZAmJsIcfFOA_00343,5,0,188,FALSE
961,ZAmJsIcfFOA_00344,5,0,131,FALSE
962,ZAmJsIcfFOA_00345,5,0,61,TRUE
963,ZAmJsIcfFOA_00346,5,0,134,TRUE
964,ZAmJsIcfFOA_00347,5,0,95,TRUE
965,ZAmJsIcfFOA_00348,5,0,106,TRUE
966,ZAmJsIcfFOA_00349,5,0,157,TRUE
967,ZAmJsIcfFOA_00350,5,0,191,FALSE
968,ZAmJsIcfFOA_00351,5,0,138,TRUE
969,ZAmJsIcfFOA_00352,5,0,176,TRUE
970,ZAmJsIcfFOA_00353,5,0,146,FALSE
971,ZAmJsIcfFOA_00355,5,0,90,TRUE
972,ZAmJsIcfFOA_00356,5,0,212,FALSE
973,ZAmJsIcfFOA_00357,5,0,180,FALSE
974,ZAmJsIcfFOA_00358,5,0,97,FALSE
975,ZAmJsIcfFOA_00359,5,0,169,FALSE
976,ZAmJsIcfFOA_00361,5,0,61,TRUE
977,ZAmJsIcfFOA_00362,5,0,146,TRUE
978,ZAmJsIcfFOA_00363,5,0,104,TRUE
979,Z_uFnDg-a4I_00057,5,0,122,TRUE
980,Z_uFnDg-a4I_00060,5,0,120,TRUE
981,Z_uFnDg-a4I_00061,5,0,164,TRUE
982,Z_uFnDg-a4I_00062,5,0,198,FALSE
983,Z_uFnDg-a4I_00066,5,0,62,TRUE
984,Z_uFnDg-a4I_00067,5,0,187,FALSE
985,Z_uFnDg-a4I_00069,5,0,73,TRUE
986,Z_uFnDg-a4I_00070,5,0,158,TRUE
987,Z_uFnDg-a4I_00071,5,0,166,TRUE
988,Z_uFnDg-a4I_00078,5,0,102,TRUE
989,Z_uFnDg-a4I_00079,5,0,156,TRUE
990,_tigfCJFLZg_00044,5,0,105,TRUE
991,_tigfCJFLZg_00045,5,0,192,FALSE
992,_tigfCJFLZg_00046,5,0,124,TRUE
993,_tigfCJFLZg_00366,5,0,71,FALSE
994,_tigfCJFLZg_00368,5,0,96,FALSE
995,c7FHotPDZIw_00050,5,0,119,TRUE
996,c7FHotPDZIw_00051,5,0,143,FALSE
997,c7FHotPDZIw_00069,5,0,65,TRUE
998,c7FHotPDZIw_00070,5,0,94,TRUE
999,c7FHotPDZIw_00073,5,0,129,TRUE
1000,c7FHotPDZIw_00074,5,0,116,TRUE
1001,c7FHotPDZIw_00099,5,0,61,TRUE
1002,c7FHotPDZIw_00100,5,0,77,TRUE
1003,c7FHotPDZIw_00107,5,0,98,TRUE
1004,c7FHotPDZIw_00108,5,0,89,TRUE
1005,c7FHotPDZIw_00109,5,0,148,TRUE
1006,cYkUl8MrXgA_00006,5,0,163,FALSE
1007,cYkUl8MrXgA_00007,5,0,164,TRUE
1008,cYkUl8MrXgA_00008,5,0,172,FALSE
1009,cYkUl8MrXgA_00012,5,0,101,FALSE
1010,cYkUl8MrXgA_00013,5,0,177,TRUE
1011,cYkUl8MrXgA_00014,5,0,163,TRUE
1012,cYkUl8MrXgA_00045,5,0,92,TRUE
1013,cYkUl8MrXgA_00046,5,0,178,TRUE
1014,cYkUl8MrXgA_00050,5,0,54,TRUE
1015,cYkUl8MrXgA_00051,5,0,147,TRUE
1016,cYkUl8MrXgA_00052,5,0,88,FALSE
1017,cYkUl8MrXgA_00069,5,0,68,FALSE
1018,cYkUl8MrXgA_00070,5,0,189,FALSE
1019,cYkUl8MrXgA_00071,5,0,120,TRUE
1020,cYkUl8MrXgA_00332,5,0,72,TRUE
1021,cYkUl8MrXgA_00333,5,0,175,TRUE
1022,cYkUl8MrXgA_00334,5,0,305,FALSE
1023,cYkUl8MrXgA_00374,5,0,77,TRUE
1024,cYkUl8MrXgA_00375,5,0,184,FALSE
1025,cYkUl8MrXgA_00376,5,0,96,TRUE
1026,cYkUl8MrXgA_00450,5,0,93,TRUE
1027,cYkUl8MrXgA_00451,5,0,184,FALSE
1028,cYkUl8MrXgA_00452,5,0,91,FALSE
1029,cYkUl8MrXgA_00453,5,0,95,FALSE
1030,cYkUl8MrXgA_00454,5,0,144,TRUE
1031,czXA41QTops_00000,5,0,154,FALSE
1032,czXA41QTops_00001,5,0,187,FALSE
1033,czXA41QTops_00054,5,0,128,FALSE
1034,czXA41QTops_00055,5,0,200,FALSE
1035,czXA41QTops_00056,5,0,187,FALSE
1036,czXA41QTops_00057,5,0,94,TRUE
1037,czXA41QTops_00058,5,0,98,TRUE
1038,czXA41QTops_00059,5,0,111,FALSE
1039,czXA41QTops_00060,5,0,188,FALSE
1040,czXA41QTops_00061,5,0,91,FALSE
1041,czXA41QTops_00062,5,0,99,TRUE
1042,czXA41QTops_00063,5,0,176,TRUE
1043,czXA41QTops_00064,5,0,63,FALSE
1044,czXA41QTops_00065,5,0,183,FALSE
1045,czXA41QTops_00092,5,0,120,TRUE
1046,czXA41QTops_00093,5,0,188,FALSE
1047,ddV_Cpszpls_00183,5,0,205,FALSE
1048,egsanPCCIzQ_00037,5,0,102,TRUE
1049,egsanPCCIzQ_00038,5,0,203,FALSE
1050,egsanPCCIzQ_00039,5,0,163,FALSE
1051,egsanPCCIzQ_00117,5,0,98,TRUE
1052,egsanPCCIzQ_00118,5,0,135,TRUE
1053,egsanPCCIzQ_00173,5,0,179,FALSE
1054,egsanPCCIzQ_00175,5,0,156,TRUE
1055,fB1Pc3CylrQ_00016,5,0,301,FALSE
1056,k1F4LHeYhBs_00065,5,0,119,FALSE
1057,k1F4LHeYhBs_00066,5,0,246,FALSE
1058,k1F4LHeYhBs_00067,5,0,240,FALSE
1059,k1F4LHeYhBs_00077,5,0,197,FALSE
1060,k1F4LHeYhBs_00078,5,0,309,FALSE
1061,k1F4LHeYhBs_00079,5,0,312,FALSE
1062,kVT_sNgYBAE_00056,5,0,155,TRUE
1063,kVT_sNgYBAE_00057,5,0,214,FALSE
1064,l6ZoMjD1UtA_00075,5,0,61,TRUE
1065,l6ZoMjD1UtA_00076,5,0,107,TRUE
1066,l6ZoMjD1UtA_00077,5,0,181,FALSE
1067,nOlRwoxsDJ0_00680,5,0,287,FALSE
1068,nOlRwoxsDJ0_00693,5,0,181,FALSE
1069,nOlRwoxsDJ0_00694,5,0,257,FALSE
1070,nOlRwoxsDJ0_00711,5,0,149,FALSE
1071,nOlRwoxsDJ0_00712,5,0,204,FALSE
1072,nOlRwoxsDJ0_00729,5,0,155,FALSE
1073,nOlRwoxsDJ0_00730,5,0,246,FALSE
1074,nOlRwoxsDJ0_00747,5,0,146,TRUE
1075,nOlRwoxsDJ0_00748,5,0,266,FALSE
1076,nOlRwoxsDJ0_00806,5,0,138,TRUE
1077,nOlRwoxsDJ0_00807,5,0,250,FALSE
1078,nOlRwoxsDJ0_00808,5,0,233,FALSE
1079,nOlRwoxsDJ0_00809,5,0,303,FALSE
1080,nOlRwoxsDJ0_00812,5,0,271,FALSE
1081,nOlRwoxsDJ0_00813,5,0,245,FALSE
1082,nOlRwoxsDJ0_00830,5,0,193,FALSE
1083,nOlRwoxsDJ0_00831,5,0,274,FALSE
1084,nOlRwoxsDJ0_00840,5,0,147,TRUE
1085,nOlRwoxsDJ0_00841,5,0,263,FALSE
1086,nOlRwoxsDJ0_00848,5,0,150,TRUE
1087,nOlRwoxsDJ0_00849,5,0,266,FALSE
1088,nOlRwoxsDJ0_00866,5,0,146,TRUE
1089,nOlRwoxsDJ0_00867,5,0,266,FALSE
1090,nOlRwoxsDJ0_00868,5,0,181,FALSE
1091,nOlRwoxsDJ0_00869,5,0,272,FALSE
1092,nOlRwoxsDJ0_00870,5,0,143,FALSE
1093,nOlRwoxsDJ0_00871,5,0,242,FALSE
1094,nOlRwoxsDJ0_00873,5,0,237,FALSE
1095,nOlRwoxsDJ0_00878,5,0,197,FALSE
1096,nOlRwoxsDJ0_00879,5,0,274,FALSE
1097,nOlRwoxsDJ0_00882,5,0,318,FALSE
1098,nOlRwoxsDJ0_00883,5,0,259,FALSE
1099,nOlRwoxsDJ0_00886,5,0,124,FALSE
1100,nOlRwoxsDJ0_00887,5,0,256,FALSE
1101,nOlRwoxsDJ0_00896,5,0,130,FALSE
1102,nOlRwoxsDJ0_00897,5,0,236,FALSE
1103,sk8TafuB3lU_01001,5,0,423,FALSE
1104,sk8TafuB3lU_01002,5,0,253,FALSE
1105,sk8TafuB3lU_01089,5,0,136,FALSE
1106,sk8TafuB3lU_01090,5,0,257,FALSE
1107,sk8TafuB3lU_01091,5,0,240,FALSE
1108,sk8TafuB3lU_01117,5,0,175,TRUE
1109,sk8TafuB3lU_01118,5,0,302,FALSE
1110,sk8TafuB3lU_01137,5,0,246,FALSE
1111,sk8TafuB3lU_01143,5,0,290,FALSE
1112,sk8TafuB3lU_01144,5,0,249,FALSE
1113,sk8TafuB3lU_01158,5,0,333,FALSE
1114,sk8TafuB3lU_01159,5,0,249,FALSE
1115,sk8TafuB3lU_01160,5,0,153,FALSE
1116,sk8TafuB3lU_01161,5,0,250,FALSE
1117,sk8TafuB3lU_01162,5,0,230,FALSE
1118,sk8TafuB3lU_01170,5,0,130,FALSE
1119,sk8TafuB3lU_01171,5,0,241,FALSE
1120,sk8TafuB3lU_01172,5,0,172,TRUE
1121,sk8TafuB3lU_01173,5,0,306,FALSE
1122,sk8TafuB3lU_01174,5,0,132,FALSE
1123,sk8TafuB3lU_01175,5,0,228,FALSE
1124,xbQCwTHcGN8_00016,5,0,54,TRUE
1125,xbQCwTHcGN8_00018,5,0,96,FALSE
1126,xbQCwTHcGN8_00226,5,0,51,TRUE
1127,xbQCwTHcGN8_00227,5,0,146,TRUE
1128,xbQCwTHcGN8_00228,5,0,129,TRUE
1129,zYHstCxnAPA_00813,5,0,146,TRUE
1130,zbAC7t15q3k_00055,5,0,112,TRUE
1131,zbAC7t15q3k_00056,5,0,162,TRUE
1132,zbAC7t15q3k_00057,5,0,118,FALSE
1133,zbAC7t15q3k_00058,5,0,50,FALSE
1134,zbAC7t15q3k_00059,5,0,146,TRUE
1135,zbAC7t15q3k_00060,5,0,107,FALSE
1136,zbAC7t15q3k_00067,5,0,78,TRUE
1137,zbAC7t15q3k_00068,5,0,158,TRUE
1138,zbAC7t15q3k_00069,5,0,124,TRUE
1139,5V-dKBtmKLI_00066,6,0,56,TRUE
1140,5V-dKBtmKLI_00067,6,0,75,FALSE
1141,5V-dKBtmKLI_00068,6,0,180,FALSE
1142,5V-dKBtmKLI_00069,6,0,217,FALSE
1143,5V-dKBtmKLI_00070,6,0,60,FALSE
1144,5V-dKBtmKLI_00071,6,0,213,FALSE
1145,5V-dKBtmKLI_00078,6,0,58,TRUE
1146,5V-dKBtmKLI_00079,6,0,111,FALSE
1147,LNMISxO35S0_00159,6,0,223,FALSE
1148,LNMISxO35S0_00161,6,0,176,TRUE
1149,LNMISxO35S0_00168,6,0,245,FALSE
1150,LNMISxO35S0_00169,6,0,129,FALSE
1151,LNMISxO35S0_00170,6,0,144,TRUE
1152,LNMISxO35S0_00171,6,0,74,FALSE
1153,LNMISxO35S0_00173,6,0,176,FALSE
1154,Q--70-ELqLw_00155,6,0,117,TRUE
1155,Q--70-ELqLw_00156,6,0,178,TRUE
1156,Q--70-ELqLw_00157,6,0,386,FALSE
1157,Q--70-ELqLw_00170,6,0,157,TRUE
1158,Q--70-ELqLw_00171,6,0,206,FALSE
1159,TeboS8s_00w_00184,6,0,205,FALSE
1160,TeboS8s_00w_00185,6,0,283,FALSE
1161,V5parOfpuEQ_00000,6,0,202,FALSE
1162,V5parOfpuEQ_00001,6,0,186,FALSE
1163,V5parOfpuEQ_00002,6,0,282,FALSE
1164,V5parOfpuEQ_00063,6,0,141,TRUE
1165,V5parOfpuEQ_00064,6,0,185,FALSE
1166,V5parOfpuEQ_00065,6,0,146,TRUE
1167,V5parOfpuEQ_00233,6,0,99,TRUE
1168,V5parOfpuEQ_00234,6,0,264,FALSE
1169,V5parOfpuEQ_00236,6,0,145,TRUE
1170,V5parOfpuEQ_00243,6,0,61,TRUE
1171,V5parOfpuEQ_00244,6,0,159,TRUE
1172,V5parOfpuEQ_00245,6,0,249,FALSE
1173,V5parOfpuEQ_00246,6,0,108,TRUE
1174,V5parOfpuEQ_00247,6,0,177,TRUE
1175,V5parOfpuEQ_00248,6,0,104,TRUE
1176,V5parOfpuEQ_00249,6,0,89,TRUE
1177,V5parOfpuEQ_00250,6,0,225,FALSE
1178,V5parOfpuEQ_00254,6,0,59,TRUE
1179,V5parOfpuEQ_00255,6,0,140,TRUE
1180,V5parOfpuEQ_00256,6,0,80,TRUE
1181,V5parOfpuEQ_00260,6,0,98,TRUE
1182,V5parOfpuEQ_00261,6,0,168,TRUE
1183,V5parOfpuEQ_00262,6,0,126,FALSE
1184,V5parOfpuEQ_00267,6,0,83,TRUE
1185,V5parOfpuEQ_00268,6,0,201,FALSE
1186,V5parOfpuEQ_00269,6,0,123,TRUE
1187,V5parOfpuEQ_00270,6,0,89,TRUE
1188,V5parOfpuEQ_00271,6,0,192,FALSE
1189,V5parOfpuEQ_00272,6,0,240,FALSE
1190,V5parOfpuEQ_00273,6,0,93,TRUE
1191,V5parOfpuEQ_00274,6,0,226,FALSE
1192,V5parOfpuEQ_00275,6,0,143,TRUE
1193,V5parOfpuEQ_00276,6,0,108,TRUE
1194,V5parOfpuEQ_00277,6,0,163,TRUE
1195,V5parOfpuEQ_00278,6,0,106,TRUE
1196,V5parOfpuEQ_00279,6,0,49,FALSE
1197,V5parOfpuEQ_00280,6,0,139,TRUE
1198,V5parOfpuEQ_00288,6,0,124,TRUE
1199,V5parOfpuEQ_00289,6,0,83,TRUE
1200,V5parOfpuEQ_00290,6,0,179,TRUE
1201,V5parOfpuEQ_00291,6,0,88,FALSE
1202,Y4ARBzok9aU_00033,6,0,132,TRUE
1203,Y4ARBzok9aU_00034,6,0,170,TRUE
1204,Y4ARBzok9aU_00035,6,0,207,FALSE
1205,Y4ARBzok9aU_00154,6,0,100,TRUE
1206,Y4ARBzok9aU_00155,6,0,210,FALSE
1207,Y4ARBzok9aU_00156,6,0,257,FALSE
1208,Y4ARBzok9aU_00174,6,0,78,TRUE
1209,Y4ARBzok9aU_00175,6,0,203,FALSE
1210,Y4ARBzok9aU_00176,6,0,157,TRUE
1211,Y4ARBzok9aU_00178,6,0,206,FALSE
1212,Y4ARBzok9aU_00179,6,0,87,FALSE
1213,Y4ARBzok9aU_00180,6,0,74,TRUE
1214,Y4ARBzok9aU_00181,6,0,183,FALSE
1215,Y4ARBzok9aU_00182,6,0,113,TRUE
1216,Y4ARBzok9aU_00183,6,0,209,FALSE
1217,Y4ARBzok9aU_00184,6,0,137,FALSE
1218,Y4ARBzok9aU_00185,6,0,75,TRUE
1219,Y4ARBzok9aU_00186,6,0,178,TRUE
1220,Y4ARBzok9aU_00187,6,0,131,TRUE
1221,Y4ARBzok9aU_00188,6,0,176,TRUE
1222,Y4ARBzok9aU_00189,6,0,190,FALSE
1223,Y4ARBzok9aU_00196,6,0,89,TRUE
1224,Y4ARBzok9aU_00197,6,0,218,FALSE
1225,Y4ARBzok9aU_00198,6,0,86,FALSE
1226,Y4ARBzok9aU_00199,6,0,188,FALSE
1227,Y4ARBzok9aU_00200,6,0,87,TRUE
1228,Z_uFnDg-a4I_00075,6,0,103,TRUE
1229,Z_uFnDg-a4I_00076,6,0,114,FALSE
1230,Z_uFnDg-a4I_00077,6,0,178,TRUE
1231,c7FHotPDZIw_00088,6,0,133,TRUE
1232,cYkUl8MrXgA_00053,6,0,97,TRUE
1233,cYkUl8MrXgA_00054,6,0,210,FALSE
1234,cYkUl8MrXgA_00055,6,0,192,FALSE
1235,cYkUl8MrXgA_00083,6,0,86,TRUE
1236,cYkUl8MrXgA_00084,6,0,208,FALSE
1237,cYkUl8MrXgA_00085,6,0,179,TRUE
1238,cYkUl8MrXgA_00121,6,0,180,FALSE
1239,cYkUl8MrXgA_00122,6,0,190,FALSE
1240,cYkUl8MrXgA_00123,6,0,113,TRUE
1241,cYkUl8MrXgA_00365,6,0,82,TRUE
1242,cYkUl8MrXgA_00366,6,0,210,FALSE
1243,cYkUl8MrXgA_00367,6,0,137,TRUE
1244,cYkUl8MrXgA_00436,6,0,117,TRUE
1245,cYkUl8MrXgA_00437,6,0,159,TRUE
1246,cYkUl8MrXgA_00439,6,0,67,TRUE
1247,cYkUl8MrXgA_00440,6,0,206,FALSE
1248,cYkUl8MrXgA_00441,6,0,159,FALSE
1249,cYkUl8MrXgA_00445,6,0,86,TRUE
1250,cYkUl8MrXgA_00446,6,0,206,FALSE
1251,cYkUl8MrXgA_00447,6,0,215,FALSE
1252,cYkUl8MrXgA_00460,6,0,64,TRUE
1253,cYkUl8MrXgA_00461,6,0,157,TRUE
1254,cYkUl8MrXgA_00462,6,0,177,FALSE
1255,cYkUl8MrXgA_00463,6,0,62,TRUE
1256,cYkUl8MrXgA_00464,6,0,148,TRUE
1257,cYkUl8MrXgA_00465,6,0,183,FALSE
1258,cYkUl8MrXgA_00466,6,0,113,TRUE
1259,cYkUl8MrXgA_00467,6,0,239,FALSE
1260,cYkUl8MrXgA_00468,6,0,122,TRUE
1261,cYkUl8MrXgA_00475,6,0,86,FALSE
1262,cYkUl8MrXgA_00476,6,0,193,FALSE
1263,cYkUl8MrXgA_00477,6,0,196,FALSE
1264,cYkUl8MrXgA_00490,6,0,67,TRUE
1265,cYkUl8MrXgA_00491,6,0,183,FALSE
1266,cYkUl8MrXgA_00492,6,0,246,FALSE
1267,cYkUl8MrXgA_00494,6,0,201,FALSE
1268,cYkUl8MrXgA_00495,6,0,157,TRUE
1269,cYkUl8MrXgA_00496,6,0,68,TRUE
1270,cYkUl8MrXgA_00497,6,0,166,TRUE
1271,cYkUl8MrXgA_00498,6,0,267,FALSE
1272,cYkUl8MrXgA_00499,6,0,110,TRUE
1273,cYkUl8MrXgA_00500,6,0,227,FALSE
1274,cYkUl8MrXgA_00501,6,0,142,TRUE
1275,nOlRwoxsDJ0_00864,6,0,151,TRUE
1276,nOlRwoxsDJ0_00865,6,0,273,FALSE
1277,zbAC7t15q3k_00073,6,0,78,TRUE
1278,zbAC7t15q3k_00074,6,0,181,FALSE
1279,zbAC7t15q3k_00075,6,0,133,TRUE
1280,zbAC7t15q3k_00105,6,0,64,FALSE
1281,zbAC7t15q3k_00107,6,0,150,TRUE
1282,zbAC7t15q3k_00108,6,0,93,FALSE
1283,zbAC7t15q3k_00136,6,0,57,TRUE
1284,zbAC7t15q3k_00137,6,0,161,TRUE
1285,zbAC7t15q3k_00138,6,0,95,TRUE
1286,zbAC7t15q3k_00139,6,0,87,TRUE
1287,zbAC7t15q3k_00140,6,0,83,TRUE
1288,zbAC7t15q3k_00141,6,0,183,FALSE
1289,zbAC7t15q3k_00142,6,0,98,TRUE
1290,zbAC7t15q3k_00144,6,0,80,TRUE
1291,zbAC7t15q3k_00145,6,0,183,FALSE
1292,zbAC7t15q3k_00146,6,0,85,FALSE
1293,zbAC7t15q3k_00147,6,0,41,TRUE
1294,zbAC7t15q3k_00148,6,0,133,FALSE
1295,zbAC7t15q3k_00149,6,0,99,TRUE
1296,zbAC7t15q3k_00150,6,0,74,TRUE
1297,zbAC7t15q3k_00151,6,0,180,FALSE
1298,zbAC7t15q3k_00152,6,0,143,TRUE
1299,2x00lRzlTVQ_00071,7,0,131,TRUE
1300,2x00lRzlTVQ_00072,7,0,141,TRUE
1301,2x00lRzlTVQ_00073,7,0,87,FALSE
1302,3N1kUtqJ25A_00036,7,0,131,TRUE
1303,3N1kUtqJ25A_00037,7,0,189,FALSE
1304,3N1kUtqJ25A_00038,7,0,199,FALSE
1305,3N1kUtqJ25A_00066,7,0,349,FALSE
1306,3N1kUtqJ25A_00067,7,0,228,FALSE
1307,3N1kUtqJ25A_00068,7,0,233,FALSE
1308,3N1kUtqJ25A_00075,7,0,136,TRUE
1309,3N1kUtqJ25A_00076,7,0,229,FALSE
1310,3N1kUtqJ25A_00077,7,0,235,FALSE
1311,3N1kUtqJ25A_00090,7,0,162,TRUE
1312,3N1kUtqJ25A_00091,7,0,253,FALSE
1313,3N1kUtqJ25A_00092,7,0,246,FALSE
1314,3N1kUtqJ25A_00094,7,0,135,TRUE
1315,3N1kUtqJ25A_00095,7,0,189,FALSE
1316,3N1kUtqJ25A_00096,7,0,155,FALSE
1317,3N1kUtqJ25A_00097,7,0,111,FALSE
1318,3N1kUtqJ25A_00098,7,0,208,FALSE
1319,3N1kUtqJ25A_00099,7,0,209,FALSE
1320,3N1kUtqJ25A_00100,7,0,148,TRUE
1321,3N1kUtqJ25A_00101,7,0,229,FALSE
1322,3N1kUtqJ25A_00102,7,0,220,FALSE
1323,3N1kUtqJ25A_00190,7,0,189,FALSE
1324,3N1kUtqJ25A_00191,7,0,301,FALSE
1325,3N1kUtqJ25A_00192,7,0,262,FALSE
1326,3N1kUtqJ25A_00211,7,0,223,FALSE
1327,3N1kUtqJ25A_00212,7,0,269,FALSE
1328,3N1kUtqJ25A_00213,7,0,270,FALSE
1329,3N1kUtqJ25A_00229,7,0,135,FALSE
1330,3N1kUtqJ25A_00230,7,0,257,FALSE
1331,3N1kUtqJ25A_00231,7,0,249,FALSE
1332,3PLiUG_DuC8_00026,7,0,61,TRUE
1333,3PLiUG_DuC8_00027,7,0,168,FALSE
1334,3PLiUG_DuC8_00029,7,0,66,FALSE
1335,3PLiUG_DuC8_00030,7,0,200,FALSE
1336,3PLiUG_DuC8_00032,7,0,77,TRUE
1337,3PLiUG_DuC8_00033,7,0,184,FALSE
1338,3PLiUG_DuC8_00034,7,0,105,TRUE
1339,3PLiUG_DuC8_00038,7,0,58,TRUE
1340,3PLiUG_DuC8_00039,7,0,172,TRUE
1341,3PLiUG_DuC8_00040,7,0,118,FALSE
1342,3PLiUG_DuC8_00044,7,0,51,FALSE
1343,3PLiUG_DuC8_00045,7,0,127,TRUE
1344,3PLiUG_DuC8_00058,7,0,108,TRUE
1345,3PLiUG_DuC8_00059,7,0,165,TRUE
1346,3PLiUG_DuC8_00074,7,0,85,TRUE
1347,3PLiUG_DuC8_00075,7,0,186,FALSE
1348,3PLiUG_DuC8_00076,7,0,103,FALSE
1349,3PLiUG_DuC8_00087,7,0,83,FALSE
1350,3PLiUG_DuC8_00089,7,0,196,FALSE
1351,3PLiUG_DuC8_00094,7,0,88,FALSE
1352,3PLiUG_DuC8_00095,7,0,142,TRUE
1353,3PLiUG_DuC8_00096,7,0,89,FALSE
1354,3PLiUG_DuC8_00118,7,0,87,FALSE
1355,3PLiUG_DuC8_00119,7,0,226,FALSE
1356,3PLiUG_DuC8_00162,7,0,64,TRUE
1357,3PLiUG_DuC8_00163,7,0,193,FALSE
1358,3PLiUG_DuC8_00164,7,0,100,TRUE
1359,3PLiUG_DuC8_00230,7,0,148,TRUE
1360,3PLiUG_DuC8_00231,7,0,231,FALSE
1361,3PLiUG_DuC8_00232,7,0,94,FALSE
1362,3PLiUG_DuC8_00242,7,0,245,FALSE
1363,3PLiUG_DuC8_00243,7,0,185,FALSE
1364,3PLiUG_DuC8_00244,7,0,108,FALSE
1365,3PLiUG_DuC8_00248,7,0,62,FALSE
1366,3PLiUG_DuC8_00249,7,0,172,FALSE
1367,3PLiUG_DuC8_00250,7,0,107,FALSE
1368,3PLiUG_DuC8_00254,7,0,80,FALSE
1369,3PLiUG_DuC8_00255,7,0,184,FALSE
1370,3PLiUG_DuC8_00260,7,0,69,TRUE
1371,3PLiUG_DuC8_00261,7,0,183,FALSE
1372,3PLiUG_DuC8_00262,7,0,128,FALSE
1373,3PLiUG_DuC8_00266,7,0,85,FALSE
1374,3PLiUG_DuC8_00267,7,0,198,FALSE
1375,3PLiUG_DuC8_00280,7,0,89,FALSE
1376,3PLiUG_DuC8_00281,7,0,182,FALSE
1377,3PLiUG_DuC8_00282,7,0,109,FALSE
1378,3PLiUG_DuC8_00341,7,0,59,TRUE
1379,3PLiUG_DuC8_00342,7,0,174,FALSE
1380,3PLiUG_DuC8_00343,7,0,99,FALSE
1381,3PLiUG_DuC8_00344,7,0,47,FALSE
1382,3PLiUG_DuC8_00345,7,0,176,FALSE
1383,3PLiUG_DuC8_00367,7,0,69,TRUE
1384,3PLiUG_DuC8_00368,7,0,223,FALSE
1385,3qq031609lA_00034,7,0,104,TRUE
1386,3qq031609lA_00035,7,0,103,TRUE
1387,5i1begTTucc_00002,7,0,49,FALSE
1388,5i1begTTucc_00003,7,0,98,TRUE
1389,5i1begTTucc_00025,7,0,148,TRUE
1390,5i1begTTucc_00026,7,0,151,FALSE
1391,5i1begTTucc_00044,7,0,97,TRUE
1392,5i1begTTucc_00045,7,0,137,TRUE
1393,5i1begTTucc_00050,7,0,80,TRUE
1394,5i1begTTucc_00051,7,0,116,TRUE
1395,5i1begTTucc_00060,7,0,55,TRUE
1396,5i1begTTucc_00061,7,0,86,TRUE
1397,5i1begTTucc_00079,7,0,166,TRUE
1398,5i1begTTucc_00080,7,0,174,TRUE
1399,5i1begTTucc_00081,7,0,97,TRUE
1400,5i1begTTucc_00082,7,0,160,TRUE
1401,6wVdnLa3Tes_00000,7,0,121,TRUE
1402,6wVdnLa3Tes_00001,7,0,117,TRUE
1403,6wVdnLa3Tes_00002,7,0,85,FALSE
1404,6wVdnLa3Tes_00021,7,0,147,TRUE
1405,6wVdnLa3Tes_00022,7,0,124,TRUE
1406,6wVdnLa3Tes_00024,7,0,73,TRUE
1407,6wVdnLa3Tes_00034,7,0,100,TRUE
1408,6wVdnLa3Tes_00035,7,0,213,FALSE
1409,6wVdnLa3Tes_00036,7,0,160,FALSE
1410,6wVdnLa3Tes_00043,7,0,70,TRUE
1411,6wVdnLa3Tes_00044,7,0,153,TRUE
1412,6wVdnLa3Tes_00045,7,0,98,TRUE
1413,6wVdnLa3Tes_00047,7,0,76,TRUE
1414,6wVdnLa3Tes_00048,7,0,170,TRUE
1415,6wVdnLa3Tes_00049,7,0,83,FALSE
1416,6wVdnLa3Tes_00069,7,0,78,TRUE
1417,6wVdnLa3Tes_00070,7,0,185,FALSE
1418,6wVdnLa3Tes_00071,7,0,120,TRUE
1419,6wVdnLa3Tes_00085,7,0,61,TRUE
1420,6wVdnLa3Tes_00086,7,0,144,TRUE
1421,6wVdnLa3Tes_00098,7,0,75,FALSE
1422,6wVdnLa3Tes_00099,7,0,160,TRUE
1423,6wVdnLa3Tes_00100,7,0,180,FALSE
1424,6wVdnLa3Tes_00122,7,0,192,FALSE
1425,6wVdnLa3Tes_00123,7,0,155,TRUE
1426,6wVdnLa3Tes_00124,7,0,116,FALSE
1427,6wVdnLa3Tes_00128,7,0,60,TRUE
1428,6wVdnLa3Tes_00129,7,0,121,FALSE
1429,6wVdnLa3Tes_00131,7,0,101,TRUE
1430,6wVdnLa3Tes_00132,7,0,138,TRUE
1431,6wVdnLa3Tes_00133,7,0,104,TRUE
1432,6wVdnLa3Tes_00137,7,0,51,FALSE
1433,6wVdnLa3Tes_00138,7,0,124,TRUE
1434,6wVdnLa3Tes_00139,7,0,154,TRUE
1435,6wVdnLa3Tes_00143,7,0,62,TRUE
1436,6wVdnLa3Tes_00144,7,0,149,TRUE
1437,6wVdnLa3Tes_00145,7,0,93,FALSE
1438,6wVdnLa3Tes_00160,7,0,83,TRUE
1439,6wVdnLa3Tes_00161,7,0,171,TRUE
1440,6wVdnLa3Tes_00162,7,0,212,FALSE
1441,6wVdnLa3Tes_00163,7,0,92,TRUE
1442,6wVdnLa3Tes_00170,7,0,54,TRUE
1443,6wVdnLa3Tes_00172,7,0,129,TRUE
1444,6wVdnLa3Tes_00173,7,0,91,TRUE
1445,6wVdnLa3Tes_00227,7,0,88,FALSE
1446,6wVdnLa3Tes_00228,7,0,173,TRUE
1447,6wVdnLa3Tes_00229,7,0,92,FALSE
1448,6wVdnLa3Tes_00257,7,0,36,FALSE
1449,6wVdnLa3Tes_00258,7,0,95,FALSE
1450,6wVdnLa3Tes_00259,7,0,114,TRUE
1451,9BC6ssCjyfg_00012,7,0,51,TRUE
1452,9BC6ssCjyfg_00013,7,0,160,FALSE
1453,9BC6ssCjyfg_00014,7,0,145,TRUE
1454,9BC6ssCjyfg_00028,7,0,113,TRUE
1455,9BC6ssCjyfg_00029,7,0,174,TRUE
1456,9BC6ssCjyfg_00034,7,0,70,TRUE
1457,9BC6ssCjyfg_00035,7,0,134,TRUE
1458,9BC6ssCjyfg_00036,7,0,145,TRUE
1459,9BC6ssCjyfg_00037,7,0,132,TRUE
1460,9BC6ssCjyfg_00038,7,0,157,FALSE
1461,9BC6ssCjyfg_00039,7,0,157,TRUE
1462,9BC6ssCjyfg_00043,7,0,125,FALSE
1463,9BC6ssCjyfg_00044,7,0,94,FALSE
1464,9BC6ssCjyfg_00045,7,0,149,TRUE
1465,9BC6ssCjyfg_00075,7,0,57,TRUE
1466,9BC6ssCjyfg_00076,7,0,95,TRUE
1467,9BC6ssCjyfg_00077,7,0,132,TRUE
1468,9BC6ssCjyfg_00087,7,0,88,TRUE
1469,9BC6ssCjyfg_00088,7,0,174,TRUE
1470,9BC6ssCjyfg_00089,7,0,149,TRUE
1471,9BC6ssCjyfg_00111,7,0,114,TRUE
1472,9BC6ssCjyfg_00112,7,0,122,FALSE
1473,9BC6ssCjyfg_00113,7,0,158,FALSE
1474,9BC6ssCjyfg_00213,7,0,112,TRUE
1475,9BC6ssCjyfg_00214,7,0,136,TRUE
1476,9BC6ssCjyfg_00215,7,0,173,TRUE
1477,9BC6ssCjyfg_00216,7,0,114,TRUE
1478,9BC6ssCjyfg_00217,7,0,172,TRUE
1479,9BC6ssCjyfg_00218,7,0,115,TRUE
1480,9BC6ssCjyfg_00243,7,0,74,TRUE
1481,9BC6ssCjyfg_00244,7,0,122,TRUE
1482,9BC6ssCjyfg_00245,7,0,143,TRUE
1483,9jZYYtzYqwE_00041,7,0,121,TRUE
1484,9jZYYtzYqwE_00042,7,0,188,FALSE
1485,9jZYYtzYqwE_00063,7,0,165,TRUE
1486,9jZYYtzYqwE_00064,7,0,97,FALSE
1487,9jZYYtzYqwE_00085,7,0,89,TRUE
1488,9jZYYtzYqwE_00086,7,0,110,FALSE
1489,Bb0ZiYVNtDs_00003,7,0,107,TRUE
1490,Bb0ZiYVNtDs_00004,7,0,170,TRUE
1491,Bb0ZiYVNtDs_00005,7,0,75,FALSE
1492,Bb0ZiYVNtDs_00006,7,0,100,TRUE
1493,Bb0ZiYVNtDs_00007,7,0,186,FALSE
1494,Bb0ZiYVNtDs_00008,7,0,53,TRUE
1495,Bb0ZiYVNtDs_00009,7,0,150,TRUE
1496,Bb0ZiYVNtDs_00010,7,0,73,FALSE
1497,Bb0ZiYVNtDs_00011,7,0,73,TRUE
1498,Bb0ZiYVNtDs_00012,7,0,136,TRUE
1499,Bb0ZiYVNtDs_00013,7,0,196,FALSE
1500,Bb0ZiYVNtDs_00017,7,0,72,TRUE
1501,Bb0ZiYVNtDs_00018,7,0,153,TRUE
1502,Bb0ZiYVNtDs_00019,7,0,89,TRUE
1503,Bb0ZiYVNtDs_00026,7,0,59,TRUE
1504,Bb0ZiYVNtDs_00027,7,0,138,TRUE
1505,Bb0ZiYVNtDs_00028,7,0,136,TRUE
1506,Bb0ZiYVNtDs_00032,7,0,99,FALSE
1507,Bb0ZiYVNtDs_00033,7,0,129,TRUE
1508,Bb0ZiYVNtDs_00034,7,0,114,FALSE
1509,Bb0ZiYVNtDs_00047,7,0,83,TRUE
1510,Bb0ZiYVNtDs_00096,7,0,39,FALSE
1511,Bb0ZiYVNtDs_00098,7,0,89,FALSE
1512,Bb0ZiYVNtDs_00099,7,0,151,TRUE
1513,Bb0ZiYVNtDs_00163,7,0,64,TRUE
1514,Bb0ZiYVNtDs_00164,7,0,168,TRUE
1515,Bb0ZiYVNtDs_00165,7,0,95,FALSE
1516,Bb0ZiYVNtDs_00172,7,0,45,TRUE
1517,Bb0ZiYVNtDs_00174,7,0,128,FALSE
1518,Bb0ZiYVNtDs_00186,7,0,81,TRUE
1519,Bb0ZiYVNtDs_00187,7,0,192,FALSE
1520,D6zILEKIJbk_00069,7,0,107,TRUE
1521,D6zILEKIJbk_00070,7,0,213,FALSE
1522,D6zILEKIJbk_00071,7,0,210,FALSE
1523,D6zILEKIJbk_00100,7,0,119,TRUE
1524,D6zILEKIJbk_00101,7,0,169,TRUE
1525,D6zILEKIJbk_00102,7,0,148,FALSE
1526,D6zILEKIJbk_00125,7,0,79,TRUE
1527,D6zILEKIJbk_00126,7,0,201,FALSE
1528,D6zILEKIJbk_00127,7,0,119,TRUE
1529,D6zILEKIJbk_00171,7,0,68,TRUE
1530,D6zILEKIJbk_00172,7,0,164,TRUE
1531,D6zILEKIJbk_00173,7,0,121,TRUE
1532,D6zILEKIJbk_00205,7,0,91,TRUE
1533,D6zILEKIJbk_00206,7,0,322,FALSE
1534,D6zILEKIJbk_00219,7,0,93,TRUE
1535,D6zILEKIJbk_00220,7,0,197,FALSE
1536,D6zILEKIJbk_00222,7,0,196,FALSE
1537,D8YKHC5hmUs_00237,7,0,185,FALSE
1538,D8YKHC5hmUs_00238,7,0,65,TRUE
1539,D8YKHC5hmUs_00239,7,0,158,TRUE
1540,DB4lpBDPnTY_00000,7,0,253,FALSE
1541,JzOshOJgofw_00180,7,0,132,TRUE
1542,JzOshOJgofw_00181,7,0,145,TRUE
1543,JzOshOJgofw_00204,7,0,172,TRUE
1544,JzOshOJgofw_00205,7,0,112,TRUE
1545,JzOshOJgofw_00208,7,0,99,TRUE
1546,JzOshOJgofw_00209,7,0,115,FALSE
1547,JzOshOJgofw_00232,7,0,64,FALSE
1548,JzOshOJgofw_00233,7,0,86,TRUE
1549,JzOshOJgofw_00248,7,0,122,FALSE
1550,JzOshOJgofw_00249,7,0,112,TRUE
1551,JzOshOJgofw_00250,7,0,64,FALSE
1552,JzOshOJgofw_00251,7,0,112,TRUE
1553,JzOshOJgofw_00274,7,0,122,TRUE
1554,JzOshOJgofw_00275,7,0,101,TRUE
1555,LkluZoNfKu8_00037,7,0,159,TRUE
1556,LkluZoNfKu8_00038,7,0,170,TRUE
1557,LkluZoNfKu8_00041,7,0,69,TRUE
1558,LkluZoNfKu8_00042,7,0,164,TRUE
1559,LkluZoNfKu8_00043,7,0,80,TRUE
1560,LkluZoNfKu8_00044,7,0,153,TRUE
1561,LkluZoNfKu8_00045,7,0,213,FALSE
1562,LkluZoNfKu8_00046,7,0,184,FALSE
1563,LkluZoNfKu8_00051,7,0,164,TRUE
1564,LkluZoNfKu8_00052,7,0,145,TRUE
1565,LkluZoNfKu8_00053,7,0,77,FALSE
1566,LkluZoNfKu8_00066,7,0,69,TRUE
1567,LkluZoNfKu8_00067,7,0,183,FALSE
1568,LkluZoNfKu8_00086,7,0,216,FALSE
1569,LkluZoNfKu8_00087,7,0,220,FALSE
1570,LkluZoNfKu8_00088,7,0,129,TRUE
1571,LkluZoNfKu8_00117,7,0,48,FALSE
1572,LkluZoNfKu8_00118,7,0,154,TRUE
1573,LkluZoNfKu8_00119,7,0,79,FALSE
1574,LkluZoNfKu8_00131,7,0,72,TRUE
1575,LkluZoNfKu8_00132,7,0,186,FALSE
1576,LkluZoNfKu8_00133,7,0,66,TRUE
1577,LkluZoNfKu8_00134,7,0,192,FALSE
1578,LkluZoNfKu8_00135,7,0,93,TRUE
1579,LkluZoNfKu8_00136,7,0,204,FALSE
1580,OFxuiqI5G44_00111,7,0,148,FALSE
1581,OFxuiqI5G44_00112,7,0,272,FALSE
1582,OFxuiqI5G44_00113,7,0,258,FALSE
1583,OFxuiqI5G44_00302,7,0,157,TRUE
1584,OFxuiqI5G44_00303,7,0,210,FALSE
1585,OFxuiqI5G44_00304,7,0,249,FALSE
1586,OFxuiqI5G44_00333,7,0,463,FALSE
1587,OFxuiqI5G44_00334,7,0,250,FALSE
1588,OFxuiqI5G44_00335,7,0,296,FALSE
1589,OFxuiqI5G44_00342,7,0,389,FALSE
1590,OFxuiqI5G44_00343,7,0,243,FALSE
1591,OFxuiqI5G44_00344,7,0,228,FALSE
1592,OFxuiqI5G44_00351,7,0,175,FALSE
1593,OFxuiqI5G44_00352,7,0,204,FALSE
1594,OFxuiqI5G44_00353,7,0,191,FALSE
1595,OFxuiqI5G44_00354,7,0,127,TRUE
1596,OFxuiqI5G44_00355,7,0,206,FALSE
1597,OFxuiqI5G44_00356,7,0,197,FALSE
1598,OFxuiqI5G44_00405,7,0,124,FALSE
1599,OFxuiqI5G44_00406,7,0,225,FALSE
1600,OFxuiqI5G44_00407,7,0,209,FALSE
1601,OVzt2rsfMc0_00022,7,0,71,TRUE
1602,OVzt2rsfMc0_00023,7,0,225,FALSE
1603,OVzt2rsfMc0_00024,7,0,61,TRUE
1604,OVzt2rsfMc0_00025,7,0,139,TRUE
1605,OVzt2rsfMc0_00026,7,0,215,FALSE
1606,OVzt2rsfMc0_00027,7,0,93,TRUE
1607,OVzt2rsfMc0_00028,7,0,131,TRUE
1608,OVzt2rsfMc0_00029,7,0,64,FALSE
1609,OVzt2rsfMc0_00036,7,0,61,TRUE
1610,OVzt2rsfMc0_00037,7,0,123,TRUE
1611,OVzt2rsfMc0_00064,7,0,57,TRUE
1612,OVzt2rsfMc0_00065,7,0,139,FALSE
1613,OVzt2rsfMc0_00066,7,0,82,FALSE
1614,OVzt2rsfMc0_00076,7,0,41,TRUE
1615,OVzt2rsfMc0_00077,7,0,121,TRUE
1616,OVzt2rsfMc0_00078,7,0,65,FALSE
1617,OVzt2rsfMc0_00087,7,0,111,TRUE
1618,OVzt2rsfMc0_00088,7,0,162,TRUE
1619,OVzt2rsfMc0_00114,7,0,98,TRUE
1620,OVzt2rsfMc0_00115,7,0,143,FALSE
1621,OVzt2rsfMc0_00116,7,0,87,FALSE
1622,OVzt2rsfMc0_00130,7,0,80,TRUE
1623,OVzt2rsfMc0_00131,7,0,187,FALSE
1624,OVzt2rsfMc0_00154,7,0,85,TRUE
1625,OVzt2rsfMc0_00155,7,0,134,TRUE
1626,OVzt2rsfMc0_00156,7,0,98,TRUE
1627,OVzt2rsfMc0_00172,7,0,64,TRUE
1628,OVzt2rsfMc0_00173,7,0,145,TRUE
1629,OVzt2rsfMc0_00177,7,0,55,TRUE
1630,OVzt2rsfMc0_00178,7,0,124,TRUE
1631,OVzt2rsfMc0_00179,7,0,83,FALSE
1632,OVzt2rsfMc0_00180,7,0,44,FALSE
1633,OVzt2rsfMc0_00181,7,0,113,TRUE
1634,OVzt2rsfMc0_00183,7,0,85,TRUE
1635,OVzt2rsfMc0_00184,7,0,144,TRUE
1636,OVzt2rsfMc0_00185,7,0,61,TRUE
1637,OVzt2rsfMc0_00186,7,0,128,TRUE
1638,OVzt2rsfMc0_00188,7,0,73,TRUE
1639,OVzt2rsfMc0_00202,7,0,112,FALSE
1640,OVzt2rsfMc0_00203,7,0,128,TRUE
1641,OVzt2rsfMc0_00204,7,0,92,TRUE
1642,OVzt2rsfMc0_00211,7,0,114,TRUE
1643,OVzt2rsfMc0_00212,7,0,164,TRUE
1644,OVzt2rsfMc0_00213,7,0,84,FALSE
1645,OVzt2rsfMc0_00214,7,0,47,FALSE
1646,OVzt2rsfMc0_00215,7,0,138,TRUE
1647,OVzt2rsfMc0_00216,7,0,77,FALSE
1648,OVzt2rsfMc0_00220,7,0,53,TRUE
1649,OVzt2rsfMc0_00221,7,0,133,TRUE
1650,OVzt2rsfMc0_00223,7,0,109,FALSE
1651,OVzt2rsfMc0_00224,7,0,111,TRUE
1652,OVzt2rsfMc0_00225,7,0,134,TRUE
1653,OVzt2rsfMc0_00226,7,0,81,FALSE
1654,OVzt2rsfMc0_00266,7,0,56,TRUE
1655,OVzt2rsfMc0_00267,7,0,109,TRUE
1656,OVzt2rsfMc0_00268,7,0,149,TRUE
1657,OVzt2rsfMc0_00299,7,0,59,TRUE
1658,OVzt2rsfMc0_00300,7,0,118,TRUE
1659,OVzt2rsfMc0_00316,7,0,121,TRUE
1660,OVzt2rsfMc0_00317,7,0,177,TRUE
1661,OVzt2rsfMc0_00318,7,0,157,TRUE
1662,OVzt2rsfMc0_00405,7,0,82,TRUE
1663,OVzt2rsfMc0_00406,7,0,141,TRUE
1664,OVzt2rsfMc0_00407,7,0,97,FALSE
1665,OVzt2rsfMc0_00409,7,0,85,FALSE
1666,OVzt2rsfMc0_00410,7,0,165,TRUE
1667,OVzt2rsfMc0_00411,7,0,131,FALSE
1668,OVzt2rsfMc0_00428,7,0,64,FALSE
1669,OVzt2rsfMc0_00429,7,0,114,TRUE
1670,OVzt2rsfMc0_00430,7,0,103,FALSE
1671,Q--70-ELqLw_00035,7,0,63,TRUE
1672,Q--70-ELqLw_00036,7,0,106,TRUE
1673,Q--70-ELqLw_00037,7,0,162,TRUE
1674,Q--70-ELqLw_00059,7,0,66,FALSE
1675,Q--70-ELqLw_00060,7,0,296,FALSE
1676,Q--70-ELqLw_00102,7,0,195,FALSE
1677,RWNrARSbRCY_00027,7,0,107,TRUE
1678,RWNrARSbRCY_00028,7,0,142,TRUE
1679,RWNrARSbRCY_00029,7,0,192,FALSE
1680,RWNrARSbRCY_00094,7,0,77,TRUE
1681,RWNrARSbRCY_00095,7,0,133,TRUE
1682,RWNrARSbRCY_00096,7,0,209,FALSE
1683,S9aCrmtAV8o_00095,7,0,123,TRUE
1684,S9aCrmtAV8o_00096,7,0,224,FALSE
1685,S9aCrmtAV8o_00099,7,0,127,TRUE
1686,S9aCrmtAV8o_00100,7,0,224,FALSE
1687,S9aCrmtAV8o_00125,7,0,149,FALSE
1688,S9aCrmtAV8o_00126,7,0,203,FALSE
1689,S9aCrmtAV8o_00132,7,0,167,FALSE
1690,S9aCrmtAV8o_00133,7,0,252,FALSE
1691,S9aCrmtAV8o_00137,7,0,277,FALSE
1692,S9aCrmtAV8o_00138,7,0,255,FALSE
1693,S9aCrmtAV8o_00145,7,0,151,FALSE
1694,S9aCrmtAV8o_00146,7,0,254,FALSE
1695,TeboS8s_00w_00002,7,0,114,TRUE
1696,TeboS8s_00w_00003,7,0,208,FALSE
1697,TeboS8s_00w_00017,7,0,197,FALSE
1698,TeboS8s_00w_00018,7,0,214,FALSE
1699,TeboS8s_00w_00025,7,0,602,FALSE
1700,TeboS8s_00w_00026,7,0,275,FALSE
1701,TeboS8s_00w_00063,7,0,146,TRUE
1702,TeboS8s_00w_00064,7,0,240,FALSE
1703,TeboS8s_00w_00178,7,0,131,FALSE
1704,TeboS8s_00w_00179,7,0,256,FALSE
1705,VNvb5oLOpLg_00376,7,0,178,FALSE
1706,VNvb5oLOpLg_00377,7,0,266,FALSE
1707,VNvb5oLOpLg_00406,7,0,167,FALSE
1708,VNvb5oLOpLg_00407,7,0,298,FALSE
1709,VNvb5oLOpLg_00410,7,0,144,TRUE
1710,VNvb5oLOpLg_00411,7,0,241,FALSE
1711,VNvb5oLOpLg_00430,7,0,157,TRUE
1712,VNvb5oLOpLg_00431,7,0,267,FALSE
1713,VNvb5oLOpLg_00464,7,0,171,TRUE
1714,VNvb5oLOpLg_00465,7,0,257,FALSE
1715,VNvb5oLOpLg_00468,7,0,255,FALSE
1716,VNvb5oLOpLg_00469,7,0,233,FALSE
1717,VNvb5oLOpLg_00476,7,0,106,TRUE
1718,VNvb5oLOpLg_00477,7,0,211,FALSE
1719,VNvb5oLOpLg_00484,7,0,157,TRUE
1720,VNvb5oLOpLg_00485,7,0,291,FALSE
1721,VNvb5oLOpLg_00500,7,0,220,FALSE
1722,VNvb5oLOpLg_00501,7,0,313,FALSE
1723,VNvb5oLOpLg_00547,7,0,183,FALSE
1724,VNvb5oLOpLg_00548,7,0,252,FALSE
1725,VNvb5oLOpLg_00928,7,0,154,TRUE
1726,VNvb5oLOpLg_00929,7,0,268,FALSE
1727,VNvb5oLOpLg_00930,7,0,261,FALSE
1728,VNvb5oLOpLg_00970,7,0,147,FALSE
1729,VNvb5oLOpLg_00971,7,0,274,FALSE
1730,VNvb5oLOpLg_00972,7,0,280,FALSE
1731,VNvb5oLOpLg_00979,7,0,182,FALSE
1732,VNvb5oLOpLg_00980,7,0,267,FALSE
1733,VNvb5oLOpLg_00981,7,0,258,FALSE
1734,VNvb5oLOpLg_00988,7,0,131,FALSE
1735,VNvb5oLOpLg_00989,7,0,256,FALSE
1736,VNvb5oLOpLg_00990,7,0,233,FALSE
1737,VNvb5oLOpLg_00991,7,0,166,FALSE
1738,VNvb5oLOpLg_00992,7,0,235,FALSE
1739,VNvb5oLOpLg_00993,7,0,222,FALSE
1740,VNvb5oLOpLg_01029,7,0,136,FALSE
1741,VNvb5oLOpLg_01030,7,0,244,FALSE
1742,VNvb5oLOpLg_01031,7,0,238,FALSE
1743,VNvb5oLOpLg_01035,7,0,181,FALSE
1744,VNvb5oLOpLg_01036,7,0,278,FALSE
1745,VNvb5oLOpLg_01037,7,0,264,FALSE
1746,VNvb5oLOpLg_01038,7,0,150,FALSE
1747,VNvb5oLOpLg_01039,7,0,271,FALSE
1748,VNvb5oLOpLg_01040,7,0,286,FALSE
1749,VNvb5oLOpLg_01042,7,0,302,FALSE
1750,VNvb5oLOpLg_01043,7,0,291,FALSE
1751,VNvb5oLOpLg_01067,7,0,426,FALSE
1752,VNvb5oLOpLg_01068,7,0,270,FALSE
1753,VNvb5oLOpLg_01069,7,0,312,FALSE
1754,VNvb5oLOpLg_01088,7,0,159,TRUE
1755,VNvb5oLOpLg_01090,7,0,270,FALSE
1756,VNvb5oLOpLg_01140,7,0,274,FALSE
1757,VNvb5oLOpLg_01142,7,0,170,FALSE
1758,VNvb5oLOpLg_01143,7,0,265,FALSE
1759,VNvb5oLOpLg_01144,7,0,270,FALSE
1760,Y7QZcr24ye0_00862,7,0,467,FALSE
1761,Y7QZcr24ye0_00863,7,0,327,FALSE
1762,Y7QZcr24ye0_00864,7,0,326,FALSE
1763,Y7QZcr24ye0_00891,7,0,139,FALSE
1764,Y7QZcr24ye0_00892,7,0,258,FALSE
1765,Y7QZcr24ye0_00893,7,0,249,FALSE
1766,Y7QZcr24ye0_00926,7,0,204,FALSE
1767,Y7QZcr24ye0_00927,7,0,276,FALSE
1768,Y7QZcr24ye0_00928,7,0,266,FALSE
1769,Y7QZcr24ye0_00953,7,0,224,FALSE
1770,Y7QZcr24ye0_00954,7,0,283,FALSE
1771,Y7QZcr24ye0_00955,7,0,302,FALSE
1772,Y7QZcr24ye0_00971,7,0,162,TRUE
1773,Y7QZcr24ye0_00972,7,0,276,FALSE
1774,Y7QZcr24ye0_00973,7,0,301,FALSE
1775,Y7QZcr24ye0_00989,7,0,228,FALSE
1776,Y7QZcr24ye0_00990,7,0,288,FALSE
1777,Y7QZcr24ye0_00991,7,0,300,FALSE
1778,ZAmJsIcfFOA_00069,7,0,104,TRUE
1779,ZAmJsIcfFOA_00070,7,0,114,TRUE
1780,ZAmJsIcfFOA_00071,7,0,136,TRUE
1781,ZAmJsIcfFOA_00084,7,0,163,FALSE
1782,ZAmJsIcfFOA_00085,7,0,171,TRUE
1783,ZAmJsIcfFOA_00113,7,0,76,TRUE
1784,ZAmJsIcfFOA_00114,7,0,175,TRUE
1785,ZAmJsIcfFOA_00115,7,0,116,FALSE
1786,ZAmJsIcfFOA_00150,7,0,74,TRUE
1787,ZAmJsIcfFOA_00151,7,0,182,FALSE
1788,ZAmJsIcfFOA_00152,7,0,137,TRUE
1789,ZAmJsIcfFOA_00171,7,0,196,FALSE
1790,ZAmJsIcfFOA_00173,7,0,157,FALSE
1791,ZAmJsIcfFOA_00193,7,0,97,TRUE
1792,ZAmJsIcfFOA_00194,7,0,222,FALSE
1793,ZAmJsIcfFOA_00195,7,0,84,TRUE
1794,ZAmJsIcfFOA_00196,7,0,172,TRUE
1795,ZAmJsIcfFOA_00197,7,0,110,FALSE
1796,ZAmJsIcfFOA_00213,7,0,107,FALSE
1797,ZAmJsIcfFOA_00214,7,0,225,FALSE
1798,ZAmJsIcfFOA_00215,7,0,167,FALSE
1799,ZAmJsIcfFOA_00234,7,0,66,TRUE
1800,ZAmJsIcfFOA_00235,7,0,252,FALSE
1801,ZAmJsIcfFOA_00236,7,0,141,TRUE
1802,ZAmJsIcfFOA_00237,7,0,166,TRUE
1803,ZAmJsIcfFOA_00238,7,0,155,TRUE
1804,ZAmJsIcfFOA_00239,7,0,117,TRUE
1805,ZAmJsIcfFOA_00275,7,0,239,FALSE
1806,ZAmJsIcfFOA_00339,7,0,69,TRUE
1807,ZAmJsIcfFOA_00340,7,0,166,TRUE
1808,ZAmJsIcfFOA_00341,7,0,121,FALSE
1809,_8Vy3dlHg2w_00218,7,0,99,TRUE
1810,_lmT4WlK7G0_00054,7,0,150,TRUE
1811,_lmT4WlK7G0_00055,7,0,134,TRUE
1812,_lmT4WlK7G0_00069,7,0,104,TRUE
1813,_lmT4WlK7G0_00070,7,0,160,TRUE
1814,_lmT4WlK7G0_00071,7,0,79,FALSE
1815,_lmT4WlK7G0_00072,7,0,69,TRUE
1816,_lmT4WlK7G0_00073,7,0,144,TRUE
1817,_lmT4WlK7G0_00074,7,0,97,FALSE
1818,_lmT4WlK7G0_00076,7,0,160,TRUE
1819,_lmT4WlK7G0_00077,7,0,173,TRUE
1820,_lmT4WlK7G0_00078,7,0,116,TRUE
1821,_lmT4WlK7G0_00110,7,0,61,TRUE
1822,_lmT4WlK7G0_00111,7,0,110,FALSE
1823,_lmT4WlK7G0_00112,7,0,98,FALSE
1824,_lmT4WlK7G0_00113,7,0,58,FALSE
1825,_lmT4WlK7G0_00114,7,0,157,TRUE
1826,_lmT4WlK7G0_00115,7,0,101,FALSE
1827,_lmT4WlK7G0_00116,7,0,164,TRUE
1828,_lmT4WlK7G0_00117,7,0,198,FALSE
1829,_lmT4WlK7G0_00118,7,0,129,FALSE
1830,_tigfCJFLZg_00000,7,0,42,FALSE
1831,_tigfCJFLZg_00001,7,0,107,FALSE
1832,_tigfCJFLZg_00002,7,0,98,FALSE
1833,_tigfCJFLZg_00007,7,0,84,FALSE
1834,_tigfCJFLZg_00008,7,0,173,TRUE
1835,_tigfCJFLZg_00009,7,0,108,TRUE
1836,_tigfCJFLZg_00017,7,0,104,TRUE
1837,_tigfCJFLZg_00018,7,0,103,FALSE
1838,_tigfCJFLZg_00019,7,0,153,TRUE
1839,_tigfCJFLZg_00020,7,0,94,TRUE
1840,_tigfCJFLZg_00031,7,0,68,TRUE
1841,_tigfCJFLZg_00032,7,0,169,FALSE
1842,_tigfCJFLZg_00033,7,0,107,FALSE
1843,_tigfCJFLZg_00037,7,0,61,TRUE
1844,_tigfCJFLZg_00038,7,0,152,TRUE
1845,_tigfCJFLZg_00039,7,0,123,FALSE
1846,_tigfCJFLZg_00040,7,0,67,TRUE
1847,_tigfCJFLZg_00041,7,0,153,TRUE
1848,_tigfCJFLZg_00042,7,0,101,TRUE
1849,_tigfCJFLZg_00043,7,0,96,TRUE
1850,_tigfCJFLZg_00054,7,0,93,TRUE
1851,_tigfCJFLZg_00055,7,0,160,TRUE
1852,_tigfCJFLZg_00056,7,0,163,FALSE
1853,_tigfCJFLZg_00063,7,0,82,FALSE
1854,_tigfCJFLZg_00064,7,0,171,TRUE
1855,_tigfCJFLZg_00065,7,0,128,TRUE
1856,_tigfCJFLZg_00073,7,0,88,TRUE
1857,_tigfCJFLZg_00074,7,0,151,FALSE
1858,_tigfCJFLZg_00075,7,0,136,FALSE
1859,_tigfCJFLZg_00079,7,0,95,FALSE
1860,_tigfCJFLZg_00080,7,0,170,TRUE
1861,_tigfCJFLZg_00081,7,0,166,TRUE
1862,_tigfCJFLZg_00154,7,0,62,TRUE
1863,_tigfCJFLZg_00155,7,0,133,TRUE
1864,_tigfCJFLZg_00156,7,0,271,FALSE
1865,_tigfCJFLZg_00193,7,0,140,TRUE
1866,_tigfCJFLZg_00194,7,0,186,FALSE
1867,_tigfCJFLZg_00195,7,0,129,TRUE
1868,_tigfCJFLZg_00211,7,0,39,FALSE
1869,_tigfCJFLZg_00212,7,0,30,FALSE
1870,_tigfCJFLZg_00213,7,0,131,TRUE
1871,_tigfCJFLZg_00214,7,0,89,FALSE
1872,_tigfCJFLZg_00224,7,0,85,TRUE
1873,_tigfCJFLZg_00225,7,0,179,TRUE
1874,_tigfCJFLZg_00226,7,0,140,TRUE
1875,_tigfCJFLZg_00252,7,0,50,FALSE
1876,_tigfCJFLZg_00253,7,0,136,TRUE
1877,_tigfCJFLZg_00254,7,0,86,TRUE
1878,_tigfCJFLZg_00258,7,0,68,TRUE
1879,_tigfCJFLZg_00259,7,0,149,FALSE
1880,_tigfCJFLZg_00260,7,0,153,TRUE
1881,_tigfCJFLZg_00264,7,0,47,TRUE
1882,_tigfCJFLZg_00265,7,0,99,TRUE
1883,_tigfCJFLZg_00266,7,0,77,FALSE
1884,_tigfCJFLZg_00267,7,0,57,TRUE
1885,_tigfCJFLZg_00268,7,0,130,TRUE
1886,_tigfCJFLZg_00269,7,0,54,TRUE
1887,_tigfCJFLZg_00285,7,0,69,TRUE
1888,_tigfCJFLZg_00286,7,0,166,TRUE
1889,_tigfCJFLZg_00288,7,0,128,TRUE
1890,_tigfCJFLZg_00289,7,0,81,TRUE
1891,_tigfCJFLZg_00290,7,0,151,TRUE
1892,_tigfCJFLZg_00291,7,0,81,FALSE
1893,_tigfCJFLZg_00395,7,0,53,TRUE
1894,_tigfCJFLZg_00396,7,0,135,TRUE
1895,_tigfCJFLZg_00397,7,0,140,TRUE
1896,_tigfCJFLZg_00410,7,0,174,TRUE
1897,_tigfCJFLZg_00411,7,0,183,FALSE
1898,_tigfCJFLZg_00412,7,0,121,TRUE
1899,_tigfCJFLZg_00438,7,0,152,TRUE
1900,_tigfCJFLZg_00439,7,0,150,TRUE
1901,_tigfCJFLZg_00440,7,0,84,FALSE
1902,_tigfCJFLZg_00468,7,0,70,TRUE
1903,_tigfCJFLZg_00469,7,0,150,TRUE
1904,_tigfCJFLZg_00470,7,0,88,FALSE
1905,aektxm8cLdo_00020,7,0,82,TRUE
1906,aektxm8cLdo_00021,7,0,131,TRUE
1907,aektxm8cLdo_00022,7,0,96,TRUE
1908,aektxm8cLdo_00035,7,0,136,TRUE
1909,aektxm8cLdo_00036,7,0,141,TRUE
1910,aektxm8cLdo_00037,7,0,125,TRUE
1911,aektxm8cLdo_00044,7,0,46,TRUE
1912,aektxm8cLdo_00045,7,0,80,TRUE
1913,aektxm8cLdo_00046,7,0,72,TRUE
1914,c7FHotPDZIw_00044,7,0,86,TRUE
1915,c7FHotPDZIw_00045,7,0,110,TRUE
1916,c7FHotPDZIw_00054,7,0,146,TRUE
1917,c7FHotPDZIw_00055,7,0,112,TRUE
1918,c7FHotPDZIw_00083,7,0,129,TRUE
1919,c7FHotPDZIw_00084,7,0,165,TRUE
1920,c7FHotPDZIw_00091,7,0,167,TRUE
1921,c7FHotPDZIw_00092,7,0,87,TRUE
1922,c7FHotPDZIw_00094,7,0,123,TRUE
1923,czXA41QTops_00012,7,0,83,FALSE
1924,czXA41QTops_00013,7,0,172,TRUE
1925,czXA41QTops_00014,7,0,79,FALSE
1926,czXA41QTops_00066,7,0,138,FALSE
1927,czXA41QTops_00067,7,0,57,FALSE
1928,db7DmpqzGmc_00061,7,0,48,FALSE
1929,db7DmpqzGmc_00062,7,0,89,TRUE
1930,db7DmpqzGmc_00063,7,0,137,TRUE
1931,db7DmpqzGmc_00064,7,0,49,FALSE
1932,db7DmpqzGmc_00065,7,0,87,TRUE
1933,db7DmpqzGmc_00066,7,0,99,TRUE
1934,db7DmpqzGmc_00070,7,0,73,FALSE
1935,db7DmpqzGmc_00071,7,0,103,TRUE
1936,db7DmpqzGmc_00072,7,0,145,TRUE
1937,db7DmpqzGmc_00079,7,0,53,TRUE
1938,db7DmpqzGmc_00080,7,0,91,TRUE
1939,db7DmpqzGmc_00081,7,0,141,TRUE
1940,db7DmpqzGmc_00095,7,0,71,TRUE
1941,db7DmpqzGmc_00096,7,0,84,FALSE
1942,db7DmpqzGmc_00097,7,0,160,TRUE
1943,db7DmpqzGmc_00101,7,0,77,FALSE
1944,db7DmpqzGmc_00102,7,0,116,FALSE
1945,db7DmpqzGmc_00103,7,0,192,FALSE
1946,db7DmpqzGmc_00104,7,0,37,FALSE
1947,db7DmpqzGmc_00105,7,0,34,TRUE
1948,db7DmpqzGmc_00106,7,0,103,TRUE
1949,db7DmpqzGmc_00141,7,0,58,TRUE
1950,db7DmpqzGmc_00142,7,0,74,TRUE
1951,db7DmpqzGmc_00143,7,0,79,FALSE
1952,db7DmpqzGmc_00144,7,0,122,TRUE
1953,db7DmpqzGmc_00186,7,0,75,FALSE
1954,db7DmpqzGmc_00187,7,0,107,FALSE
1955,db7DmpqzGmc_00188,7,0,157,TRUE
1956,db7DmpqzGmc_00205,7,0,46,FALSE
1957,db7DmpqzGmc_00206,7,0,69,FALSE
1958,db7DmpqzGmc_00207,7,0,119,FALSE
1959,db7DmpqzGmc_00208,7,0,176,FALSE
1960,db7DmpqzGmc_00209,7,0,87,TRUE
1961,db7DmpqzGmc_00210,7,0,92,TRUE
1962,db7DmpqzGmc_00214,7,0,166,TRUE
1963,db7DmpqzGmc_00215,7,0,64,FALSE
1964,db7DmpqzGmc_00216,7,0,129,TRUE
1965,ddV_Cpszpls_00098,7,0,82,TRUE
1966,ddV_Cpszpls_00099,7,0,189,FALSE
1967,ddV_Cpszpls_00101,7,0,48,FALSE
1968,ddV_Cpszpls_00102,7,0,151,FALSE
1969,ddV_Cpszpls_00103,7,0,144,TRUE
1970,eN8umEok9U8_00086,7,0,203,FALSE
1971,eN8umEok9U8_00087,7,0,136,FALSE
1972,eN8umEok9U8_00192,7,0,96,TRUE
1973,eN8umEok9U8_00193,7,0,124,TRUE
1974,egsanPCCIzQ_00061,7,0,75,TRUE
1975,egsanPCCIzQ_00062,7,0,179,TRUE
1976,egsanPCCIzQ_00063,7,0,99,TRUE
1977,egsanPCCIzQ_00064,7,0,177,FALSE
1978,egsanPCCIzQ_00065,7,0,141,TRUE
1979,egsanPCCIzQ_00066,7,0,60,FALSE
1980,egsanPCCIzQ_00067,7,0,176,TRUE
1981,egsanPCCIzQ_00068,7,0,114,TRUE
1982,egsanPCCIzQ_00069,7,0,88,TRUE
1983,egsanPCCIzQ_00070,7,0,228,FALSE
1984,egsanPCCIzQ_00071,7,0,141,TRUE
1985,egsanPCCIzQ_00093,7,0,113,FALSE
1986,egsanPCCIzQ_00094,7,0,197,FALSE
1987,egsanPCCIzQ_00095,7,0,123,FALSE
1988,egsanPCCIzQ_00114,7,0,75,FALSE
1989,egsanPCCIzQ_00115,7,0,171,FALSE
1990,egsanPCCIzQ_00150,7,0,104,TRUE
1991,egsanPCCIzQ_00151,7,0,210,FALSE
1992,egsanPCCIzQ_00152,7,0,170,TRUE
1993,egsanPCCIzQ_00153,7,0,56,FALSE
1994,egsanPCCIzQ_00154,7,0,179,TRUE
1995,egsanPCCIzQ_00155,7,0,136,TRUE
1996,egsanPCCIzQ_00156,7,0,118,FALSE
1997,egsanPCCIzQ_00157,7,0,203,FALSE
1998,egsanPCCIzQ_00158,7,0,135,FALSE
1999,fB1Pc3CylrQ_00013,7,0,94,FALSE
2000,fohMq9tOn6E_00072,7,0,101,FALSE
2001,fohMq9tOn6E_00073,7,0,154,FALSE
2002,fohMq9tOn6E_00079,7,0,95,TRUE
2003,fohMq9tOn6E_00080,7,0,158,TRUE
2004,iv0Gu1VXAgc_00024,7,0,50,FALSE
2005,iv0Gu1VXAgc_00025,7,0,92,FALSE
2006,iv0Gu1VXAgc_00026,7,0,112,FALSE
2007,iv0Gu1VXAgc_00045,7,0,63,TRUE
2008,iv0Gu1VXAgc_00046,7,0,85,TRUE
2009,iv0Gu1VXAgc_00047,7,0,122,TRUE
2010,iv0Gu1VXAgc_00084,7,0,48,FALSE
2011,iv0Gu1VXAgc_00085,7,0,77,TRUE
2012,iv0Gu1VXAgc_00086,7,0,116,FALSE
2013,iv0Gu1VXAgc_00145,7,0,153,TRUE
2014,iv0Gu1VXAgc_00146,7,0,91,FALSE
2015,iv0Gu1VXAgc_00147,7,0,145,TRUE
2016,iv0Gu1VXAgc_00151,7,0,42,FALSE
2017,iv0Gu1VXAgc_00152,7,0,57,TRUE
2018,iv0Gu1VXAgc_00153,7,0,109,FALSE
2019,iv0Gu1VXAgc_00179,7,0,59,FALSE
2020,iv0Gu1VXAgc_00180,7,0,99,FALSE
2021,iv0Gu1VXAgc_00181,7,0,155,FALSE
2022,iv0Gu1VXAgc_00212,7,0,52,TRUE
2023,iv0Gu1VXAgc_00213,7,0,78,TRUE
2024,iv0Gu1VXAgc_00214,7,0,122,TRUE
2025,k1F4LHeYhBs_00000,7,0,128,FALSE
2026,k1F4LHeYhBs_00001,7,0,281,FALSE
2027,k1F4LHeYhBs_00038,7,0,186,FALSE
2028,k1F4LHeYhBs_00039,7,0,282,FALSE
2029,k1F4LHeYhBs_00040,7,0,267,FALSE
2030,k1F4LHeYhBs_00053,7,0,217,FALSE
2031,k1F4LHeYhBs_00054,7,0,299,FALSE
2032,k1F4LHeYhBs_00055,7,0,283,FALSE
2033,k1F4LHeYhBs_00179,7,0,129,TRUE
2034,k1F4LHeYhBs_00180,7,0,231,FALSE
2035,k1F4LHeYhBs_00181,7,0,225,FALSE
2036,k1F4LHeYhBs_00187,7,0,120,TRUE
2037,k1F4LHeYhBs_00188,7,0,211,FALSE
2038,k1F4LHeYhBs_00189,7,0,213,FALSE
2039,k1F4LHeYhBs_00206,7,0,159,FALSE
2040,k1F4LHeYhBs_00207,7,0,188,FALSE
2041,k1F4LHeYhBs_00212,7,0,400,FALSE
2042,k1F4LHeYhBs_00214,7,0,226,FALSE
2043,k1F4LHeYhBs_00215,7,0,246,FALSE
2044,k1F4LHeYhBs_00225,7,0,113,TRUE
2045,k1F4LHeYhBs_00226,7,0,203,FALSE
2046,k1F4LHeYhBs_00227,7,0,220,FALSE
2047,k1F4LHeYhBs_00243,7,0,236,FALSE
2048,k1F4LHeYhBs_00244,7,0,282,FALSE
2049,k1F4LHeYhBs_00245,7,0,317,FALSE
2050,k1F4LHeYhBs_00258,7,0,192,FALSE
2051,k1F4LHeYhBs_00259,7,0,257,FALSE
2052,k1F4LHeYhBs_00260,7,0,225,FALSE
2053,kVT_sNgYBAE_00012,7,0,237,FALSE
2054,kVT_sNgYBAE_00013,7,0,216,FALSE
2055,kVT_sNgYBAE_00109,7,0,57,TRUE
2056,kVT_sNgYBAE_00110,7,0,188,FALSE
2057,l6ZoMjD1UtA_00003,7,0,145,TRUE
2058,l6ZoMjD1UtA_00004,7,0,101,TRUE
2059,l6ZoMjD1UtA_00006,7,0,125,TRUE
2060,l6ZoMjD1UtA_00069,7,0,46,FALSE
2061,l6ZoMjD1UtA_00070,7,0,93,TRUE
2062,l6ZoMjD1UtA_00071,7,0,104,FALSE
2063,l6ZoMjD1UtA_00084,7,0,78,FALSE
2064,l6ZoMjD1UtA_00085,7,0,137,TRUE
2065,l6ZoMjD1UtA_00086,7,0,126,FALSE
2066,l6ZoMjD1UtA_00131,7,0,103,TRUE
2067,l6ZoMjD1UtA_00143,7,0,47,TRUE
2068,l6ZoMjD1UtA_00144,7,0,115,TRUE
2069,l6ZoMjD1UtA_00145,7,0,99,FALSE
2070,l6ZoMjD1UtA_00147,7,0,150,TRUE
2071,mGbuP7nT2ck_00028,7,0,86,TRUE
2072,mGbuP7nT2ck_00029,7,0,121,TRUE
2073,mGbuP7nT2ck_00032,7,0,85,TRUE
2074,mGbuP7nT2ck_00033,7,0,133,TRUE
2075,mGbuP7nT2ck_00036,7,0,62,FALSE
2076,mGbuP7nT2ck_00037,7,0,113,TRUE
2077,mGbuP7nT2ck_00054,7,0,114,TRUE
2078,mGbuP7nT2ck_00055,7,0,119,TRUE
2079,mGbuP7nT2ck_00058,7,0,71,FALSE
2080,mGbuP7nT2ck_00059,7,0,138,TRUE
2081,mGbuP7nT2ck_00066,7,0,150,TRUE
2082,mGbuP7nT2ck_00067,7,0,150,TRUE
2083,mGbuP7nT2ck_00068,7,0,54,TRUE
2084,mGbuP7nT2ck_00069,7,0,129,TRUE
2085,mGbuP7nT2ck_00070,7,0,59,FALSE
2086,mGbuP7nT2ck_00071,7,0,135,TRUE
2087,mGbuP7nT2ck_00072,7,0,61,FALSE
2088,mGbuP7nT2ck_00073,7,0,115,TRUE
2089,mGbuP7nT2ck_00086,7,0,119,TRUE
2090,mGbuP7nT2ck_00087,7,0,167,TRUE
2091,nOlRwoxsDJ0_00326,7,0,419,FALSE
2092,nOlRwoxsDJ0_00327,7,0,243,FALSE
2093,nOlRwoxsDJ0_00328,7,0,125,TRUE
2094,nOlRwoxsDJ0_00329,7,0,215,FALSE
2095,nOlRwoxsDJ0_00342,7,0,107,TRUE
2096,nOlRwoxsDJ0_00343,7,0,175,TRUE
2097,nOlRwoxsDJ0_00374,7,0,108,FALSE
2098,nOlRwoxsDJ0_00375,7,0,179,TRUE
2099,nOlRwoxsDJ0_00378,7,0,170,FALSE
2100,nOlRwoxsDJ0_00379,7,0,275,FALSE
2101,nOlRwoxsDJ0_00436,7,0,127,TRUE
2102,nOlRwoxsDJ0_00437,7,0,195,FALSE
2103,nOlRwoxsDJ0_00448,7,0,189,FALSE
2104,nOlRwoxsDJ0_00449,7,0,211,FALSE
2105,nOlRwoxsDJ0_00727,7,0,137,TRUE
2106,nOlRwoxsDJ0_00728,7,0,219,FALSE
2107,nOlRwoxsDJ0_00768,7,0,195,FALSE
2108,nOlRwoxsDJ0_00876,7,0,198,FALSE
2109,nOlRwoxsDJ0_00877,7,0,219,FALSE
2110,ozbr742-Trc_00010,7,0,92,TRUE
2111,sk8TafuB3lU_01009,7,0,132,FALSE
2112,sk8TafuB3lU_01010,7,0,259,FALSE
2113,uDESPUxbjnI_00067,7,0,89,TRUE
2114,uDESPUxbjnI_00068,7,0,122,FALSE
2115,uDESPUxbjnI_00069,7,0,158,TRUE
2116,uDESPUxbjnI_00080,7,0,43,FALSE
2117,uDESPUxbjnI_00081,7,0,81,FALSE
2118,uDESPUxbjnI_00082,7,0,121,FALSE
2119,uDESPUxbjnI_00094,7,0,179,TRUE
2120,uDESPUxbjnI_00095,7,0,157,FALSE
2121,uDESPUxbjnI_00096,7,0,75,FALSE
2122,uDESPUxbjnI_00100,7,0,175,TRUE
2123,uDESPUxbjnI_00101,7,0,108,FALSE
2124,uDESPUxbjnI_00102,7,0,188,FALSE
2125,uDESPUxbjnI_00109,7,0,69,TRUE
2126,uDESPUxbjnI_00115,7,0,173,TRUE
2127,uDESPUxbjnI_00117,7,0,119,FALSE
2128,uDESPUxbjnI_00180,7,0,161,TRUE
2129,uDESPUxbjnI_00181,7,0,129,FALSE
2130,uDESPUxbjnI_00182,7,0,142,FALSE
2131,xbQCwTHcGN8_00000,7,0,81,FALSE
2132,xbQCwTHcGN8_00001,7,0,157,TRUE
2133,xbQCwTHcGN8_00002,7,0,106,FALSE
2134,xbQCwTHcGN8_00010,7,0,91,TRUE
2135,xbQCwTHcGN8_00011,7,0,171,TRUE
2136,xbQCwTHcGN8_00012,7,0,140,TRUE
2137,xbQCwTHcGN8_00022,7,0,70,TRUE
2138,xbQCwTHcGN8_00023,7,0,143,TRUE
2139,xbQCwTHcGN8_00024,7,0,135,FALSE
2140,xbQCwTHcGN8_00028,7,0,89,TRUE
2141,xbQCwTHcGN8_00029,7,0,142,TRUE
2142,xbQCwTHcGN8_00030,7,0,114,TRUE
2143,xbQCwTHcGN8_00031,7,0,92,TRUE
2144,xbQCwTHcGN8_00032,7,0,148,FALSE
2145,xbQCwTHcGN8_00033,7,0,140,FALSE
2146,xbQCwTHcGN8_00034,7,0,59,TRUE
2147,xbQCwTHcGN8_00035,7,0,149,TRUE
2148,xbQCwTHcGN8_00036,7,0,95,FALSE
2149,xbQCwTHcGN8_00043,7,0,41,FALSE
2150,xbQCwTHcGN8_00044,7,0,131,TRUE
2151,xbQCwTHcGN8_00045,7,0,92,FALSE
2152,xbQCwTHcGN8_00049,7,0,54,TRUE
2153,xbQCwTHcGN8_00050,7,0,146,TRUE
2154,xbQCwTHcGN8_00051,7,0,76,FALSE
2155,xbQCwTHcGN8_00112,7,0,55,FALSE
2156,xbQCwTHcGN8_00113,7,0,142,FALSE
2157,xbQCwTHcGN8_00114,7,0,91,FALSE
2158,xbQCwTHcGN8_00127,7,0,161,TRUE
2159,xbQCwTHcGN8_00128,7,0,167,TRUE
2160,xbQCwTHcGN8_00129,7,0,112,TRUE
2161,xbQCwTHcGN8_00155,7,0,81,TRUE
2162,xbQCwTHcGN8_00156,7,0,160,TRUE
2163,xbQCwTHcGN8_00157,7,0,86,FALSE
2164,xbQCwTHcGN8_00232,7,0,73,TRUE
2165,xbQCwTHcGN8_00233,7,0,158,TRUE
2166,xbQCwTHcGN8_00234,7,0,98,FALSE
2167,xbQCwTHcGN8_00235,7,0,67,TRUE
2168,xbQCwTHcGN8_00236,7,0,157,TRUE
2169,xbQCwTHcGN8_00237,7,0,174,FALSE
2170,xbQCwTHcGN8_00256,7,0,84,FALSE
2171,xbQCwTHcGN8_00257,7,0,183,FALSE
2172,xbQCwTHcGN8_00258,7,0,117,TRUE
2173,xbQCwTHcGN8_00259,7,0,52,TRUE
2174,xbQCwTHcGN8_00260,7,0,123,FALSE
2175,xbQCwTHcGN8_00261,7,0,108,FALSE
2176,xbQCwTHcGN8_00300,7,0,70,TRUE
2177,xbQCwTHcGN8_00301,7,0,224,FALSE
2178,zYHstCxnAPA_00614,7,0,420,FALSE
2179,zYHstCxnAPA_00615,7,0,353,FALSE
2180,zYHstCxnAPA_00635,7,0,120,TRUE
2181,zYHstCxnAPA_00636,7,0,228,FALSE
2182,zYHstCxnAPA_00649,7,0,168,TRUE
2183,zYHstCxnAPA_00650,7,0,347,FALSE
2184,zYHstCxnAPA_00661,7,0,441,FALSE
2185,zYHstCxnAPA_00662,7,0,253,FALSE
2186,zYHstCxnAPA_00663,7,0,160,TRUE
2187,zYHstCxnAPA_00664,7,0,259,FALSE
2188,zYHstCxnAPA_00665,7,0,150,TRUE
2189,zYHstCxnAPA_00666,7,0,235,FALSE
2190,zYHstCxnAPA_00693,7,0,150,TRUE
2191,zYHstCxnAPA_00694,7,0,235,FALSE
2192,zYHstCxnAPA_00719,7,0,179,FALSE
2193,zYHstCxnAPA_00720,7,0,298,FALSE
2194,zYHstCxnAPA_00723,7,0,226,FALSE
2195,zYHstCxnAPA_00724,7,0,354,FALSE
2196,zYHstCxnAPA_00743,7,0,112,TRUE
2197,zYHstCxnAPA_00744,7,0,199,FALSE
2198,zYHstCxnAPA_00749,7,0,176,FALSE
2199,zYHstCxnAPA_00750,7,0,232,FALSE
2200,3N1kUtqJ25A_00000,8,0,281,FALSE
2201,3N1kUtqJ25A_00001,8,0,187,FALSE
2202,3N1kUtqJ25A_00006,8,0,163,FALSE
2203,3N1kUtqJ25A_00007,8,0,231,FALSE
2204,3N1kUtqJ25A_00008,8,0,213,FALSE
2205,3N1kUtqJ25A_00084,8,0,388,FALSE
2206,3N1kUtqJ25A_00085,8,0,249,FALSE
2207,3N1kUtqJ25A_00086,8,0,273,FALSE
2208,3N1kUtqJ25A_00087,8,0,210,FALSE
2209,3N1kUtqJ25A_00088,8,0,234,FALSE
2210,3N1kUtqJ25A_00089,8,0,243,FALSE
2211,3qq031609lA_00016,8,0,53,TRUE
2212,3qq031609lA_00024,8,0,109,TRUE
2213,3qq031609lA_00033,8,0,142,TRUE
2214,5hXbclLNSNA_00030,8,0,46,FALSE
2215,5hXbclLNSNA_00031,8,0,80,FALSE
2216,5hXbclLNSNA_00039,8,0,230,FALSE
2217,5hXbclLNSNA_00040,8,0,178,TRUE
2218,5hXbclLNSNA_00047,8,0,106,TRUE
2219,5hXbclLNSNA_00048,8,0,155,TRUE
2220,5i1begTTucc_00008,8,0,107,TRUE
2221,5i1begTTucc_00009,8,0,121,TRUE
2222,5i1begTTucc_00042,8,0,192,FALSE
2223,5i1begTTucc_00043,8,0,115,TRUE
2224,9jZYYtzYqwE_00057,8,0,154,TRUE
2225,9jZYYtzYqwE_00058,8,0,186,FALSE
2226,D8YKHC5hmUs_00209,8,0,72,TRUE
2227,D8YKHC5hmUs_00210,8,0,124,TRUE
2228,D8YKHC5hmUs_00225,8,0,83,TRUE
2229,D8YKHC5hmUs_00226,8,0,138,TRUE
2230,DB4lpBDPnTY_00021,8,0,115,TRUE
2231,DB4lpBDPnTY_00023,8,0,46,FALSE
2232,DB4lpBDPnTY_00024,8,0,179,TRUE
2233,DB4lpBDPnTY_00025,8,0,45,TRUE
2234,DB4lpBDPnTY_00026,8,0,145,TRUE
2235,DB4lpBDPnTY_00027,8,0,142,TRUE
2236,DB4lpBDPnTY_00028,8,0,160,TRUE
2237,DB4lpBDPnTY_00033,8,0,70,TRUE
2238,JzOshOJgofw_00174,8,0,86,TRUE
2239,JzOshOJgofw_00175,8,0,133,TRUE
2240,JzOshOJgofw_00188,8,0,92,TRUE
2241,JzOshOJgofw_00189,8,0,111,TRUE
2242,JzOshOJgofw_00198,8,0,47,FALSE
2243,JzOshOJgofw_00199,8,0,114,TRUE
2244,JzOshOJgofw_00218,8,0,75,TRUE
2245,JzOshOJgofw_00219,8,0,97,FALSE
2246,JzOshOJgofw_00221,8,0,124,TRUE
2247,JzOshOJgofw_00226,8,0,84,TRUE
2248,JzOshOJgofw_00227,8,0,113,TRUE
2249,JzOshOJgofw_00228,8,0,42,TRUE
2250,JzOshOJgofw_00230,8,0,168,TRUE
2251,JzOshOJgofw_00231,8,0,117,TRUE
2252,JzOshOJgofw_00236,8,0,75,TRUE
2253,JzOshOJgofw_00237,8,0,126,TRUE
2254,JzOshOJgofw_00256,8,0,64,TRUE
2255,JzOshOJgofw_00257,8,0,99,TRUE
2256,JzOshOJgofw_00258,8,0,245,FALSE
2257,JzOshOJgofw_00259,8,0,160,TRUE
2258,JzOshOJgofw_00264,8,0,53,TRUE
2259,JzOshOJgofw_00265,8,0,121,TRUE
2260,OFxuiqI5G44_00000,8,0,142,TRUE
2261,OFxuiqI5G44_00001,8,0,218,FALSE
2262,OFxuiqI5G44_00004,8,0,156,TRUE
2263,OFxuiqI5G44_00005,8,0,248,FALSE
2264,OFxuiqI5G44_00006,8,0,108,TRUE
2265,OFxuiqI5G44_00007,8,0,181,FALSE
2266,OFxuiqI5G44_00037,8,0,281,FALSE
2267,OFxuiqI5G44_00038,8,0,187,FALSE
2268,OFxuiqI5G44_00049,8,0,107,FALSE
2269,OFxuiqI5G44_00050,8,0,193,FALSE
2270,OFxuiqI5G44_00126,8,0,111,TRUE
2271,OFxuiqI5G44_00127,8,0,200,FALSE
2272,OFxuiqI5G44_00128,8,0,208,FALSE
2273,OFxuiqI5G44_00144,8,0,126,TRUE
2274,OFxuiqI5G44_00145,8,0,232,FALSE
2275,OFxuiqI5G44_00146,8,0,225,FALSE
2276,OFxuiqI5G44_00171,8,0,185,FALSE
2277,OFxuiqI5G44_00172,8,0,246,FALSE
2278,OFxuiqI5G44_00278,8,0,368,FALSE
2279,OFxuiqI5G44_00279,8,0,231,FALSE
2280,OFxuiqI5G44_00280,8,0,291,FALSE
2281,OFxuiqI5G44_00293,8,0,393,FALSE
2282,OFxuiqI5G44_00294,8,0,254,FALSE
2283,OFxuiqI5G44_00295,8,0,229,FALSE
2284,OFxuiqI5G44_00327,8,0,133,TRUE
2285,OFxuiqI5G44_00328,8,0,194,FALSE
2286,OFxuiqI5G44_00329,8,0,197,FALSE
2287,OFxuiqI5G44_00345,8,0,295,FALSE
2288,OFxuiqI5G44_00346,8,0,226,FALSE
2289,OFxuiqI5G44_00347,8,0,225,FALSE
2290,OFxuiqI5G44_00357,8,0,180,FALSE
2291,OFxuiqI5G44_00358,8,0,228,FALSE
2292,OFxuiqI5G44_00359,8,0,230,FALSE
2293,OVzt2rsfMc0_00151,8,0,112,TRUE
2294,OVzt2rsfMc0_00152,8,0,141,TRUE
2295,OVzt2rsfMc0_00153,8,0,112,FALSE
2296,OVzt2rsfMc0_00239,8,0,95,TRUE
2297,OVzt2rsfMc0_00240,8,0,145,TRUE
2298,OVzt2rsfMc0_00241,8,0,143,FALSE
2299,OVzt2rsfMc0_00251,8,0,56,TRUE
2300,OVzt2rsfMc0_00252,8,0,131,TRUE
2301,OVzt2rsfMc0_00253,8,0,98,FALSE
2302,OVzt2rsfMc0_00347,8,0,90,FALSE
2303,OVzt2rsfMc0_00348,8,0,166,TRUE
2304,S9aCrmtAV8o_00047,8,0,404,FALSE
2305,S9aCrmtAV8o_00048,8,0,237,FALSE
2306,S9aCrmtAV8o_00107,8,0,131,TRUE
2307,S9aCrmtAV8o_00108,8,0,200,FALSE
2308,S9aCrmtAV8o_00115,8,0,123,TRUE
2309,S9aCrmtAV8o_00116,8,0,236,FALSE
2310,S9aCrmtAV8o_00149,8,0,161,TRUE
2311,S9aCrmtAV8o_00150,8,0,258,FALSE
2312,TeboS8s_00w_00004,8,0,153,TRUE
2313,TeboS8s_00w_00005,8,0,215,FALSE
2314,TeboS8s_00w_00013,8,0,164,FALSE
2315,TeboS8s_00w_00014,8,0,214,FALSE
2316,TeboS8s_00w_00023,8,0,134,FALSE
2317,TeboS8s_00w_00024,8,0,180,FALSE
2318,TeboS8s_00w_00031,8,0,179,TRUE
2319,TeboS8s_00w_00032,8,0,244,FALSE
2320,TeboS8s_00w_00033,8,0,165,FALSE
2321,TeboS8s_00w_00034,8,0,230,FALSE
2322,TeboS8s_00w_00035,8,0,167,TRUE
2323,TeboS8s_00w_00036,8,0,216,FALSE
2324,TeboS8s_00w_00170,8,0,240,FALSE
2325,TeboS8s_00w_00171,8,0,249,FALSE
2326,VNvb5oLOpLg_00320,8,0,210,FALSE
2327,VNvb5oLOpLg_00321,8,0,203,FALSE
2328,VNvb5oLOpLg_00324,8,0,122,FALSE
2329,VNvb5oLOpLg_00325,8,0,205,FALSE
2330,VNvb5oLOpLg_00402,8,0,215,FALSE
2331,VNvb5oLOpLg_00403,8,0,234,FALSE
2332,VNvb5oLOpLg_00444,8,0,118,TRUE
2333,VNvb5oLOpLg_00445,8,0,194,FALSE
2334,VNvb5oLOpLg_00460,8,0,204,FALSE
2335,VNvb5oLOpLg_00461,8,0,310,FALSE
2336,VNvb5oLOpLg_00480,8,0,141,FALSE
2337,VNvb5oLOpLg_00481,8,0,224,FALSE
2338,VNvb5oLOpLg_00482,8,0,122,FALSE
2339,VNvb5oLOpLg_00483,8,0,220,FALSE
2340,VNvb5oLOpLg_00488,8,0,149,TRUE
2341,VNvb5oLOpLg_00489,8,0,211,FALSE
2342,VNvb5oLOpLg_00490,8,0,118,FALSE
2343,VNvb5oLOpLg_00491,8,0,212,FALSE
2344,VNvb5oLOpLg_00492,8,0,260,FALSE
2345,VNvb5oLOpLg_00493,8,0,255,FALSE
2346,VNvb5oLOpLg_00496,8,0,169,TRUE
2347,VNvb5oLOpLg_00497,8,0,224,FALSE
2348,VNvb5oLOpLg_00498,8,0,376,FALSE
2349,VNvb5oLOpLg_00499,8,0,242,FALSE
2350,VNvb5oLOpLg_00502,8,0,128,TRUE
2351,VNvb5oLOpLg_00503,8,0,176,FALSE
2352,VNvb5oLOpLg_00506,8,0,151,TRUE
2353,VNvb5oLOpLg_00507,8,0,261,FALSE
2354,VNvb5oLOpLg_00515,8,0,293,FALSE
2355,VNvb5oLOpLg_00516,8,0,205,FALSE
2356,VNvb5oLOpLg_00958,8,0,209,FALSE
2357,VNvb5oLOpLg_00959,8,0,231,FALSE
2358,VNvb5oLOpLg_00960,8,0,232,FALSE
2359,VNvb5oLOpLg_01021,8,0,160,TRUE
2360,Y7QZcr24ye0_00944,8,0,98,FALSE
2361,Y7QZcr24ye0_00945,8,0,189,FALSE
2362,Y7QZcr24ye0_00946,8,0,206,FALSE
2363,Y7QZcr24ye0_00956,8,0,208,FALSE
2364,Y7QZcr24ye0_00957,8,0,315,FALSE
2365,Y7QZcr24ye0_00958,8,0,299,FALSE
2366,Y7QZcr24ye0_00968,8,0,205,FALSE
2367,Y7QZcr24ye0_00969,8,0,324,FALSE
2368,Y7QZcr24ye0_00970,8,0,282,FALSE
2369,Y7QZcr24ye0_00994,8,0,294,FALSE
2370,_8Vy3dlHg2w_00009,8,0,87,TRUE
2371,_8Vy3dlHg2w_00010,8,0,66,TRUE
2372,_8Vy3dlHg2w_00011,8,0,102,TRUE
2373,_8Vy3dlHg2w_00060,8,0,129,TRUE
2374,_8Vy3dlHg2w_00061,8,0,239,FALSE
2375,_8Vy3dlHg2w_00062,8,0,128,FALSE
2376,_8Vy3dlHg2w_00070,8,0,51,FALSE
2377,_8Vy3dlHg2w_00071,8,0,63,FALSE
2378,_8Vy3dlHg2w_00072,8,0,104,TRUE
2379,_8Vy3dlHg2w_00089,8,0,82,TRUE
2380,_8Vy3dlHg2w_00090,8,0,92,FALSE
2381,_8Vy3dlHg2w_00091,8,0,113,TRUE
2382,_8Vy3dlHg2w_00095,8,0,80,TRUE
2383,_8Vy3dlHg2w_00096,8,0,88,TRUE
2384,_8Vy3dlHg2w_00097,8,0,73,FALSE
2385,_8Vy3dlHg2w_00102,8,0,46,FALSE
2386,_8Vy3dlHg2w_00103,8,0,92,TRUE
2387,_8Vy3dlHg2w_00104,8,0,107,TRUE
2388,_8Vy3dlHg2w_00146,8,0,105,TRUE
2389,_8Vy3dlHg2w_00147,8,0,64,FALSE
2390,_8Vy3dlHg2w_00148,8,0,64,FALSE
2391,_8Vy3dlHg2w_00149,8,0,130,TRUE
2392,_8Vy3dlHg2w_00150,8,0,43,FALSE
2393,_8Vy3dlHg2w_00151,8,0,120,TRUE
2394,_8Vy3dlHg2w_00155,8,0,94,FALSE
2395,_8Vy3dlHg2w_00156,8,0,61,TRUE
2396,_8Vy3dlHg2w_00157,8,0,65,TRUE
2397,_8Vy3dlHg2w_00158,8,0,104,FALSE
2398,_8Vy3dlHg2w_00193,8,0,62,TRUE
2399,_8Vy3dlHg2w_00194,8,0,114,TRUE
2400,_8Vy3dlHg2w_00195,8,0,60,TRUE
2401,_8Vy3dlHg2w_00219,8,0,126,TRUE
2402,_8Vy3dlHg2w_00220,8,0,130,FALSE
2403,aektxm8cLdo_00000,8,0,91,TRUE
2404,aektxm8cLdo_00001,8,0,77,FALSE
2405,aektxm8cLdo_00002,8,0,91,TRUE
2406,c7FHotPDZIw_00024,8,0,78,TRUE
2407,c7FHotPDZIw_00025,8,0,107,TRUE
2408,c7FHotPDZIw_00026,8,0,60,TRUE
2409,c7FHotPDZIw_00027,8,0,95,TRUE
2410,c7FHotPDZIw_00072,8,0,97,TRUE
2411,c7FHotPDZIw_00089,8,0,72,FALSE
2412,c7FHotPDZIw_00090,8,0,100,TRUE
2413,eN8umEok9U8_00110,8,0,92,TRUE
2414,eN8umEok9U8_00111,8,0,192,FALSE
2415,eN8umEok9U8_00132,8,0,59,TRUE
2416,eN8umEok9U8_00133,8,0,107,TRUE
2417,eN8umEok9U8_00175,8,0,83,TRUE
2418,eN8umEok9U8_00176,8,0,118,TRUE
2419,eN8umEok9U8_00188,8,0,59,TRUE
2420,eN8umEok9U8_00189,8,0,83,TRUE
2421,eN8umEok9U8_00196,8,0,96,TRUE
2422,eN8umEok9U8_00197,8,0,108,TRUE
2423,fohMq9tOn6E_00051,8,0,73,FALSE
2424,fohMq9tOn6E_00052,8,0,95,TRUE
2425,fohMq9tOn6E_00099,8,0,114,TRUE
2426,fohMq9tOn6E_00100,8,0,82,TRUE
2427,fohMq9tOn6E_00105,8,0,165,FALSE
2428,fohMq9tOn6E_00106,8,0,122,FALSE
2429,fohMq9tOn6E_00136,8,0,198,FALSE
2430,fohMq9tOn6E_00137,8,0,118,TRUE
2431,iv0Gu1VXAgc_00000,8,0,93,TRUE
2432,iv0Gu1VXAgc_00001,8,0,126,TRUE
2433,iv0Gu1VXAgc_00002,8,0,162,FALSE
2434,iv0Gu1VXAgc_00039,8,0,96,TRUE
2435,iv0Gu1VXAgc_00040,8,0,107,FALSE
2436,iv0Gu1VXAgc_00041,8,0,146,TRUE
2437,iv0Gu1VXAgc_00051,8,0,220,FALSE
2438,iv0Gu1VXAgc_00052,8,0,101,FALSE
2439,iv0Gu1VXAgc_00053,8,0,145,FALSE
2440,iv0Gu1VXAgc_00127,8,0,55,TRUE
2441,iv0Gu1VXAgc_00128,8,0,96,FALSE
2442,iv0Gu1VXAgc_00129,8,0,135,TRUE
2443,iv0Gu1VXAgc_00158,8,0,217,FALSE
2444,iv0Gu1VXAgc_00159,8,0,51,TRUE
2445,iv0Gu1VXAgc_00160,8,0,102,FALSE
2446,iv0Gu1VXAgc_00161,8,0,147,FALSE
2447,iv0Gu1VXAgc_00196,8,0,161,TRUE
2448,iv0Gu1VXAgc_00197,8,0,36,FALSE
2449,iv0Gu1VXAgc_00198,8,0,107,FALSE
2450,iv0Gu1VXAgc_00199,8,0,129,TRUE
2451,iv0Gu1VXAgc_00216,8,0,78,TRUE
2452,iv0Gu1VXAgc_00217,8,0,93,FALSE
2453,iv0Gu1VXAgc_00218,8,0,118,TRUE
2454,k1F4LHeYhBs_00020,8,0,223,FALSE
2455,k1F4LHeYhBs_00021,8,0,296,FALSE
2456,k1F4LHeYhBs_00022,8,0,293,FALSE
2457,k1F4LHeYhBs_00023,8,0,299,FALSE
2458,k1F4LHeYhBs_00024,8,0,379,FALSE
2459,k1F4LHeYhBs_00025,8,0,311,FALSE
2460,k1F4LHeYhBs_00032,8,0,128,TRUE
2461,k1F4LHeYhBs_00033,8,0,245,FALSE
2462,k1F4LHeYhBs_00034,8,0,210,FALSE
2463,k1F4LHeYhBs_00173,8,0,259,FALSE
2464,k1F4LHeYhBs_00174,8,0,239,FALSE
2465,k1F4LHeYhBs_00175,8,0,267,FALSE
2466,nOlRwoxsDJ0_00286,8,0,105,TRUE
2467,nOlRwoxsDJ0_00287,8,0,185,FALSE
2468,nOlRwoxsDJ0_00292,8,0,454,FALSE
2469,nOlRwoxsDJ0_00293,8,0,267,FALSE
2470,nOlRwoxsDJ0_00296,8,0,161,TRUE
2471,nOlRwoxsDJ0_00297,8,0,264,FALSE
2472,nOlRwoxsDJ0_00314,8,0,116,TRUE
2473,nOlRwoxsDJ0_00315,8,0,194,FALSE
2474,nOlRwoxsDJ0_00330,8,0,222,FALSE
2475,nOlRwoxsDJ0_00331,8,0,272,FALSE
2476,nOlRwoxsDJ0_00356,8,0,706,FALSE
2477,nOlRwoxsDJ0_00357,8,0,226,FALSE
2478,nOlRwoxsDJ0_00360,8,0,183,FALSE
2479,nOlRwoxsDJ0_00361,8,0,247,FALSE
2480,nOlRwoxsDJ0_00368,8,0,168,FALSE
2481,nOlRwoxsDJ0_00369,8,0,193,FALSE
2482,nOlRwoxsDJ0_00390,8,0,194,FALSE
2483,nOlRwoxsDJ0_00391,8,0,316,FALSE
2484,nOlRwoxsDJ0_00396,8,0,132,TRUE
2485,nOlRwoxsDJ0_00397,8,0,162,FALSE
2486,nOlRwoxsDJ0_00406,8,0,193,FALSE
2487,nOlRwoxsDJ0_00407,8,0,229,FALSE
2488,nOlRwoxsDJ0_00414,8,0,123,TRUE
2489,nOlRwoxsDJ0_00415,8,0,214,FALSE
2490,nOlRwoxsDJ0_00438,8,0,364,FALSE
2491,nOlRwoxsDJ0_00439,8,0,196,FALSE
2492,nOlRwoxsDJ0_00687,8,0,190,FALSE
2493,nOlRwoxsDJ0_00688,8,0,272,FALSE
2494,nOlRwoxsDJ0_00691,8,0,180,FALSE
2495,nOlRwoxsDJ0_00692,8,0,242,FALSE
2496,nOlRwoxsDJ0_00731,8,0,339,FALSE
2497,nOlRwoxsDJ0_00732,8,0,199,FALSE
2498,nOlRwoxsDJ0_00733,8,0,141,FALSE
2499,nOlRwoxsDJ0_00734,8,0,185,FALSE
2500,nOlRwoxsDJ0_00752,8,0,219,FALSE
2501,nOlRwoxsDJ0_00769,8,0,109,FALSE
2502,nOlRwoxsDJ0_00770,8,0,159,FALSE
2503,nOlRwoxsDJ0_00854,8,0,144,TRUE
2504,nOlRwoxsDJ0_00855,8,0,237,FALSE
2505,nOlRwoxsDJ0_00862,8,0,147,FALSE
2506,nOlRwoxsDJ0_00863,8,0,216,FALSE
2507,ozbr742-Trc_00013,8,0,102,TRUE
2508,siEI_jaSmd4_00091,8,0,166,TRUE
2509,siEI_jaSmd4_00092,8,0,249,FALSE
2510,siEI_jaSmd4_00096,8,0,98,TRUE
2511,siEI_jaSmd4_00103,8,0,138,TRUE
2512,siEI_jaSmd4_00104,8,0,127,TRUE
2513,sk8TafuB3lU_00415,8,0,180,FALSE
2514,sk8TafuB3lU_00416,8,0,224,FALSE
2515,sk8TafuB3lU_00431,8,0,559,FALSE
2516,sk8TafuB3lU_00432,8,0,233,FALSE
2517,sk8TafuB3lU_00449,8,0,162,TRUE
2518,sk8TafuB3lU_00450,8,0,212,FALSE
2519,sk8TafuB3lU_00453,8,0,323,FALSE
2520,sk8TafuB3lU_00457,8,0,118,TRUE
2521,sk8TafuB3lU_00458,8,0,197,FALSE
2522,sk8TafuB3lU_00463,8,0,306,FALSE
2523,sk8TafuB3lU_00464,8,0,214,FALSE
2524,sk8TafuB3lU_00465,8,0,131,TRUE
2525,sk8TafuB3lU_00466,8,0,232,FALSE
2526,sk8TafuB3lU_00467,8,0,147,TRUE
2527,sk8TafuB3lU_00468,8,0,226,FALSE
2528,sk8TafuB3lU_00477,8,0,281,FALSE
2529,sk8TafuB3lU_00478,8,0,259,FALSE
2530,sk8TafuB3lU_00487,8,0,203,FALSE
2531,sk8TafuB3lU_00488,8,0,250,FALSE
2532,sk8TafuB3lU_00489,8,0,136,FALSE
2533,sk8TafuB3lU_00490,8,0,222,FALSE
2534,sk8TafuB3lU_00495,8,0,210,FALSE
2535,sk8TafuB3lU_00496,8,0,215,FALSE
2536,sk8TafuB3lU_00511,8,0,121,TRUE
2537,sk8TafuB3lU_00512,8,0,201,FALSE
2538,sk8TafuB3lU_00547,8,0,163,TRUE
2539,sk8TafuB3lU_00548,8,0,261,FALSE
2540,sk8TafuB3lU_00589,8,0,116,TRUE
2541,sk8TafuB3lU_00590,8,0,214,FALSE
2542,sk8TafuB3lU_00610,8,0,385,FALSE
2543,sk8TafuB3lU_00611,8,0,249,FALSE
2544,sk8TafuB3lU_00614,8,0,166,TRUE
2545,sk8TafuB3lU_00615,8,0,259,FALSE
2546,sk8TafuB3lU_00630,8,0,157,TRUE
2547,sk8TafuB3lU_00631,8,0,242,FALSE
2548,sk8TafuB3lU_00998,8,0,105,FALSE
2549,sk8TafuB3lU_00999,8,0,177,TRUE
2550,sk8TafuB3lU_01056,8,0,108,FALSE
2551,sk8TafuB3lU_01057,8,0,196,FALSE
2552,sk8TafuB3lU_01058,8,0,189,FALSE
2553,sk8TafuB3lU_01086,8,0,191,FALSE
2554,sk8TafuB3lU_01087,8,0,234,FALSE
2555,sk8TafuB3lU_01088,8,0,232,FALSE
2556,sk8TafuB3lU_01101,8,0,135,TRUE
2557,sk8TafuB3lU_01102,8,0,195,FALSE
2558,sk8TafuB3lU_01103,8,0,204,FALSE
2559,sk8TafuB3lU_01110,8,0,172,TRUE
2560,sk8TafuB3lU_01111,8,0,188,FALSE
2561,sk8TafuB3lU_01126,8,0,199,FALSE
2562,sk8TafuB3lU_01129,8,0,137,FALSE
2563,sk8TafuB3lU_01134,8,0,100,TRUE
2564,sk8TafuB3lU_01135,8,0,212,FALSE
2565,sk8TafuB3lU_01150,8,0,258,FALSE
2566,sk8TafuB3lU_01151,8,0,257,FALSE
2567,sk8TafuB3lU_01155,8,0,159,TRUE
2568,sk8TafuB3lU_01156,8,0,228,FALSE
2569,sk8TafuB3lU_01157,8,0,198,FALSE
2570,sk8TafuB3lU_01165,8,0,139,TRUE
2571,sk8TafuB3lU_01166,8,0,244,FALSE
2572,sk8TafuB3lU_01167,8,0,215,FALSE
2573,sk8TafuB3lU_01176,8,0,245,FALSE
2574,sk8TafuB3lU_01177,8,0,219,FALSE
2575,uDESPUxbjnI_00050,8,0,149,TRUE
2576,uDESPUxbjnI_00051,8,0,111,FALSE
2577,uDESPUxbjnI_00052,8,0,174,TRUE
2578,uDESPUxbjnI_00055,8,0,121,TRUE
2579,uDESPUxbjnI_00056,8,0,132,FALSE
2580,uDESPUxbjnI_00057,8,0,180,FALSE
2581,uDESPUxbjnI_00073,8,0,106,FALSE
2582,uDESPUxbjnI_00110,8,0,113,FALSE
2583,uDESPUxbjnI_00111,8,0,144,FALSE
2584,uDESPUxbjnI_00113,8,0,97,TRUE
2585,uDESPUxbjnI_00186,8,0,54,FALSE
2586,uDESPUxbjnI_00187,8,0,89,FALSE
2587,uDESPUxbjnI_00188,8,0,150,TRUE
2588,zYHstCxnAPA_00272,8,0,134,TRUE
2589,zYHstCxnAPA_00273,8,0,191,FALSE
2590,zYHstCxnAPA_00598,8,0,114,TRUE
2591,zYHstCxnAPA_00599,8,0,259,FALSE
2592,zYHstCxnAPA_00602,8,0,214,FALSE
2593,zYHstCxnAPA_00603,8,0,245,FALSE
2594,zYHstCxnAPA_00621,8,0,116,TRUE
2595,zYHstCxnAPA_00622,8,0,231,FALSE
2596,zYHstCxnAPA_00699,8,0,456,FALSE
2597,zYHstCxnAPA_00700,8,0,237,FALSE
2598,zYHstCxnAPA_00701,8,0,91,FALSE
2599,zYHstCxnAPA_00702,8,0,278,FALSE
2600,zYHstCxnAPA_00707,8,0,128,FALSE
2601,zYHstCxnAPA_00708,8,0,276,FALSE
2602,zYHstCxnAPA_00709,8,0,202,FALSE
2603,zYHstCxnAPA_00710,8,0,339,FALSE
2604,zYHstCxnAPA_00711,8,0,153,FALSE
2605,zYHstCxnAPA_00712,8,0,239,FALSE
2606,zYHstCxnAPA_00725,8,0,191,FALSE
2607,zYHstCxnAPA_00726,8,0,269,FALSE
2608,zYHstCxnAPA_00741,8,0,131,TRUE
2609,zYHstCxnAPA_00742,8,0,258,FALSE
2610,zYHstCxnAPA_00753,8,0,225,FALSE
2611,zYHstCxnAPA_00754,8,0,253,FALSE
2612,zYHstCxnAPA_00755,8,0,147,TRUE
2613,zYHstCxnAPA_00756,8,0,241,FALSE
2614,zYHstCxnAPA_00763,8,0,130,FALSE
2615,zYHstCxnAPA_00764,8,0,267,FALSE
2616,zYHstCxnAPA_00765,8,0,249,FALSE
2617,zYHstCxnAPA_00766,8,0,245,FALSE
2618,zYHstCxnAPA_00771,8,0,111,TRUE
2619,zYHstCxnAPA_00772,8,0,199,FALSE
2620,zYHstCxnAPA_00801,8,0,113,TRUE
2621,zYHstCxnAPA_00802,8,0,229,FALSE
2622,zYHstCxnAPA_00811,8,0,124,TRUE
2623,zYHstCxnAPA_00812,8,0,224,FALSE
2624,3N1kUtqJ25A_00193,9,0,157,FALSE
2625,3N1kUtqJ25A_00194,9,0,246,FALSE
2626,3N1kUtqJ25A_00195,9,0,252,FALSE
2627,3N1kUtqJ25A_00217,9,0,337,FALSE
2628,3N1kUtqJ25A_00218,9,0,209,FALSE
2629,3N1kUtqJ25A_00219,9,0,207,FALSE
2630,3N1kUtqJ25A_00223,9,0,172,FALSE
2631,3N1kUtqJ25A_00224,9,0,251,FALSE
2632,3N1kUtqJ25A_00225,9,0,225,FALSE
2633,3N1kUtqJ25A_00232,9,0,487,FALSE
2634,3N1kUtqJ25A_00233,9,0,258,FALSE
2635,3N1kUtqJ25A_00234,9,0,219,FALSE
2636,D6zILEKIJbk_00057,9,0,245,FALSE
2637,D6zILEKIJbk_00058,9,0,181,FALSE
2638,D6zILEKIJbk_00059,9,0,175,FALSE
2639,D6zILEKIJbk_00063,9,0,193,FALSE
2640,D6zILEKIJbk_00064,9,0,139,FALSE
2641,D6zILEKIJbk_00065,9,0,91,FALSE
2642,D6zILEKIJbk_00091,9,0,192,FALSE
2643,D6zILEKIJbk_00092,9,0,190,FALSE
2644,D6zILEKIJbk_00093,9,0,144,FALSE
2645,D6zILEKIJbk_00141,9,0,107,FALSE
2646,D6zILEKIJbk_00142,9,0,177,TRUE
2647,D6zILEKIJbk_00143,9,0,196,FALSE
2648,D6zILEKIJbk_00147,9,0,39,TRUE
2649,D6zILEKIJbk_00148,9,0,73,TRUE
2650,D6zILEKIJbk_00150,9,0,119,TRUE
2651,D6zILEKIJbk_00151,9,0,128,TRUE
2652,D6zILEKIJbk_00152,9,0,93,FALSE
2653,D6zILEKIJbk_00153,9,0,185,FALSE
2654,D6zILEKIJbk_00154,9,0,195,FALSE
2655,D6zILEKIJbk_00155,9,0,154,TRUE
2656,D6zILEKIJbk_00156,9,0,48,TRUE
2657,D6zILEKIJbk_00157,9,0,123,TRUE
2658,D6zILEKIJbk_00158,9,0,94,FALSE
2659,LNMISxO35S0_00031,9,0,221,FALSE
2660,LNMISxO35S0_00032,9,0,142,FALSE
2661,LNMISxO35S0_00033,9,0,185,FALSE
2662,LNMISxO35S0_00115,9,0,98,FALSE
2663,LNMISxO35S0_00116,9,0,130,FALSE
2664,LNMISxO35S0_00117,9,0,177,FALSE
2665,LNMISxO35S0_00243,9,0,78,FALSE
2666,LNMISxO35S0_00244,9,0,102,FALSE
2667,LNMISxO35S0_00258,9,0,142,FALSE
2668,LNMISxO35S0_00259,9,0,111,FALSE
2669,LNMISxO35S0_00260,9,0,156,TRUE
2670,OFxuiqI5G44_00077,9,0,152,FALSE
2671,OFxuiqI5G44_00078,9,0,220,FALSE
2672,OFxuiqI5G44_00079,9,0,219,FALSE
2673,OFxuiqI5G44_00138,9,0,165,FALSE
2674,OFxuiqI5G44_00139,9,0,224,FALSE
2675,OFxuiqI5G44_00140,9,0,213,FALSE
2676,Q--70-ELqLw_00017,9,0,48,FALSE
2677,Q--70-ELqLw_00018,9,0,123,TRUE
2678,Q--70-ELqLw_00019,9,0,118,TRUE
2679,Q--70-ELqLw_00041,9,0,114,FALSE
2680,Q--70-ELqLw_00042,9,0,130,FALSE
2681,Q--70-ELqLw_00050,9,0,49,FALSE
2682,Q--70-ELqLw_00051,9,0,111,TRUE
2683,Q--70-ELqLw_00052,9,0,140,FALSE
2684,Q--70-ELqLw_00058,9,0,150,TRUE
2685,Q--70-ELqLw_00061,9,0,51,TRUE
2686,Q--70-ELqLw_00062,9,0,112,TRUE
2687,Q--70-ELqLw_00063,9,0,138,TRUE
2688,Q--70-ELqLw_00064,9,0,132,FALSE
2689,Q--70-ELqLw_00065,9,0,147,FALSE
2690,Q--70-ELqLw_00066,9,0,143,TRUE
2691,RWNrARSbRCY_00018,9,0,93,FALSE
2692,RWNrARSbRCY_00019,9,0,104,FALSE
2693,RWNrARSbRCY_00020,9,0,179,TRUE
2694,RWNrARSbRCY_00046,9,0,239,FALSE
2695,RWNrARSbRCY_00047,9,0,128,TRUE
2696,RWNrARSbRCY_00048,9,0,175,TRUE
2697,RWNrARSbRCY_00052,9,0,59,FALSE
2698,RWNrARSbRCY_00053,9,0,116,TRUE
2699,RWNrARSbRCY_00054,9,0,108,TRUE
2700,RWNrARSbRCY_00055,9,0,124,TRUE
2701,RWNrARSbRCY_00056,9,0,227,FALSE
2702,RWNrARSbRCY_00057,9,0,104,TRUE
2703,RWNrARSbRCY_00086,9,0,52,TRUE
2704,RWNrARSbRCY_00087,9,0,170,TRUE
2705,RWNrARSbRCY_00102,9,0,98,FALSE
2706,RWNrARSbRCY_00103,9,0,137,TRUE
2707,RWNrARSbRCY_00104,9,0,179,FALSE
2708,RWNrARSbRCY_00108,9,0,75,FALSE
2709,RWNrARSbRCY_00109,9,0,104,TRUE
2710,RWNrARSbRCY_00110,9,0,145,FALSE
2711,RWNrARSbRCY_00111,9,0,149,TRUE
2712,TeboS8s_00w_00120,9,0,236,FALSE
2713,TeboS8s_00w_00121,9,0,214,FALSE
2714,TeboS8s_00w_00146,9,0,113,FALSE
2715,TeboS8s_00w_00147,9,0,214,FALSE
2716,V5parOfpuEQ_00163,9,0,51,TRUE
2717,V5parOfpuEQ_00164,9,0,130,TRUE
2718,VNvb5oLOpLg_00940,9,0,124,FALSE
2719,VNvb5oLOpLg_00941,9,0,237,FALSE
2720,VNvb5oLOpLg_00942,9,0,246,FALSE
2721,VNvb5oLOpLg_00943,9,0,186,FALSE
2722,VNvb5oLOpLg_00944,9,0,255,FALSE
2723,VNvb5oLOpLg_00945,9,0,230,FALSE
2724,VNvb5oLOpLg_00964,9,0,219,FALSE
2725,VNvb5oLOpLg_00965,9,0,250,FALSE
2726,VNvb5oLOpLg_00966,9,0,246,FALSE
2727,VNvb5oLOpLg_01009,9,0,102,TRUE
2728,VNvb5oLOpLg_01010,9,0,205,FALSE
2729,VNvb5oLOpLg_01011,9,0,211,FALSE
2730,VNvb5oLOpLg_01024,9,0,188,FALSE
2731,VNvb5oLOpLg_01025,9,0,255,FALSE
2732,VNvb5oLOpLg_01026,9,0,652,FALSE
2733,VNvb5oLOpLg_01027,9,0,225,FALSE
2734,VNvb5oLOpLg_01028,9,0,236,FALSE
2735,VNvb5oLOpLg_01085,9,0,167,FALSE
2736,VNvb5oLOpLg_01086,9,0,240,FALSE
2737,VNvb5oLOpLg_01087,9,0,236,FALSE
2738,Y4ARBzok9aU_00048,9,0,73,FALSE
2739,Y4ARBzok9aU_00049,9,0,170,FALSE
2740,Y4ARBzok9aU_00050,9,0,73,FALSE
2741,Y4ARBzok9aU_00118,9,0,103,TRUE
2742,ZAmJsIcfFOA_00012,9,0,122,FALSE
2743,ZAmJsIcfFOA_00013,9,0,186,FALSE
2744,ZAmJsIcfFOA_00014,9,0,100,FALSE
2745,ZAmJsIcfFOA_00066,9,0,78,FALSE
2746,ZAmJsIcfFOA_00067,9,0,164,TRUE
2747,ZAmJsIcfFOA_00068,9,0,134,FALSE
2748,ZAmJsIcfFOA_00110,9,0,62,FALSE
2749,ZAmJsIcfFOA_00111,9,0,171,FALSE
2750,ZAmJsIcfFOA_00112,9,0,101,TRUE
2751,ZAmJsIcfFOA_00147,9,0,312,FALSE
2752,ZAmJsIcfFOA_00148,9,0,151,TRUE
2753,ZAmJsIcfFOA_00149,9,0,241,FALSE
2754,ZAmJsIcfFOA_00159,9,0,114,FALSE
2755,ZAmJsIcfFOA_00160,9,0,147,FALSE
2756,ZAmJsIcfFOA_00161,9,0,169,FALSE
2757,ZAmJsIcfFOA_00162,9,0,113,TRUE
2758,ZAmJsIcfFOA_00163,9,0,170,FALSE
2759,ZAmJsIcfFOA_00164,9,0,179,TRUE
2760,ZAmJsIcfFOA_00165,9,0,82,FALSE
2761,ZAmJsIcfFOA_00166,9,0,159,FALSE
2762,ZAmJsIcfFOA_00167,9,0,118,FALSE
2763,ZAmJsIcfFOA_00187,9,0,114,TRUE
2764,ZAmJsIcfFOA_00188,9,0,182,FALSE
2765,ZAmJsIcfFOA_00189,9,0,112,FALSE
2766,ZAmJsIcfFOA_00250,9,0,157,FALSE
2767,ZAmJsIcfFOA_00251,9,0,118,FALSE
2768,ZAmJsIcfFOA_00252,9,0,106,FALSE
2769,ZAmJsIcfFOA_00268,9,0,128,TRUE
2770,ZAmJsIcfFOA_00269,9,0,130,TRUE
2771,ZAmJsIcfFOA_00270,9,0,109,FALSE
2772,c7FHotPDZIw_00002,9,0,63,FALSE
2773,c7FHotPDZIw_00003,9,0,99,FALSE
2774,c7FHotPDZIw_00004,9,0,119,FALSE
2775,c7FHotPDZIw_00075,9,0,77,FALSE
2776,c7FHotPDZIw_00076,9,0,117,FALSE
2777,cYkUl8MrXgA_00056,9,0,73,FALSE
2778,cYkUl8MrXgA_00057,9,0,40,FALSE
2779,cYkUl8MrXgA_00058,9,0,151,FALSE
2780,cYkUl8MrXgA_00059,9,0,72,TRUE
2781,cYkUl8MrXgA_00146,9,0,354,FALSE
2782,cYkUl8MrXgA_00147,9,0,167,TRUE
2783,cYkUl8MrXgA_00148,9,0,117,FALSE
2784,cYkUl8MrXgA_00248,9,0,201,FALSE
2785,cYkUl8MrXgA_00277,9,0,227,FALSE
2786,cYkUl8MrXgA_00278,9,0,199,FALSE
2787,cYkUl8MrXgA_00279,9,0,154,FALSE
2788,cYkUl8MrXgA_00283,9,0,172,FALSE
2789,cYkUl8MrXgA_00284,9,0,161,TRUE
2790,cYkUl8MrXgA_00285,9,0,164,FALSE
2791,czXA41QTops_00030,9,0,144,FALSE
2792,czXA41QTops_00031,9,0,202,FALSE
2793,czXA41QTops_00037,9,0,209,FALSE
2794,czXA41QTops_00038,9,0,161,FALSE
2795,czXA41QTops_00039,9,0,145,TRUE
2796,czXA41QTops_00040,9,0,66,FALSE
2797,czXA41QTops_00041,9,0,150,FALSE
2798,czXA41QTops_00042,9,0,70,FALSE
2799,czXA41QTops_00080,9,0,108,FALSE
2800,czXA41QTops_00081,9,0,154,FALSE
2801,czXA41QTops_00082,9,0,122,TRUE
2802,czXA41QTops_00083,9,0,165,FALSE
2803,czXA41QTops_00084,9,0,163,FALSE
2804,czXA41QTops_00085,9,0,94,FALSE
2805,czXA41QTops_00086,9,0,105,FALSE
2806,czXA41QTops_00087,9,0,165,FALSE
2807,czXA41QTops_00088,9,0,100,TRUE
2808,czXA41QTops_00101,9,0,152,FALSE
2809,czXA41QTops_00102,9,0,211,FALSE
2810,egsanPCCIzQ_00022,9,0,288,FALSE
2811,egsanPCCIzQ_00023,9,0,177,FALSE
2812,egsanPCCIzQ_00072,9,0,230,FALSE
2813,egsanPCCIzQ_00073,9,0,222,FALSE
2814,egsanPCCIzQ_00074,9,0,113,TRUE
2815,egsanPCCIzQ_00087,9,0,128,FALSE
2816,egsanPCCIzQ_00088,9,0,206,FALSE
2817,egsanPCCIzQ_00124,9,0,172,FALSE
2818,egsanPCCIzQ_00125,9,0,188,FALSE
2819,egsanPCCIzQ_00159,9,0,129,FALSE
2820,egsanPCCIzQ_00160,9,0,208,FALSE
2821,k1F4LHeYhBs_00011,9,0,295,FALSE
2822,k1F4LHeYhBs_00012,9,0,285,FALSE
2823,k1F4LHeYhBs_00013,9,0,257,FALSE
2824,nOlRwoxsDJ0_00781,9,0,410,FALSE
2825,nOlRwoxsDJ0_00782,9,0,267,FALSE
2826,nOlRwoxsDJ0_00800,9,0,124,FALSE
2827,nOlRwoxsDJ0_00801,9,0,227,FALSE
2828,nOlRwoxsDJ0_00842,9,0,152,FALSE
2829,nOlRwoxsDJ0_00856,9,0,104,FALSE
2830,nOlRwoxsDJ0_00857,9,0,219,FALSE
2831,nOlRwoxsDJ0_00890,9,0,164,FALSE
2832,nOlRwoxsDJ0_00891,9,0,264,FALSE
2833,sk8TafuB3lU_01092,9,0,138,FALSE
2834,sk8TafuB3lU_01093,9,0,278,FALSE
2835,sk8TafuB3lU_01094,9,0,217,FALSE
2836,LNMISxO35S0_00127,10,0,260,FALSE
2837,LNMISxO35S0_00128,10,0,130,FALSE
2838,LNMISxO35S0_00129,10,0,209,FALSE
2839,LNMISxO35S0_00162,10,0,281,FALSE
2840,LNMISxO35S0_00163,10,0,139,FALSE
2841,LNMISxO35S0_00164,10,0,143,FALSE
2842,LNMISxO35S0_00198,10,0,380,FALSE
2843,LNMISxO35S0_00250,10,0,137,FALSE
2844,LNMISxO35S0_00251,10,0,152,TRUE
2845,Q--70-ELqLw_00118,10,0,64,FALSE
2846,Q--70-ELqLw_00119,10,0,115,TRUE
2847,Q--70-ELqLw_00120,10,0,115,TRUE
2848,TeboS8s_00w_00075,10,0,545,FALSE
2849,TeboS8s_00w_00076,10,0,337,FALSE
2850,TeboS8s_00w_00128,10,0,113,FALSE
2851,TeboS8s_00w_00129,10,0,227,FALSE
2852,TeboS8s_00w_00182,10,0,131,FALSE
2853,TeboS8s_00w_00183,10,0,220,FALSE
2854,V5parOfpuEQ_00032,10,0,95,TRUE
2855,V5parOfpuEQ_00033,10,0,159,TRUE
2856,V5parOfpuEQ_00034,10,0,92,FALSE
2857,V5parOfpuEQ_00121,10,0,49,TRUE
2858,V5parOfpuEQ_00122,10,0,117,TRUE
2859,V5parOfpuEQ_00123,10,0,187,FALSE
2860,V5parOfpuEQ_00151,10,0,191,FALSE
2861,V5parOfpuEQ_00152,10,0,157,FALSE
2862,V5parOfpuEQ_00153,10,0,139,TRUE
2863,V5parOfpuEQ_00175,10,0,87,FALSE
2864,V5parOfpuEQ_00176,10,0,335,FALSE
2865,V5parOfpuEQ_00177,10,0,134,FALSE
2866,Y4ARBzok9aU_00021,10,0,125,FALSE
2867,Y4ARBzok9aU_00022,10,0,118,TRUE
2868,Y4ARBzok9aU_00023,10,0,127,TRUE
2869,Y4ARBzok9aU_00024,10,0,171,FALSE
2870,Y4ARBzok9aU_00025,10,0,223,FALSE
2871,Y4ARBzok9aU_00026,10,0,173,FALSE
2872,Y4ARBzok9aU_00072,10,0,46,TRUE
2873,Y4ARBzok9aU_00073,10,0,152,FALSE
2874,Y4ARBzok9aU_00074,10,0,174,FALSE
2875,Y4ARBzok9aU_00107,10,0,106,FALSE
2876,Y4ARBzok9aU_00108,10,0,199,FALSE
2877,Y4ARBzok9aU_00109,10,0,160,TRUE
2878,Y4ARBzok9aU_00116,10,0,171,TRUE
2879,Y4ARBzok9aU_00117,10,0,186,FALSE
2880,Y4ARBzok9aU_00163,10,0,88,FALSE
2881,Y4ARBzok9aU_00164,10,0,268,FALSE
2882,Y4ARBzok9aU_00165,10,0,134,FALSE
2883,c7FHotPDZIw_00046,10,0,59,FALSE
2884,c7FHotPDZIw_00047,10,0,96,FALSE
2885,c7FHotPDZIw_00049,10,0,115,TRUE
2886,cYkUl8MrXgA_00021,10,0,121,TRUE
2887,cYkUl8MrXgA_00022,10,0,150,TRUE
2888,cYkUl8MrXgA_00023,10,0,187,FALSE
2889,cYkUl8MrXgA_00072,10,0,291,FALSE
2890,cYkUl8MrXgA_00073,10,0,227,FALSE
2891,cYkUl8MrXgA_00074,10,0,71,FALSE
2892,cYkUl8MrXgA_00200,10,0,233,FALSE
2893,cYkUl8MrXgA_00201,10,0,188,FALSE
2894,cYkUl8MrXgA_00202,10,0,188,FALSE
2895,cYkUl8MrXgA_00222,10,0,173,TRUE
2896,cYkUl8MrXgA_00223,10,0,210,FALSE
2897,cYkUl8MrXgA_00224,10,0,151,TRUE
2898,cYkUl8MrXgA_00314,10,0,265,FALSE
2899,cYkUl8MrXgA_00315,10,0,196,FALSE
2900,cYkUl8MrXgA_00316,10,0,179,TRUE
2901,cYkUl8MrXgA_00341,10,0,52,TRUE
2902,cYkUl8MrXgA_00342,10,0,136,TRUE
2903,cYkUl8MrXgA_00348,10,0,164,FALSE
2904,cYkUl8MrXgA_00349,10,0,125,TRUE
2905,cYkUl8MrXgA_00350,10,0,205,FALSE
2906,nOlRwoxsDJ0_00713,10,0,224,FALSE
2907,nOlRwoxsDJ0_00714,10,0,268,FALSE
2908,nOlRwoxsDJ0_00773,10,0,155,FALSE
2909,nOlRwoxsDJ0_00774,10,0,251,FALSE
2910,5V-dKBtmKLI_00050,11,0,163,TRUE
2911,5V-dKBtmKLI_00051,11,0,153,TRUE
2912,5V-dKBtmKLI_00054,11,0,158,FALSE
2913,5V-dKBtmKLI_00055,11,0,159,TRUE
2914,5V-dKBtmKLI_00056,11,0,184,FALSE
2915,5V-dKBtmKLI_00057,11,0,190,FALSE
2916,5V-dKBtmKLI_00106,11,0,173,TRUE
2917,5V-dKBtmKLI_00107,11,0,396,FALSE
2918,LNMISxO35S0_00106,11,0,213,FALSE
2919,LNMISxO35S0_00107,11,0,116,FALSE
2920,LNMISxO35S0_00108,11,0,180,FALSE
2921,LNMISxO35S0_00109,11,0,68,TRUE
2922,LNMISxO35S0_00110,11,0,111,FALSE
2923,LNMISxO35S0_00111,11,0,156,TRUE
2924,LNMISxO35S0_00112,11,0,99,TRUE
2925,LNMISxO35S0_00113,11,0,128,FALSE
2926,LNMISxO35S0_00114,11,0,173,TRUE
2927,LNMISxO35S0_00234,11,0,250,FALSE
2928,LNMISxO35S0_00235,11,0,97,FALSE
2929,LNMISxO35S0_00236,11,0,119,FALSE
2930,LNMISxO35S0_00237,11,0,109,TRUE
2931,LNMISxO35S0_00238,11,0,104,FALSE
2932,LNMISxO35S0_00239,11,0,148,TRUE
2933,LNMISxO35S0_00240,11,0,170,TRUE
2934,LNMISxO35S0_00241,11,0,143,FALSE
2935,LNMISxO35S0_00242,11,0,182,FALSE
2936,Q--70-ELqLw_00100,11,0,190,FALSE
2937,Q--70-ELqLw_00101,11,0,194,FALSE
2938,Q--70-ELqLw_00134,11,0,122,TRUE
2939,Q--70-ELqLw_00135,11,0,193,FALSE
2940,Q--70-ELqLw_00136,11,0,333,FALSE
2941,Q--70-ELqLw_00137,11,0,50,FALSE
2942,Q--70-ELqLw_00138,11,0,151,TRUE
2943,Q--70-ELqLw_00139,11,0,134,FALSE
2944,Q--70-ELqLw_00143,11,0,73,TRUE
2945,Q--70-ELqLw_00144,11,0,162,TRUE
2946,Q--70-ELqLw_00145,11,0,305,FALSE
2947,Q--70-ELqLw_00175,11,0,71,TRUE
2948,Q--70-ELqLw_00176,11,0,163,TRUE
2949,TeboS8s_00w_00136,11,0,197,FALSE
2950,TeboS8s_00w_00137,11,0,309,FALSE
2951,TeboS8s_00w_00138,11,0,261,FALSE
2952,TeboS8s_00w_00139,11,0,380,FALSE
2953,V5parOfpuEQ_00047,11,0,133,TRUE
2954,V5parOfpuEQ_00048,11,0,202,FALSE
2955,V5parOfpuEQ_00049,11,0,198,FALSE
2956,V5parOfpuEQ_00060,11,0,61,TRUE
2957,V5parOfpuEQ_00061,11,0,170,TRUE
2958,V5parOfpuEQ_00062,11,0,96,FALSE
2959,V5parOfpuEQ_00113,11,0,93,TRUE
2960,V5parOfpuEQ_00114,11,0,198,FALSE
2961,V5parOfpuEQ_00136,11,0,91,FALSE
2962,V5parOfpuEQ_00137,11,0,190,FALSE
2963,V5parOfpuEQ_00138,11,0,122,FALSE
2964,V5parOfpuEQ_00181,11,0,91,TRUE
2965,V5parOfpuEQ_00182,11,0,194,FALSE
2966,V5parOfpuEQ_00183,11,0,137,TRUE
2967,V5parOfpuEQ_00184,11,0,62,TRUE
2968,V5parOfpuEQ_00185,11,0,159,TRUE
2969,V5parOfpuEQ_00186,11,0,105,TRUE
2970,V5parOfpuEQ_00190,11,0,84,TRUE
2971,V5parOfpuEQ_00191,11,0,164,TRUE
2972,V5parOfpuEQ_00192,11,0,110,FALSE
2973,V5parOfpuEQ_00193,11,0,70,TRUE
2974,V5parOfpuEQ_00194,11,0,191,FALSE
2975,V5parOfpuEQ_00195,11,0,119,FALSE
2976,V5parOfpuEQ_00202,11,0,87,TRUE
2977,V5parOfpuEQ_00203,11,0,201,FALSE
2978,V5parOfpuEQ_00205,11,0,100,TRUE
2979,V5parOfpuEQ_00206,11,0,200,FALSE
2980,V5parOfpuEQ_00207,11,0,172,TRUE
2981,V5parOfpuEQ_00211,11,0,37,TRUE
2982,V5parOfpuEQ_00264,11,0,63,TRUE
2983,V5parOfpuEQ_00265,11,0,151,TRUE
2984,V5parOfpuEQ_00266,11,0,102,TRUE
2985,Y4ARBzok9aU_00041,11,0,155,TRUE
2986,Y4ARBzok9aU_00042,11,0,199,FALSE
2987,Y4ARBzok9aU_00043,11,0,107,TRUE
2988,Y4ARBzok9aU_00068,11,0,92,FALSE
2989,Y4ARBzok9aU_00095,11,0,117,FALSE
2990,Y4ARBzok9aU_00096,11,0,186,FALSE
2991,Y4ARBzok9aU_00097,11,0,187,FALSE
2992,Y4ARBzok9aU_00110,11,0,77,TRUE
2993,Y4ARBzok9aU_00111,11,0,181,FALSE
2994,Y4ARBzok9aU_00112,11,0,168,TRUE
2995,Y4ARBzok9aU_00119,11,0,97,TRUE
2996,Y4ARBzok9aU_00120,11,0,220,FALSE
2997,Y4ARBzok9aU_00130,11,0,124,TRUE
2998,Y4ARBzok9aU_00131,11,0,191,FALSE
2999,Y4ARBzok9aU_00132,11,0,120,TRUE
3000,Y4ARBzok9aU_00149,11,0,203,FALSE
3001,Y4ARBzok9aU_00150,11,0,272,FALSE
3002,Y4ARBzok9aU_00151,11,0,89,TRUE
3003,Y4ARBzok9aU_00152,11,0,197,FALSE
3004,Y4ARBzok9aU_00153,11,0,127,FALSE
3005,Y4ARBzok9aU_00157,11,0,72,TRUE
3006,Y4ARBzok9aU_00158,11,0,184,FALSE
3007,Y4ARBzok9aU_00159,11,0,120,TRUE
3008,Y4ARBzok9aU_00160,11,0,150,FALSE
3009,Y4ARBzok9aU_00161,11,0,177,TRUE
3010,Y4ARBzok9aU_00162,11,0,99,TRUE
3011,Y4ARBzok9aU_00170,11,0,69,TRUE
3012,Y4ARBzok9aU_00171,11,0,169,FALSE
3013,Z_uFnDg-a4I_00054,11,0,179,TRUE
3014,Z_uFnDg-a4I_00055,11,0,149,TRUE
3015,Z_uFnDg-a4I_00056,11,0,181,FALSE
3016,cYkUl8MrXgA_00100,11,0,93,TRUE
3017,cYkUl8MrXgA_00101,11,0,187,FALSE
3018,cYkUl8MrXgA_00102,11,0,108,TRUE
3019,cYkUl8MrXgA_00149,11,0,96,TRUE
3020,cYkUl8MrXgA_00150,11,0,214,FALSE
3021,cYkUl8MrXgA_00178,11,0,75,TRUE
3022,cYkUl8MrXgA_00179,11,0,187,FALSE
3023,cYkUl8MrXgA_00180,11,0,276,FALSE
3024,cYkUl8MrXgA_00197,11,0,79,TRUE
3025,cYkUl8MrXgA_00198,11,0,195,FALSE
3026,cYkUl8MrXgA_00199,11,0,260,FALSE
3027,cYkUl8MrXgA_00280,11,0,128,TRUE
3028,cYkUl8MrXgA_00281,11,0,203,FALSE
3029,cYkUl8MrXgA_00282,11,0,149,FALSE
3030,cYkUl8MrXgA_00326,11,0,79,TRUE
3031,cYkUl8MrXgA_00327,11,0,144,TRUE
3032,cYkUl8MrXgA_00328,11,0,80,TRUE
3033,cYkUl8MrXgA_00329,11,0,81,TRUE
3034,cYkUl8MrXgA_00330,11,0,146,TRUE
3035,cYkUl8MrXgA_00331,11,0,90,TRUE
3036,cYkUl8MrXgA_00377,11,0,69,TRUE
3037,cYkUl8MrXgA_00412,11,0,70,TRUE
3038,cYkUl8MrXgA_00413,11,0,168,TRUE
3039,cYkUl8MrXgA_00414,11,0,109,TRUE
3040,cYkUl8MrXgA_00425,11,0,106,TRUE
3041,cYkUl8MrXgA_00426,11,0,294,FALSE
3042,cYkUl8MrXgA_00472,11,0,68,TRUE
3043,cYkUl8MrXgA_00473,11,0,172,TRUE
3044,cYkUl8MrXgA_00474,11,0,117,FALSE
3045,nOlRwoxsDJ0_00767,11,0,135,FALSE
3046,nOlRwoxsDJ0_00798,11,0,308,FALSE
3047,nOlRwoxsDJ0_00844,11,0,132,FALSE
3048,zbAC7t15q3k_00083,11,0,67,FALSE
3049,zbAC7t15q3k_00084,11,0,202,FALSE
3050,zbAC7t15q3k_00085,11,0,117,FALSE
3051,zbAC7t15q3k_00109,11,0,87,TRUE
3052,zbAC7t15q3k_00110,11,0,210,FALSE
3053,zbAC7t15q3k_00111,11,0,181,FALSE
3054,2x00lRzlTVQ_00074,12,0,62,TRUE
3055,2x00lRzlTVQ_00075,12,0,152,TRUE
3056,2x00lRzlTVQ_00076,12,0,111,TRUE
3057,3N1kUtqJ25A_00186,12,0,258,FALSE
3058,3N1kUtqJ25A_00238,12,0,158,TRUE
3059,3N1kUtqJ25A_00239,12,0,239,FALSE
3060,3N1kUtqJ25A_00240,12,0,225,FALSE
3061,3PLiUG_DuC8_00136,12,0,50,FALSE
3062,3PLiUG_DuC8_00137,12,0,128,FALSE
3063,3PLiUG_DuC8_00138,12,0,64,TRUE
3064,3PLiUG_DuC8_00147,12,0,67,FALSE
3065,3PLiUG_DuC8_00294,12,0,82,TRUE
3066,3PLiUG_DuC8_00295,12,0,150,FALSE
3067,3PLiUG_DuC8_00296,12,0,88,FALSE
3068,3PLiUG_DuC8_00305,12,0,76,FALSE
3069,5V-dKBtmKLI_00044,12,0,62,TRUE
3070,5V-dKBtmKLI_00045,12,0,174,FALSE
3071,5V-dKBtmKLI_00046,12,0,209,FALSE
3072,5V-dKBtmKLI_00047,12,0,150,TRUE
3073,5V-dKBtmKLI_00048,12,0,104,TRUE
3074,5V-dKBtmKLI_00049,12,0,190,FALSE
3075,5V-dKBtmKLI_00100,12,0,59,TRUE
3076,5V-dKBtmKLI_00101,12,0,170,TRUE
3077,5V-dKBtmKLI_00102,12,0,87,TRUE
3078,5V-dKBtmKLI_00103,12,0,205,FALSE
3079,5V-dKBtmKLI_00104,12,0,308,FALSE
3080,5V-dKBtmKLI_00105,12,0,186,FALSE
3081,9BC6ssCjyfg_00114,12,0,67,TRUE
3082,9BC6ssCjyfg_00115,12,0,141,TRUE
3083,9BC6ssCjyfg_00116,12,0,132,TRUE
3084,9BC6ssCjyfg_00135,12,0,63,TRUE
3085,9BC6ssCjyfg_00136,12,0,142,TRUE
3086,9BC6ssCjyfg_00137,12,0,162,TRUE
3087,9BC6ssCjyfg_00144,12,0,85,TRUE
3088,9BC6ssCjyfg_00145,12,0,133,TRUE
3089,Bb0ZiYVNtDs_00067,12,0,59,TRUE
3090,Bb0ZiYVNtDs_00068,12,0,167,TRUE
3091,Bb0ZiYVNtDs_00069,12,0,109,FALSE
3092,D6zILEKIJbk_00054,12,0,99,TRUE
3093,D6zILEKIJbk_00055,12,0,147,TRUE
3094,D6zILEKIJbk_00056,12,0,100,TRUE
3095,D6zILEKIJbk_00066,12,0,111,TRUE
3096,D6zILEKIJbk_00067,12,0,199,FALSE
3097,D6zILEKIJbk_00068,12,0,127,FALSE
3098,D6zILEKIJbk_00075,12,0,124,TRUE
3099,D6zILEKIJbk_00076,12,0,196,FALSE
3100,D6zILEKIJbk_00077,12,0,133,TRUE
3101,D6zILEKIJbk_00084,12,0,73,TRUE
3102,D6zILEKIJbk_00085,12,0,194,FALSE
3103,D6zILEKIJbk_00086,12,0,165,TRUE
3104,D6zILEKIJbk_00115,12,0,141,TRUE
3105,D6zILEKIJbk_00116,12,0,218,FALSE
3106,D6zILEKIJbk_00117,12,0,220,FALSE
3107,D6zILEKIJbk_00135,12,0,72,TRUE
3108,D6zILEKIJbk_00136,12,0,158,TRUE
3109,D6zILEKIJbk_00144,12,0,50,TRUE
3110,D6zILEKIJbk_00145,12,0,147,TRUE
3111,D6zILEKIJbk_00146,12,0,149,TRUE
3112,D6zILEKIJbk_00159,12,0,104,TRUE
3113,D6zILEKIJbk_00160,12,0,209,FALSE
3114,D6zILEKIJbk_00161,12,0,139,TRUE
3115,D6zILEKIJbk_00187,12,0,118,TRUE
3116,D6zILEKIJbk_00188,12,0,212,FALSE
3117,D6zILEKIJbk_00189,12,0,249,FALSE
3118,D6zILEKIJbk_00196,12,0,72,TRUE
3119,D6zILEKIJbk_00197,12,0,160,TRUE
3120,D6zILEKIJbk_00198,12,0,101,FALSE
3121,D6zILEKIJbk_00202,12,0,89,TRUE
3122,D6zILEKIJbk_00203,12,0,230,FALSE
3123,D6zILEKIJbk_00204,12,0,133,FALSE
3124,D6zILEKIJbk_00210,12,0,96,TRUE
3125,D6zILEKIJbk_00211,12,0,202,FALSE
3126,D6zILEKIJbk_00212,12,0,130,TRUE
3127,LNMISxO35S0_00025,12,0,123,FALSE
3128,LNMISxO35S0_00026,12,0,144,FALSE
3129,LNMISxO35S0_00027,12,0,230,FALSE
3130,LNMISxO35S0_00061,12,0,224,FALSE
3131,LNMISxO35S0_00062,12,0,129,FALSE
3132,LNMISxO35S0_00063,12,0,190,FALSE
3133,LNMISxO35S0_00067,12,0,205,FALSE
3134,LNMISxO35S0_00068,12,0,104,FALSE
3135,LNMISxO35S0_00069,12,0,215,FALSE
3136,LNMISxO35S0_00088,12,0,189,FALSE
3137,LNMISxO35S0_00089,12,0,121,FALSE
3138,LNMISxO35S0_00090,12,0,199,FALSE
3139,LNMISxO35S0_00103,12,0,126,TRUE
3140,LNMISxO35S0_00104,12,0,99,TRUE
3141,LNMISxO35S0_00105,12,0,169,TRUE
3142,LNMISxO35S0_00124,12,0,153,FALSE
3143,LNMISxO35S0_00125,12,0,200,FALSE
3144,LNMISxO35S0_00126,12,0,83,FALSE
3145,LNMISxO35S0_00130,12,0,231,FALSE
3146,LNMISxO35S0_00131,12,0,121,TRUE
3147,LNMISxO35S0_00132,12,0,186,FALSE
3148,LNMISxO35S0_00215,12,0,92,TRUE
3149,LNMISxO35S0_00216,12,0,106,FALSE
3150,LNMISxO35S0_00217,12,0,196,FALSE
3151,LNMISxO35S0_00231,12,0,133,TRUE
3152,LNMISxO35S0_00232,12,0,102,FALSE
3153,LNMISxO35S0_00233,12,0,182,FALSE
3154,LNMISxO35S0_00252,12,0,201,FALSE
3155,LNMISxO35S0_00253,12,0,118,FALSE
3156,LNMISxO35S0_00254,12,0,186,FALSE
3157,LNMISxO35S0_00289,12,0,115,TRUE
3158,LNMISxO35S0_00290,12,0,145,FALSE
3159,LNMISxO35S0_00291,12,0,214,FALSE
3160,LNMISxO35S0_00295,12,0,80,TRUE
3161,LNMISxO35S0_00296,12,0,105,TRUE
3162,LNMISxO35S0_00297,12,0,165,FALSE
3163,OFxuiqI5G44_00094,12,0,240,FALSE
3164,OFxuiqI5G44_00095,12,0,243,FALSE
3165,OFxuiqI5G44_00096,12,0,245,FALSE
3166,OFxuiqI5G44_00141,12,0,167,FALSE
3167,OFxuiqI5G44_00142,12,0,270,FALSE
3168,OFxuiqI5G44_00143,12,0,264,FALSE
3169,OFxuiqI5G44_00153,12,0,152,FALSE
3170,OFxuiqI5G44_00154,12,0,262,FALSE
3171,OFxuiqI5G44_00155,12,0,266,FALSE
3172,OFxuiqI5G44_00156,12,0,154,TRUE
3173,OFxuiqI5G44_00157,12,0,207,FALSE
3174,OFxuiqI5G44_00158,12,0,254,FALSE
3175,OFxuiqI5G44_00159,12,0,181,FALSE
3176,OFxuiqI5G44_00160,12,0,271,FALSE
3177,OFxuiqI5G44_00161,12,0,271,FALSE
3178,Q--70-ELqLw_00038,12,0,66,TRUE
3179,Q--70-ELqLw_00039,12,0,180,FALSE
3180,Q--70-ELqLw_00040,12,0,158,FALSE
3181,Q--70-ELqLw_00044,12,0,81,TRUE
3182,Q--70-ELqLw_00045,12,0,96,FALSE
3183,Q--70-ELqLw_00046,12,0,168,FALSE
3184,Q--70-ELqLw_00047,12,0,60,TRUE
3185,Q--70-ELqLw_00048,12,0,138,TRUE
3186,Q--70-ELqLw_00049,12,0,264,FALSE
3187,Q--70-ELqLw_00067,12,0,72,TRUE
3188,Q--70-ELqLw_00068,12,0,163,FALSE
3189,Q--70-ELqLw_00069,12,0,189,FALSE
3190,Q--70-ELqLw_00131,12,0,56,TRUE
3191,Q--70-ELqLw_00132,12,0,164,TRUE
3192,Q--70-ELqLw_00133,12,0,157,FALSE
3193,RWNrARSbRCY_00024,12,0,214,FALSE
3194,RWNrARSbRCY_00025,12,0,122,TRUE
3195,RWNrARSbRCY_00026,12,0,185,FALSE
3196,RWNrARSbRCY_00049,12,0,52,FALSE
3197,RWNrARSbRCY_00050,12,0,133,TRUE
3198,RWNrARSbRCY_00051,12,0,158,TRUE
3199,RWNrARSbRCY_00065,12,0,196,FALSE
3200,RWNrARSbRCY_00066,12,0,171,TRUE
3201,RWNrARSbRCY_00068,12,0,126,TRUE
3202,RWNrARSbRCY_00069,12,0,60,TRUE
3203,RWNrARSbRCY_00070,12,0,101,TRUE
3204,RWNrARSbRCY_00091,12,0,155,TRUE
3205,RWNrARSbRCY_00092,12,0,112,TRUE
3206,RWNrARSbRCY_00093,12,0,157,TRUE
3207,RWNrARSbRCY_00105,12,0,226,FALSE
3208,RWNrARSbRCY_00106,12,0,151,TRUE
3209,RWNrARSbRCY_00107,12,0,258,FALSE
3210,TeboS8s_00w_00096,12,0,177,FALSE
3211,TeboS8s_00w_00097,12,0,278,FALSE
3212,TeboS8s_00w_00100,12,0,160,TRUE
3213,TeboS8s_00w_00101,12,0,272,FALSE
3214,TeboS8s_00w_00104,12,0,450,FALSE
3215,TeboS8s_00w_00105,12,0,337,FALSE
3216,TeboS8s_00w_00116,12,0,277,FALSE
3217,TeboS8s_00w_00117,12,0,283,FALSE
3218,TeboS8s_00w_00132,12,0,151,FALSE
3219,TeboS8s_00w_00133,12,0,273,FALSE
3220,TeboS8s_00w_00142,12,0,216,FALSE
3221,TeboS8s_00w_00143,12,0,369,FALSE
3222,TeboS8s_00w_00150,12,0,184,FALSE
3223,TeboS8s_00w_00151,12,0,300,FALSE
3224,TeboS8s_00w_00158,12,0,152,FALSE
3225,TeboS8s_00w_00159,12,0,255,FALSE
3226,V5parOfpuEQ_00029,12,0,130,FALSE
3227,V5parOfpuEQ_00030,12,0,226,FALSE
3228,V5parOfpuEQ_00031,12,0,104,TRUE
3229,V5parOfpuEQ_00069,12,0,78,TRUE
3230,V5parOfpuEQ_00070,12,0,220,FALSE
3231,V5parOfpuEQ_00074,12,0,144,TRUE
3232,V5parOfpuEQ_00075,12,0,189,FALSE
3233,V5parOfpuEQ_00076,12,0,234,FALSE
3234,V5parOfpuEQ_00127,12,0,51,FALSE
3235,V5parOfpuEQ_00146,12,0,58,TRUE
3236,V5parOfpuEQ_00147,12,0,115,TRUE
3237,V5parOfpuEQ_00160,12,0,39,TRUE
3238,V5parOfpuEQ_00161,12,0,123,FALSE
3239,V5parOfpuEQ_00172,12,0,100,TRUE
3240,V5parOfpuEQ_00173,12,0,206,FALSE
3241,V5parOfpuEQ_00174,12,0,244,FALSE
3242,V5parOfpuEQ_00204,12,0,137,TRUE
3243,V5parOfpuEQ_00208,12,0,53,TRUE
3244,V5parOfpuEQ_00209,12,0,153,TRUE
3245,V5parOfpuEQ_00210,12,0,84,TRUE
3246,V5parOfpuEQ_00221,12,0,146,FALSE
3247,V5parOfpuEQ_00222,12,0,174,TRUE
3248,VNvb5oLOpLg_01006,12,0,188,FALSE
3249,VNvb5oLOpLg_01007,12,0,290,FALSE
3250,VNvb5oLOpLg_01008,12,0,271,FALSE
3251,VNvb5oLOpLg_01022,12,0,290,FALSE
3252,VNvb5oLOpLg_01023,12,0,270,FALSE
3253,VNvb5oLOpLg_01056,12,0,284,FALSE
3254,VNvb5oLOpLg_01057,12,0,352,FALSE
3255,VNvb5oLOpLg_01058,12,0,263,FALSE
3256,Y4ARBzok9aU_00039,12,0,134,TRUE
3257,Y4ARBzok9aU_00040,12,0,326,FALSE
3258,Y4ARBzok9aU_00104,12,0,104,TRUE
3259,Y4ARBzok9aU_00105,12,0,236,FALSE
3260,Y4ARBzok9aU_00106,12,0,113,TRUE
3261,Y4ARBzok9aU_00148,12,0,88,FALSE
3262,ZAmJsIcfFOA_00072,12,0,183,FALSE
3263,ZAmJsIcfFOA_00073,12,0,158,TRUE
3264,ZAmJsIcfFOA_00074,12,0,109,FALSE
3265,ZAmJsIcfFOA_00081,12,0,82,TRUE
3266,ZAmJsIcfFOA_00082,12,0,207,FALSE
3267,ZAmJsIcfFOA_00083,12,0,145,TRUE
3268,ZAmJsIcfFOA_00107,12,0,102,FALSE
3269,ZAmJsIcfFOA_00108,12,0,203,FALSE
3270,ZAmJsIcfFOA_00109,12,0,134,FALSE
3271,ZAmJsIcfFOA_00128,12,0,78,TRUE
3272,ZAmJsIcfFOA_00129,12,0,152,TRUE
3273,ZAmJsIcfFOA_00130,12,0,131,FALSE
3274,ZAmJsIcfFOA_00131,12,0,87,FALSE
3275,ZAmJsIcfFOA_00132,12,0,181,FALSE
3276,ZAmJsIcfFOA_00133,12,0,93,TRUE
3277,ZAmJsIcfFOA_00174,12,0,91,TRUE
3278,ZAmJsIcfFOA_00175,12,0,216,FALSE
3279,ZAmJsIcfFOA_00176,12,0,188,FALSE
3280,ZAmJsIcfFOA_00180,12,0,68,TRUE
3281,ZAmJsIcfFOA_00181,12,0,188,FALSE
3282,ZAmJsIcfFOA_00183,12,0,112,TRUE
3283,ZAmJsIcfFOA_00190,12,0,84,TRUE
3284,ZAmJsIcfFOA_00192,12,0,166,TRUE
3285,ZAmJsIcfFOA_00207,12,0,87,TRUE
3286,ZAmJsIcfFOA_00208,12,0,188,FALSE
3287,ZAmJsIcfFOA_00209,12,0,105,TRUE
3288,ZAmJsIcfFOA_00210,12,0,98,TRUE
3289,ZAmJsIcfFOA_00211,12,0,187,FALSE
3290,ZAmJsIcfFOA_00212,12,0,133,FALSE
3291,ZAmJsIcfFOA_00222,12,0,82,TRUE
3292,ZAmJsIcfFOA_00223,12,0,168,TRUE
3293,ZAmJsIcfFOA_00224,12,0,134,TRUE
3294,ZAmJsIcfFOA_00240,12,0,70,TRUE
3295,ZAmJsIcfFOA_00241,12,0,188,FALSE
3296,ZAmJsIcfFOA_00242,12,0,119,FALSE
3297,ZAmJsIcfFOA_00243,12,0,104,TRUE
3298,ZAmJsIcfFOA_00244,12,0,156,TRUE
3299,ZAmJsIcfFOA_00245,12,0,97,TRUE
3300,ZAmJsIcfFOA_00247,12,0,117,TRUE
3301,ZAmJsIcfFOA_00248,12,0,165,TRUE
3302,ZAmJsIcfFOA_00249,12,0,119,FALSE
3303,ZAmJsIcfFOA_00274,12,0,83,TRUE
3304,ZAmJsIcfFOA_00276,12,0,151,FALSE
3305,Z_uFnDg-a4I_00036,12,0,239,FALSE
3306,Z_uFnDg-a4I_00037,12,0,160,TRUE
3307,Z_uFnDg-a4I_00038,12,0,204,FALSE
3308,Z_uFnDg-a4I_00048,12,0,62,FALSE
3309,Z_uFnDg-a4I_00049,12,0,68,TRUE
3310,Z_uFnDg-a4I_00050,12,0,175,FALSE
3311,Z_uFnDg-a4I_00099,12,0,70,TRUE
3312,Z_uFnDg-a4I_00100,12,0,160,TRUE
3313,Z_uFnDg-a4I_00101,12,0,209,FALSE
3314,Z_uFnDg-a4I_00111,12,0,97,TRUE
3315,Z_uFnDg-a4I_00112,12,0,223,FALSE
3316,_tigfCJFLZg_00106,12,0,38,TRUE
3317,_tigfCJFLZg_00107,12,0,96,TRUE
3318,_tigfCJFLZg_00108,12,0,65,FALSE
3319,_tigfCJFLZg_00141,12,0,71,TRUE
3320,_tigfCJFLZg_00142,12,0,175,TRUE
3321,_tigfCJFLZg_00143,12,0,131,FALSE
3322,_tigfCJFLZg_00323,12,0,36,TRUE
3323,_tigfCJFLZg_00324,12,0,126,FALSE
3324,_tigfCJFLZg_00325,12,0,94,FALSE
3325,_tigfCJFLZg_00359,12,0,71,TRUE
3326,_tigfCJFLZg_00360,12,0,151,TRUE
3327,_tigfCJFLZg_00361,12,0,108,TRUE
3328,_tigfCJFLZg_00362,12,0,91,TRUE
3329,_tigfCJFLZg_00422,12,0,85,TRUE
3330,_tigfCJFLZg_00423,12,0,217,FALSE
3331,c7FHotPDZIw_00071,12,0,96,FALSE
3332,cYkUl8MrXgA_00036,12,0,67,TRUE
3333,cYkUl8MrXgA_00037,12,0,180,FALSE
3334,cYkUl8MrXgA_00038,12,0,223,FALSE
3335,cYkUl8MrXgA_00109,12,0,151,TRUE
3336,cYkUl8MrXgA_00110,12,0,253,FALSE
3337,cYkUl8MrXgA_00124,12,0,92,TRUE
3338,cYkUl8MrXgA_00125,12,0,237,FALSE
3339,cYkUl8MrXgA_00126,12,0,217,FALSE
3340,cYkUl8MrXgA_00143,12,0,182,FALSE
3341,cYkUl8MrXgA_00144,12,0,193,FALSE
3342,cYkUl8MrXgA_00203,12,0,133,FALSE
3343,cYkUl8MrXgA_00204,12,0,116,TRUE
3344,cYkUl8MrXgA_00205,12,0,112,TRUE
3345,cYkUl8MrXgA_00212,12,0,80,TRUE
3346,cYkUl8MrXgA_00213,12,0,215,FALSE
3347,cYkUl8MrXgA_00225,12,0,96,TRUE
3348,cYkUl8MrXgA_00226,12,0,192,FALSE
3349,cYkUl8MrXgA_00252,12,0,127,TRUE
3350,cYkUl8MrXgA_00253,12,0,205,FALSE
3351,cYkUl8MrXgA_00259,12,0,128,FALSE
3352,cYkUl8MrXgA_00260,12,0,166,TRUE
3353,cYkUl8MrXgA_00261,12,0,111,TRUE
3354,cYkUl8MrXgA_00274,12,0,88,TRUE
3355,cYkUl8MrXgA_00275,12,0,231,FALSE
3356,cYkUl8MrXgA_00286,12,0,79,TRUE
3357,cYkUl8MrXgA_00287,12,0,304,FALSE
3358,cYkUl8MrXgA_00303,12,0,80,TRUE
3359,cYkUl8MrXgA_00304,12,0,217,FALSE
3360,cYkUl8MrXgA_00305,12,0,137,TRUE
3361,cYkUl8MrXgA_00306,12,0,91,TRUE
3362,cYkUl8MrXgA_00307,12,0,166,TRUE
3363,cYkUl8MrXgA_00343,12,0,48,FALSE
3364,cYkUl8MrXgA_00344,12,0,200,FALSE
3365,cYkUl8MrXgA_00351,12,0,74,TRUE
3366,cYkUl8MrXgA_00352,12,0,216,FALSE
3367,cYkUl8MrXgA_00356,12,0,88,TRUE
3368,cYkUl8MrXgA_00357,12,0,224,FALSE
3369,cYkUl8MrXgA_00358,12,0,156,TRUE
3370,cYkUl8MrXgA_00378,12,0,165,TRUE
3371,cYkUl8MrXgA_00387,12,0,162,TRUE
3372,cYkUl8MrXgA_00395,12,0,62,TRUE
3373,cYkUl8MrXgA_00396,12,0,207,FALSE
3374,cYkUl8MrXgA_00403,12,0,109,FALSE
3375,cYkUl8MrXgA_00404,12,0,166,TRUE
3376,cYkUl8MrXgA_00405,12,0,108,TRUE
3377,cYkUl8MrXgA_00409,12,0,55,FALSE
3378,cYkUl8MrXgA_00410,12,0,190,FALSE
3379,cYkUl8MrXgA_00421,12,0,115,TRUE
3380,cYkUl8MrXgA_00422,12,0,230,FALSE
3381,cYkUl8MrXgA_00424,12,0,109,TRUE
3382,czXA41QTops_00015,12,0,149,TRUE
3383,czXA41QTops_00016,12,0,178,TRUE
3384,czXA41QTops_00017,12,0,69,FALSE
3385,czXA41QTops_00035,12,0,100,TRUE
3386,czXA41QTops_00036,12,0,210,FALSE
3387,czXA41QTops_00046,12,0,134,TRUE
3388,czXA41QTops_00047,12,0,121,TRUE
3389,czXA41QTops_00048,12,0,113,TRUE
3390,czXA41QTops_00049,12,0,187,FALSE
3391,czXA41QTops_00050,12,0,126,TRUE
3392,czXA41QTops_00068,12,0,165,TRUE
3393,czXA41QTops_00069,12,0,183,FALSE
3394,czXA41QTops_00070,12,0,66,TRUE
3395,czXA41QTops_00106,12,0,96,FALSE
3396,czXA41QTops_00107,12,0,183,FALSE
3397,egsanPCCIzQ_00090,12,0,122,FALSE
3398,egsanPCCIzQ_00091,12,0,243,FALSE
3399,egsanPCCIzQ_00107,12,0,95,TRUE
3400,egsanPCCIzQ_00108,12,0,200,FALSE
3401,egsanPCCIzQ_00109,12,0,122,TRUE
3402,kVT_sNgYBAE_00020,12,0,88,TRUE
3403,kVT_sNgYBAE_00021,12,0,253,FALSE
3404,kVT_sNgYBAE_00022,12,0,182,FALSE
3405,kVT_sNgYBAE_00023,12,0,207,FALSE
3406,kVT_sNgYBAE_00044,12,0,43,FALSE
3407,kVT_sNgYBAE_00045,12,0,146,TRUE
3408,kVT_sNgYBAE_00065,12,0,162,TRUE
3409,kVT_sNgYBAE_00066,12,0,198,FALSE
3410,kVT_sNgYBAE_00085,12,0,91,TRUE
3411,kVT_sNgYBAE_00086,12,0,235,FALSE
3412,kVT_sNgYBAE_00087,12,0,43,FALSE
3413,kVT_sNgYBAE_00088,12,0,119,FALSE
3414,kVT_sNgYBAE_00099,12,0,140,TRUE
3415,kVT_sNgYBAE_00100,12,0,179,TRUE
3416,l6ZoMjD1UtA_00021,12,0,75,TRUE
3417,l6ZoMjD1UtA_00022,12,0,129,FALSE
3418,l6ZoMjD1UtA_00023,12,0,205,FALSE
3419,l6ZoMjD1UtA_00072,12,0,73,TRUE
3420,l6ZoMjD1UtA_00073,12,0,130,TRUE
3421,l6ZoMjD1UtA_00074,12,0,133,TRUE
3422,l6ZoMjD1UtA_00100,12,0,68,TRUE
3423,l6ZoMjD1UtA_00101,12,0,118,TRUE
3424,l6ZoMjD1UtA_00102,12,0,101,TRUE
3425,l6ZoMjD1UtA_00160,12,0,51,FALSE
3426,l6ZoMjD1UtA_00161,12,0,90,TRUE
3427,l6ZoMjD1UtA_00162,12,0,163,TRUE
3428,mGbuP7nT2ck_00064,12,0,73,TRUE
3429,mGbuP7nT2ck_00065,12,0,132,TRUE
3430,nOlRwoxsDJ0_00721,12,0,143,TRUE
3431,nOlRwoxsDJ0_00722,12,0,230,FALSE
3432,nOlRwoxsDJ0_00723,12,0,145,TRUE
3433,nOlRwoxsDJ0_00724,12,0,223,FALSE
3434,nOlRwoxsDJ0_00751,12,0,144,TRUE
3435,nOlRwoxsDJ0_00763,12,0,188,FALSE
3436,nOlRwoxsDJ0_00764,12,0,243,FALSE
3437,nOlRwoxsDJ0_00787,12,0,148,TRUE
3438,nOlRwoxsDJ0_00788,12,0,248,FALSE
3439,nOlRwoxsDJ0_00796,12,0,208,FALSE
3440,nOlRwoxsDJ0_00799,12,0,240,FALSE
3441,nOlRwoxsDJ0_00804,12,0,176,TRUE
3442,nOlRwoxsDJ0_00805,12,0,223,FALSE
3443,nOlRwoxsDJ0_00810,12,0,195,FALSE
3444,nOlRwoxsDJ0_00811,12,0,317,FALSE
3445,nOlRwoxsDJ0_00888,12,0,331,FALSE
3446,nOlRwoxsDJ0_00889,12,0,250,FALSE
3447,sk8TafuB3lU_01000,12,0,189,FALSE
3448,sk8TafuB3lU_01024,12,0,135,FALSE
3449,sk8TafuB3lU_01025,12,0,258,FALSE
3450,sk8TafuB3lU_01026,12,0,250,FALSE
3451,sk8TafuB3lU_01075,12,0,175,FALSE
3452,sk8TafuB3lU_01076,12,0,251,FALSE
3453,sk8TafuB3lU_01107,12,0,142,FALSE
3454,sk8TafuB3lU_01108,12,0,243,FALSE
3455,sk8TafuB3lU_01109,12,0,241,FALSE
3456,sk8TafuB3lU_01114,12,0,168,FALSE
3457,sk8TafuB3lU_01115,12,0,246,FALSE
3458,sk8TafuB3lU_01116,12,0,223,FALSE
3459,sk8TafuB3lU_01122,12,0,287,FALSE
3460,sk8TafuB3lU_01123,12,0,268,FALSE
3461,sk8TafuB3lU_01124,12,0,224,FALSE
3462,sk8TafuB3lU_01125,12,0,252,FALSE
3463,sk8TafuB3lU_01130,12,0,249,FALSE
3464,vlfy4cny75s_00172,12,0,50,FALSE
3465,vlfy4cny75s_00173,12,0,143,TRUE
3466,xbQCwTHcGN8_00061,12,0,92,TRUE
3467,xbQCwTHcGN8_00062,12,0,155,TRUE
3468,xbQCwTHcGN8_00063,12,0,131,TRUE
3469,xbQCwTHcGN8_00106,12,0,53,TRUE
3470,xbQCwTHcGN8_00107,12,0,148,TRUE
3471,xbQCwTHcGN8_00108,12,0,84,FALSE
3472,zbAC7t15q3k_00070,12,0,110,TRUE
3473,zbAC7t15q3k_00071,12,0,215,FALSE
3474,zbAC7t15q3k_00072,12,0,133,FALSE
3475,LNMISxO35S0_00076,13,0,237,FALSE
3476,LNMISxO35S0_00077,13,0,110,FALSE
3477,LNMISxO35S0_00078,13,0,173,FALSE
3478,LNMISxO35S0_00203,13,0,69,FALSE
3479,LNMISxO35S0_00204,13,0,112,FALSE
3480,Q--70-ELqLw_00121,13,0,183,FALSE
3481,Q--70-ELqLw_00122,13,0,195,FALSE
3482,Q--70-ELqLw_00123,13,0,60,FALSE
3483,Q--70-ELqLw_00124,13,0,116,FALSE
3484,Q--70-ELqLw_00125,13,0,138,TRUE
3485,Q--70-ELqLw_00128,13,0,63,FALSE
3486,Q--70-ELqLw_00129,13,0,119,FALSE
3487,Q--70-ELqLw_00130,13,0,156,TRUE
3488,V5parOfpuEQ_00086,13,0,70,FALSE
3489,V5parOfpuEQ_00087,13,0,162,TRUE
3490,V5parOfpuEQ_00088,13,0,108,FALSE
3491,V5parOfpuEQ_00098,13,0,69,FALSE
3492,V5parOfpuEQ_00099,13,0,170,FALSE
3493,V5parOfpuEQ_00100,13,0,362,FALSE
3494,V5parOfpuEQ_00133,13,0,96,FALSE
3495,V5parOfpuEQ_00134,13,0,177,TRUE
3496,V5parOfpuEQ_00135,13,0,261,FALSE
3497,V5parOfpuEQ_00212,13,0,70,FALSE
3498,Y4ARBzok9aU_00066,13,0,97,FALSE
3499,Y4ARBzok9aU_00067,13,0,305,FALSE
3500,Y4ARBzok9aU_00080,13,0,105,FALSE
3501,Y4ARBzok9aU_00081,13,0,155,FALSE
3502,Y4ARBzok9aU_00082,13,0,100,TRUE
3503,Y4ARBzok9aU_00089,13,0,167,TRUE
3504,Y4ARBzok9aU_00090,13,0,160,TRUE
3505,Y4ARBzok9aU_00091,13,0,201,FALSE
3506,cYkUl8MrXgA_00154,13,0,74,TRUE
3507,cYkUl8MrXgA_00155,13,0,264,FALSE
3508,cYkUl8MrXgA_00156,13,0,109,TRUE
3509,cYkUl8MrXgA_00235,13,0,164,FALSE
3510,cYkUl8MrXgA_00236,13,0,122,FALSE
3511,cYkUl8MrXgA_00244,13,0,133,TRUE
3512,cYkUl8MrXgA_00245,13,0,162,TRUE
3513,cYkUl8MrXgA_00246,13,0,140,FALSE
3514,cYkUl8MrXgA_00249,13,0,230,FALSE
3515,cYkUl8MrXgA_00250,13,0,148,TRUE
3516,cYkUl8MrXgA_00251,13,0,121,TRUE
3517,cYkUl8MrXgA_00354,13,0,90,FALSE
3518,cYkUl8MrXgA_00355,13,0,225,FALSE
3519,3N1kUtqJ25A_00208,14,0,174,FALSE
3520,3N1kUtqJ25A_00210,14,0,291,FALSE
3521,D6zILEKIJbk_00106,14,0,73,TRUE
3522,D6zILEKIJbk_00107,14,0,191,FALSE
3523,D6zILEKIJbk_00108,14,0,99,TRUE
3524,D6zILEKIJbk_00162,14,0,178,TRUE
3525,D6zILEKIJbk_00163,14,0,165,FALSE
3526,D6zILEKIJbk_00180,14,0,78,FALSE
3527,D6zILEKIJbk_00181,14,0,182,FALSE
3528,D6zILEKIJbk_00184,14,0,143,TRUE
3529,D6zILEKIJbk_00185,14,0,187,FALSE
3530,D6zILEKIJbk_00186,14,0,115,TRUE
3531,LNMISxO35S0_00094,14,0,276,FALSE
3532,LNMISxO35S0_00095,14,0,128,FALSE
3533,LNMISxO35S0_00096,14,0,156,TRUE
3534,LNMISxO35S0_00133,14,0,160,FALSE
3535,LNMISxO35S0_00134,14,0,129,FALSE
3536,LNMISxO35S0_00135,14,0,158,TRUE
3537,LNMISxO35S0_00150,14,0,298,FALSE
3538,LNMISxO35S0_00151,14,0,122,FALSE
3539,LNMISxO35S0_00152,14,0,201,FALSE
3540,LNMISxO35S0_00205,14,0,172,FALSE
3541,LNMISxO35S0_00222,14,0,105,FALSE
3542,LNMISxO35S0_00223,14,0,137,TRUE
3543,LNMISxO35S0_00224,14,0,171,TRUE
3544,OFxuiqI5G44_00117,14,0,110,FALSE
3545,OFxuiqI5G44_00118,14,0,233,FALSE
3546,OFxuiqI5G44_00119,14,0,245,FALSE
3547,OFxuiqI5G44_00123,14,0,136,FALSE
3548,OFxuiqI5G44_00124,14,0,200,FALSE
3549,OFxuiqI5G44_00125,14,0,254,FALSE
3550,Q--70-ELqLw_00149,14,0,150,FALSE
3551,Q--70-ELqLw_00151,14,0,143,FALSE
3552,RWNrARSbRCY_00062,14,0,135,TRUE
3553,RWNrARSbRCY_00063,14,0,130,FALSE
3554,RWNrARSbRCY_00064,14,0,131,TRUE
3555,TeboS8s_00w_00084,14,0,318,FALSE
3556,TeboS8s_00w_00085,14,0,281,FALSE
3557,TeboS8s_00w_00154,14,0,152,FALSE
3558,TeboS8s_00w_00155,14,0,233,FALSE
3559,V5parOfpuEQ_00104,14,0,161,FALSE
3560,V5parOfpuEQ_00105,14,0,200,FALSE
3561,V5parOfpuEQ_00106,14,0,265,FALSE
3562,V5parOfpuEQ_00129,14,0,140,TRUE
3563,V5parOfpuEQ_00218,14,0,63,TRUE
3564,VNvb5oLOpLg_01060,14,0,150,FALSE
3565,VNvb5oLOpLg_01061,14,0,292,FALSE
3566,VNvb5oLOpLg_01062,14,0,256,FALSE
3567,Y4ARBzok9aU_00101,14,0,142,FALSE
3568,Y4ARBzok9aU_00102,14,0,200,FALSE
3569,ZAmJsIcfFOA_00104,14,0,148,FALSE
3570,ZAmJsIcfFOA_00105,14,0,164,TRUE
3571,ZAmJsIcfFOA_00106,14,0,284,FALSE
3572,ZAmJsIcfFOA_00168,14,0,137,FALSE
3573,ZAmJsIcfFOA_00169,14,0,114,FALSE
3574,ZAmJsIcfFOA_00170,14,0,113,FALSE
3575,ZAmJsIcfFOA_00219,14,0,74,FALSE
3576,ZAmJsIcfFOA_00220,14,0,138,FALSE
3577,ZAmJsIcfFOA_00221,14,0,192,FALSE
3578,ZAmJsIcfFOA_00225,14,0,180,FALSE
3579,ZAmJsIcfFOA_00226,14,0,110,TRUE
3580,ZAmJsIcfFOA_00227,14,0,117,FALSE
3581,ZAmJsIcfFOA_00256,14,0,197,FALSE
3582,ZAmJsIcfFOA_00257,14,0,177,TRUE
3583,ZAmJsIcfFOA_00258,14,0,151,FALSE
3584,cYkUl8MrXgA_00091,14,0,99,TRUE
3585,cYkUl8MrXgA_00092,14,0,178,TRUE
3586,cYkUl8MrXgA_00093,14,0,204,FALSE
3587,cYkUl8MrXgA_00103,14,0,132,TRUE
3588,cYkUl8MrXgA_00104,14,0,163,FALSE
3589,cYkUl8MrXgA_00105,14,0,97,FALSE
3590,cYkUl8MrXgA_00166,14,0,289,FALSE
3591,cYkUl8MrXgA_00167,14,0,146,FALSE
3592,cYkUl8MrXgA_00168,14,0,107,TRUE
3593,cYkUl8MrXgA_00181,14,0,154,FALSE
3594,cYkUl8MrXgA_00182,14,0,145,TRUE
3595,cYkUl8MrXgA_00189,14,0,55,TRUE
3596,cYkUl8MrXgA_00190,14,0,137,TRUE
3597,cYkUl8MrXgA_00206,14,0,110,TRUE
3598,cYkUl8MrXgA_00207,14,0,141,FALSE
3599,cYkUl8MrXgA_00219,14,0,78,FALSE
3600,cYkUl8MrXgA_00220,14,0,128,TRUE
3601,cYkUl8MrXgA_00234,14,0,80,FALSE
3602,cYkUl8MrXgA_00294,14,0,74,TRUE
3603,cYkUl8MrXgA_00295,14,0,129,FALSE
3604,cYkUl8MrXgA_00296,14,0,121,TRUE
3605,cYkUl8MrXgA_00385,14,0,100,TRUE
3606,cYkUl8MrXgA_00386,14,0,194,FALSE
3607,egsanPCCIzQ_00040,14,0,131,FALSE
3608,egsanPCCIzQ_00041,14,0,210,FALSE
3609,egsanPCCIzQ_00042,14,0,133,TRUE
3610,egsanPCCIzQ_00176,14,0,64,FALSE
3611,egsanPCCIzQ_00178,14,0,146,TRUE
3612,egsanPCCIzQ_00179,14,0,95,TRUE
3613,nOlRwoxsDJ0_00689,14,0,154,FALSE
3614,nOlRwoxsDJ0_00690,14,0,232,FALSE
3615,nOlRwoxsDJ0_00826,14,0,169,FALSE
3616,nOlRwoxsDJ0_00827,14,0,295,FALSE
3617,sk8TafuB3lU_01007,14,0,368,FALSE
3618,sk8TafuB3lU_01008,14,0,226,FALSE
3619,sk8TafuB3lU_01054,14,0,172,FALSE
3620,sk8TafuB3lU_01055,14,0,256,FALSE
3621,2x00lRzlTVQ_00000,15,0,201,FALSE
3622,2x00lRzlTVQ_00001,15,0,181,FALSE
3623,2x00lRzlTVQ_00002,15,0,113,FALSE
3624,2x00lRzlTVQ_00003,15,0,162,TRUE
3625,2x00lRzlTVQ_00004,15,0,184,FALSE
3626,2x00lRzlTVQ_00005,15,0,69,FALSE
3627,2x00lRzlTVQ_00007,15,0,161,TRUE
3628,2x00lRzlTVQ_00008,15,0,197,FALSE
3629,2x00lRzlTVQ_00009,15,0,116,TRUE
3630,2x00lRzlTVQ_00013,15,0,57,TRUE
3631,2x00lRzlTVQ_00014,15,0,177,TRUE
3632,2x00lRzlTVQ_00015,15,0,86,FALSE
3633,2x00lRzlTVQ_00016,15,0,177,TRUE
3634,2x00lRzlTVQ_00017,15,0,189,FALSE
3635,2x00lRzlTVQ_00018,15,0,91,TRUE
3636,2x00lRzlTVQ_00019,15,0,167,TRUE
3637,2x00lRzlTVQ_00020,15,0,165,TRUE
3638,2x00lRzlTVQ_00035,15,0,82,TRUE
3639,2x00lRzlTVQ_00036,15,0,145,TRUE
3640,3qq031609lA_00001,15,0,114,TRUE
3641,3qq031609lA_00007,15,0,131,TRUE
3642,5V-dKBtmKLI_00020,15,0,87,FALSE
3643,5V-dKBtmKLI_00021,15,0,187,FALSE
3644,5V-dKBtmKLI_00024,15,0,400,FALSE
3645,5V-dKBtmKLI_00025,15,0,193,FALSE
3646,5V-dKBtmKLI_00087,15,0,63,FALSE
3647,5V-dKBtmKLI_00088,15,0,186,FALSE
3648,5V-dKBtmKLI_00091,15,0,214,FALSE
3649,5V-dKBtmKLI_00092,15,0,208,FALSE
3650,9BC6ssCjyfg_00185,15,0,48,FALSE
3651,9BC6ssCjyfg_00187,15,0,107,TRUE
3652,9BC6ssCjyfg_00188,15,0,129,TRUE
3653,9BC6ssCjyfg_00189,15,0,140,TRUE
3654,9BC6ssCjyfg_00190,15,0,172,TRUE
3655,9jZYYtzYqwE_00000,15,0,90,TRUE
3656,9jZYYtzYqwE_00001,15,0,149,FALSE
3657,9jZYYtzYqwE_00002,15,0,152,TRUE
3658,9jZYYtzYqwE_00003,15,0,132,TRUE
3659,9jZYYtzYqwE_00010,15,0,79,TRUE
3660,9jZYYtzYqwE_00011,15,0,183,FALSE
3661,9jZYYtzYqwE_00012,15,0,191,FALSE
3662,9jZYYtzYqwE_00013,15,0,172,TRUE
3663,9jZYYtzYqwE_00014,15,0,90,TRUE
3664,9jZYYtzYqwE_00015,15,0,132,FALSE
3665,9jZYYtzYqwE_00016,15,0,77,TRUE
3666,9jZYYtzYqwE_00017,15,0,153,FALSE
3667,9jZYYtzYqwE_00026,15,0,83,TRUE
3668,9jZYYtzYqwE_00027,15,0,115,TRUE
3669,9jZYYtzYqwE_00028,15,0,107,TRUE
3670,9jZYYtzYqwE_00030,15,0,117,FALSE
3671,D8YKHC5hmUs_00038,15,0,95,TRUE
3672,D8YKHC5hmUs_00039,15,0,119,TRUE
3673,D8YKHC5hmUs_00048,15,0,128,FALSE
3674,D8YKHC5hmUs_00049,15,0,116,TRUE
3675,D8YKHC5hmUs_00050,15,0,168,TRUE
3676,D8YKHC5hmUs_00051,15,0,93,TRUE
3677,D8YKHC5hmUs_00052,15,0,126,TRUE
3678,D8YKHC5hmUs_00053,15,0,180,FALSE
3679,D8YKHC5hmUs_00054,15,0,143,TRUE
3680,D8YKHC5hmUs_00055,15,0,66,TRUE
3681,D8YKHC5hmUs_00056,15,0,110,FALSE
3682,D8YKHC5hmUs_00057,15,0,46,TRUE
3683,D8YKHC5hmUs_00058,15,0,88,FALSE
3684,D8YKHC5hmUs_00113,15,0,76,TRUE
3685,D8YKHC5hmUs_00114,15,0,150,TRUE
3686,D8YKHC5hmUs_00122,15,0,116,TRUE
3687,D8YKHC5hmUs_00123,15,0,139,TRUE
3688,DB4lpBDPnTY_00020,15,0,88,TRUE
3689,JzOshOJgofw_00010,15,0,113,TRUE
3690,JzOshOJgofw_00011,15,0,133,TRUE
3691,JzOshOJgofw_00016,15,0,59,TRUE
3692,JzOshOJgofw_00017,15,0,92,TRUE
3693,JzOshOJgofw_00018,15,0,83,TRUE
3694,JzOshOJgofw_00019,15,0,144,FALSE
3695,JzOshOJgofw_00020,15,0,75,TRUE
3696,JzOshOJgofw_00021,15,0,109,TRUE
3697,JzOshOJgofw_00026,15,0,100,TRUE
3698,JzOshOJgofw_00027,15,0,132,TRUE
3699,JzOshOJgofw_00028,15,0,57,TRUE
3700,JzOshOJgofw_00029,15,0,103,TRUE
3701,JzOshOJgofw_00030,15,0,86,TRUE
3702,JzOshOJgofw_00031,15,0,110,TRUE
3703,JzOshOJgofw_00032,15,0,162,TRUE
3704,JzOshOJgofw_00033,15,0,114,FALSE
3705,JzOshOJgofw_00034,15,0,107,TRUE
3706,JzOshOJgofw_00035,15,0,132,TRUE
3707,JzOshOJgofw_00036,15,0,47,TRUE
3708,JzOshOJgofw_00037,15,0,103,TRUE
3709,JzOshOJgofw_00038,15,0,80,TRUE
3710,JzOshOJgofw_00039,15,0,89,TRUE
3711,JzOshOJgofw_00041,15,0,234,FALSE
3712,JzOshOJgofw_00057,15,0,111,TRUE
3713,JzOshOJgofw_00058,15,0,132,TRUE
3714,JzOshOJgofw_00061,15,0,122,FALSE
3715,JzOshOJgofw_00062,15,0,148,TRUE
3716,LkluZoNfKu8_00018,15,0,137,FALSE
3717,LkluZoNfKu8_00019,15,0,192,FALSE
3718,LkluZoNfKu8_00022,15,0,80,TRUE
3719,LkluZoNfKu8_00023,15,0,209,FALSE
3720,LkluZoNfKu8_00146,15,0,45,FALSE
3721,LkluZoNfKu8_00147,15,0,147,TRUE
3722,LkluZoNfKu8_00150,15,0,40,TRUE
3723,LkluZoNfKu8_00151,15,0,39,FALSE
3724,LkluZoNfKu8_00153,15,0,157,TRUE
3725,OFxuiqI5G44_00209,15,0,224,FALSE
3726,OFxuiqI5G44_00210,15,0,194,FALSE
3727,OFxuiqI5G44_00211,15,0,198,FALSE
3728,OFxuiqI5G44_00212,15,0,153,TRUE
3729,OFxuiqI5G44_00214,15,0,207,FALSE
3730,OFxuiqI5G44_00230,15,0,266,FALSE
3731,OFxuiqI5G44_00239,15,0,186,FALSE
3732,OFxuiqI5G44_00240,15,0,215,FALSE
3733,OFxuiqI5G44_00241,15,0,229,FALSE
3734,OFxuiqI5G44_00259,15,0,192,FALSE
3735,OFxuiqI5G44_00272,15,0,203,FALSE
3736,OFxuiqI5G44_00274,15,0,222,FALSE
3737,Q--70-ELqLw_00177,15,0,99,FALSE
3738,Q--70-ELqLw_00178,15,0,171,TRUE
3739,Q--70-ELqLw_00179,15,0,150,TRUE
3740,VNvb5oLOpLg_00003,15,0,129,FALSE
3741,VNvb5oLOpLg_00004,15,0,227,FALSE
3742,VNvb5oLOpLg_00005,15,0,240,FALSE
3743,VNvb5oLOpLg_00015,15,0,161,TRUE
3744,VNvb5oLOpLg_00016,15,0,255,FALSE
3745,VNvb5oLOpLg_00021,15,0,233,FALSE
3746,VNvb5oLOpLg_00022,15,0,184,FALSE
3747,VNvb5oLOpLg_00067,15,0,217,FALSE
3748,VNvb5oLOpLg_00068,15,0,218,FALSE
3749,VNvb5oLOpLg_00071,15,0,138,TRUE
3750,VNvb5oLOpLg_00072,15,0,252,FALSE
3751,VNvb5oLOpLg_00077,15,0,188,FALSE
3752,VNvb5oLOpLg_00078,15,0,267,FALSE
3753,VNvb5oLOpLg_00081,15,0,135,FALSE
3754,VNvb5oLOpLg_00082,15,0,242,FALSE
3755,VNvb5oLOpLg_00089,15,0,175,TRUE
3756,VNvb5oLOpLg_00090,15,0,225,FALSE
3757,VNvb5oLOpLg_00091,15,0,144,TRUE
3758,VNvb5oLOpLg_00092,15,0,253,FALSE
3759,VNvb5oLOpLg_00095,15,0,257,FALSE
3760,VNvb5oLOpLg_00096,15,0,259,FALSE
3761,VNvb5oLOpLg_00097,15,0,201,FALSE
3762,VNvb5oLOpLg_00098,15,0,299,FALSE
3763,VNvb5oLOpLg_00101,15,0,181,FALSE
3764,VNvb5oLOpLg_00102,15,0,244,FALSE
3765,VNvb5oLOpLg_00109,15,0,153,TRUE
3766,VNvb5oLOpLg_00110,15,0,219,FALSE
3767,VNvb5oLOpLg_00115,15,0,151,TRUE
3768,VNvb5oLOpLg_00116,15,0,221,FALSE
3769,VNvb5oLOpLg_00117,15,0,106,TRUE
3770,VNvb5oLOpLg_00118,15,0,197,FALSE
3771,VNvb5oLOpLg_00119,15,0,154,TRUE
3772,VNvb5oLOpLg_00120,15,0,234,FALSE
3773,VNvb5oLOpLg_00123,15,0,195,FALSE
3774,VNvb5oLOpLg_00124,15,0,235,FALSE
3775,VNvb5oLOpLg_00127,15,0,306,FALSE
3776,VNvb5oLOpLg_00128,15,0,223,FALSE
3777,VNvb5oLOpLg_00137,15,0,197,FALSE
3778,VNvb5oLOpLg_00138,15,0,215,FALSE
3779,VNvb5oLOpLg_00147,15,0,205,FALSE
3780,VNvb5oLOpLg_00148,15,0,258,FALSE
3781,VNvb5oLOpLg_00151,15,0,177,TRUE
3782,VNvb5oLOpLg_00152,15,0,287,FALSE
3783,VNvb5oLOpLg_00157,15,0,195,FALSE
3784,VNvb5oLOpLg_00158,15,0,240,FALSE
3785,VNvb5oLOpLg_00163,15,0,124,FALSE
3786,VNvb5oLOpLg_00164,15,0,209,FALSE
3787,VNvb5oLOpLg_00167,15,0,335,FALSE
3788,VNvb5oLOpLg_00168,15,0,235,FALSE
3789,VNvb5oLOpLg_00169,15,0,156,TRUE
3790,VNvb5oLOpLg_00170,15,0,288,FALSE
3791,VNvb5oLOpLg_00171,15,0,290,FALSE
3792,VNvb5oLOpLg_00172,15,0,240,FALSE
3793,VNvb5oLOpLg_00175,15,0,174,TRUE
3794,VNvb5oLOpLg_00176,15,0,248,FALSE
3795,VNvb5oLOpLg_00177,15,0,121,FALSE
3796,VNvb5oLOpLg_00178,15,0,219,FALSE
3797,VNvb5oLOpLg_00185,15,0,140,TRUE
3798,VNvb5oLOpLg_00186,15,0,227,FALSE
3799,VNvb5oLOpLg_00193,15,0,123,FALSE
3800,VNvb5oLOpLg_00194,15,0,239,FALSE
3801,VNvb5oLOpLg_00203,15,0,272,FALSE
3802,VNvb5oLOpLg_00204,15,0,338,FALSE
3803,VNvb5oLOpLg_00608,15,0,249,FALSE
3804,VNvb5oLOpLg_00619,15,0,170,FALSE
3805,VNvb5oLOpLg_00620,15,0,245,FALSE
3806,VNvb5oLOpLg_00621,15,0,252,FALSE
3807,VNvb5oLOpLg_00637,15,0,173,TRUE
3808,VNvb5oLOpLg_00638,15,0,264,FALSE
3809,VNvb5oLOpLg_00640,15,0,110,FALSE
3810,VNvb5oLOpLg_00641,15,0,234,FALSE
3811,VNvb5oLOpLg_00642,15,0,206,FALSE
3812,VNvb5oLOpLg_00669,15,0,246,FALSE
3813,VNvb5oLOpLg_00724,15,0,160,FALSE
3814,VNvb5oLOpLg_00725,15,0,242,FALSE
3815,VNvb5oLOpLg_00726,15,0,197,FALSE
3816,VNvb5oLOpLg_00727,15,0,167,TRUE
3817,VNvb5oLOpLg_00728,15,0,248,FALSE
3818,VNvb5oLOpLg_00729,15,0,241,FALSE
3819,VNvb5oLOpLg_00730,15,0,148,FALSE
3820,VNvb5oLOpLg_00731,15,0,234,FALSE
3821,VNvb5oLOpLg_00732,15,0,218,FALSE
3822,VNvb5oLOpLg_00735,15,0,230,FALSE
3823,VNvb5oLOpLg_00744,15,0,147,FALSE
3824,VNvb5oLOpLg_00748,15,0,203,FALSE
3825,VNvb5oLOpLg_00749,15,0,259,FALSE
3826,VNvb5oLOpLg_00750,15,0,241,FALSE
3827,VNvb5oLOpLg_00760,15,0,145,TRUE
3828,VNvb5oLOpLg_00761,15,0,244,FALSE
3829,VNvb5oLOpLg_00762,15,0,238,FALSE
3830,Y7QZcr24ye0_00006,15,0,320,FALSE
3831,Y7QZcr24ye0_00007,15,0,279,FALSE
3832,Y7QZcr24ye0_00057,15,0,347,FALSE
3833,Y7QZcr24ye0_00058,15,0,253,FALSE
3834,Y7QZcr24ye0_00065,15,0,86,FALSE
3835,Y7QZcr24ye0_00066,15,0,162,TRUE
3836,Y7QZcr24ye0_00067,15,0,220,FALSE
3837,Y7QZcr24ye0_00074,15,0,302,FALSE
3838,Y7QZcr24ye0_00075,15,0,286,FALSE
3839,Y7QZcr24ye0_00089,15,0,124,TRUE
3840,Y7QZcr24ye0_00090,15,0,194,FALSE
3841,Y7QZcr24ye0_00091,15,0,260,FALSE
3842,Y7QZcr24ye0_00095,15,0,187,FALSE
3843,Y7QZcr24ye0_00096,15,0,235,FALSE
3844,Y7QZcr24ye0_00104,15,0,213,FALSE
3845,Y7QZcr24ye0_00105,15,0,111,FALSE
3846,Y7QZcr24ye0_00106,15,0,203,FALSE
3847,Y7QZcr24ye0_00109,15,0,294,FALSE
3848,Y7QZcr24ye0_00110,15,0,248,FALSE
3849,Y7QZcr24ye0_00111,15,0,150,TRUE
3850,Y7QZcr24ye0_00112,15,0,257,FALSE
3851,Y7QZcr24ye0_00119,15,0,102,FALSE
3852,Y7QZcr24ye0_00120,15,0,200,FALSE
3853,Y7QZcr24ye0_00121,15,0,238,FALSE
3854,Y7QZcr24ye0_00125,15,0,137,TRUE
3855,Y7QZcr24ye0_00126,15,0,197,FALSE
3856,Y7QZcr24ye0_00127,15,0,101,FALSE
3857,Y7QZcr24ye0_00128,15,0,196,FALSE
3858,Y7QZcr24ye0_00129,15,0,329,FALSE
3859,Y7QZcr24ye0_00130,15,0,210,FALSE
3860,Y7QZcr24ye0_00135,15,0,177,FALSE
3861,Y7QZcr24ye0_00136,15,0,259,FALSE
3862,Y7QZcr24ye0_00143,15,0,397,FALSE
3863,Y7QZcr24ye0_00144,15,0,240,FALSE
3864,Y7QZcr24ye0_00145,15,0,172,FALSE
3865,Y7QZcr24ye0_00146,15,0,211,FALSE
3866,Y7QZcr24ye0_00147,15,0,214,FALSE
3867,Y7QZcr24ye0_00148,15,0,187,FALSE
3868,Y7QZcr24ye0_00151,15,0,92,FALSE
3869,Y7QZcr24ye0_00152,15,0,174,TRUE
3870,Y7QZcr24ye0_00153,15,0,132,TRUE
3871,Y7QZcr24ye0_00154,15,0,212,FALSE
3872,Y7QZcr24ye0_00159,15,0,93,TRUE
3873,Y7QZcr24ye0_00160,15,0,184,FALSE
3874,Y7QZcr24ye0_00163,15,0,153,FALSE
3875,Y7QZcr24ye0_00164,15,0,234,FALSE
3876,Y7QZcr24ye0_00165,15,0,133,TRUE
3877,Y7QZcr24ye0_00166,15,0,213,FALSE
3878,Y7QZcr24ye0_00167,15,0,185,FALSE
3879,Y7QZcr24ye0_00168,15,0,216,FALSE
3880,Y7QZcr24ye0_00173,15,0,190,FALSE
3881,Y7QZcr24ye0_00174,15,0,206,FALSE
3882,Y7QZcr24ye0_00179,15,0,290,FALSE
3883,Y7QZcr24ye0_00181,15,0,113,TRUE
3884,Y7QZcr24ye0_00182,15,0,217,FALSE
3885,Y7QZcr24ye0_00215,15,0,102,TRUE
3886,Y7QZcr24ye0_00216,15,0,201,FALSE
3887,Y7QZcr24ye0_00651,15,0,204,FALSE
3888,Y7QZcr24ye0_00652,15,0,219,FALSE
3889,Y7QZcr24ye0_00653,15,0,251,FALSE
3890,Y7QZcr24ye0_00663,15,0,146,FALSE
3891,Y7QZcr24ye0_00665,15,0,284,FALSE
3892,Y7QZcr24ye0_00678,15,0,162,FALSE
3893,Y7QZcr24ye0_00679,15,0,175,FALSE
3894,Y7QZcr24ye0_00680,15,0,229,FALSE
3895,Y7QZcr24ye0_00702,15,0,275,FALSE
3896,Y7QZcr24ye0_00703,15,0,269,FALSE
3897,Y7QZcr24ye0_00704,15,0,173,FALSE
3898,Y7QZcr24ye0_00705,15,0,285,FALSE
3899,Y7QZcr24ye0_00706,15,0,297,FALSE
3900,Y7QZcr24ye0_00729,15,0,169,FALSE
3901,Y7QZcr24ye0_00730,15,0,277,FALSE
3902,Y7QZcr24ye0_00731,15,0,276,FALSE
3903,Y7QZcr24ye0_00740,15,0,287,FALSE
3904,Y7QZcr24ye0_00750,15,0,160,FALSE
3905,Y7QZcr24ye0_00752,15,0,284,FALSE
3906,Y7QZcr24ye0_00759,15,0,232,FALSE
3907,Y7QZcr24ye0_00760,15,0,301,FALSE
3908,Y7QZcr24ye0_00761,15,0,294,FALSE
3909,Y7QZcr24ye0_00767,15,0,240,FALSE
3910,Y7QZcr24ye0_00780,15,0,123,FALSE
3911,Y7QZcr24ye0_00781,15,0,246,FALSE
3912,Y7QZcr24ye0_00782,15,0,247,FALSE
3913,Z_uFnDg-a4I_00000,15,0,207,FALSE
3914,Z_uFnDg-a4I_00001,15,0,116,FALSE
3915,Z_uFnDg-a4I_00002,15,0,193,FALSE
3916,Z_uFnDg-a4I_00003,15,0,118,TRUE
3917,Z_uFnDg-a4I_00004,15,0,168,TRUE
3918,Z_uFnDg-a4I_00005,15,0,89,FALSE
3919,Z_uFnDg-a4I_00131,15,0,120,TRUE
3920,Z_uFnDg-a4I_00132,15,0,112,TRUE
3921,Z_uFnDg-a4I_00133,15,0,129,FALSE
3922,Z_uFnDg-a4I_00134,15,0,115,TRUE
3923,Z_uFnDg-a4I_00135,15,0,186,FALSE
3924,Z_uFnDg-a4I_00136,15,0,102,FALSE
3925,_lmT4WlK7G0_00003,15,0,111,TRUE
3926,_lmT4WlK7G0_00004,15,0,156,TRUE
3927,_lmT4WlK7G0_00005,15,0,147,FALSE
3928,db7DmpqzGmc_00028,15,0,111,FALSE
3929,db7DmpqzGmc_00030,15,0,128,TRUE
3930,db7DmpqzGmc_00230,15,0,61,TRUE
3931,db7DmpqzGmc_00232,15,0,139,TRUE
3932,ddV_Cpszpls_00006,15,0,93,TRUE
3933,ddV_Cpszpls_00007,15,0,189,FALSE
3934,ddV_Cpszpls_00009,15,0,96,FALSE
3935,ddV_Cpszpls_00010,15,0,198,FALSE
3936,ddV_Cpszpls_00012,15,0,68,FALSE
3937,ddV_Cpszpls_00013,15,0,171,TRUE
3938,ddV_Cpszpls_00014,15,0,106,FALSE
3939,ddV_Cpszpls_00015,15,0,93,TRUE
3940,ddV_Cpszpls_00017,15,0,199,FALSE
3941,ddV_Cpszpls_00019,15,0,134,TRUE
3942,ddV_Cpszpls_00020,15,0,212,FALSE
3943,ddV_Cpszpls_00142,15,0,173,TRUE
3944,ddV_Cpszpls_00223,15,0,86,FALSE
3945,ddV_Cpszpls_00224,15,0,189,FALSE
3946,ddV_Cpszpls_00226,15,0,94,FALSE
3947,ddV_Cpszpls_00227,15,0,179,TRUE
3948,ddV_Cpszpls_00228,15,0,89,FALSE
3949,eN8umEok9U8_00000,15,0,84,TRUE
3950,eN8umEok9U8_00001,15,0,158,TRUE
3951,eN8umEok9U8_00008,15,0,98,TRUE
3952,eN8umEok9U8_00009,15,0,75,TRUE
3953,eN8umEok9U8_00010,15,0,116,TRUE
3954,eN8umEok9U8_00011,15,0,118,FALSE
3955,eN8umEok9U8_00012,15,0,176,TRUE
3956,eN8umEok9U8_00020,15,0,105,TRUE
3957,eN8umEok9U8_00021,15,0,137,TRUE
3958,eN8umEok9U8_00049,15,0,147,TRUE
3959,eN8umEok9U8_00050,15,0,124,FALSE
3960,eN8umEok9U8_00066,15,0,119,TRUE
3961,eN8umEok9U8_00067,15,0,79,TRUE
3962,eN8umEok9U8_00072,15,0,187,FALSE
3963,eN8umEok9U8_00073,15,0,104,TRUE
3964,eN8umEok9U8_00074,15,0,99,TRUE
3965,eN8umEok9U8_00075,15,0,133,TRUE
3966,eN8umEok9U8_00100,15,0,103,FALSE
3967,eN8umEok9U8_00101,15,0,148,TRUE
3968,eN8umEok9U8_00102,15,0,65,TRUE
3969,eN8umEok9U8_00103,15,0,129,TRUE
3970,fB1Pc3CylrQ_00000,15,0,105,TRUE
3971,fB1Pc3CylrQ_00003,15,0,47,TRUE
3972,fB1Pc3CylrQ_00005,15,0,128,FALSE
3973,k1F4LHeYhBs_00092,15,0,119,TRUE
3974,k1F4LHeYhBs_00098,15,0,506,FALSE
3975,k1F4LHeYhBs_00099,15,0,265,FALSE
3976,k1F4LHeYhBs_00100,15,0,260,FALSE
3977,k1F4LHeYhBs_00101,15,0,267,FALSE
3978,k1F4LHeYhBs_00102,15,0,242,FALSE
3979,k1F4LHeYhBs_00107,15,0,412,FALSE
3980,k1F4LHeYhBs_00108,15,0,172,FALSE
3981,k1F4LHeYhBs_00109,15,0,189,FALSE
3982,k1F4LHeYhBs_00110,15,0,274,FALSE
3983,k1F4LHeYhBs_00111,15,0,226,FALSE
3984,k1F4LHeYhBs_00112,15,0,240,FALSE
3985,k1F4LHeYhBs_00113,15,0,281,FALSE
3986,k1F4LHeYhBs_00114,15,0,293,FALSE
3987,k1F4LHeYhBs_00115,15,0,288,FALSE
3988,k1F4LHeYhBs_00116,15,0,181,FALSE
3989,k1F4LHeYhBs_00117,15,0,264,FALSE
3990,k1F4LHeYhBs_00122,15,0,204,FALSE
3991,k1F4LHeYhBs_00123,15,0,278,FALSE
3992,k1F4LHeYhBs_00124,15,0,280,FALSE
3993,nOlRwoxsDJ0_00002,15,0,252,FALSE
3994,nOlRwoxsDJ0_00003,15,0,245,FALSE
3995,nOlRwoxsDJ0_00018,15,0,373,FALSE
3996,nOlRwoxsDJ0_00019,15,0,289,FALSE
3997,nOlRwoxsDJ0_00054,15,0,165,TRUE
3998,nOlRwoxsDJ0_00055,15,0,264,FALSE
3999,nOlRwoxsDJ0_00064,15,0,209,FALSE
4000,nOlRwoxsDJ0_00065,15,0,284,FALSE
4001,nOlRwoxsDJ0_00068,15,0,315,FALSE
4002,nOlRwoxsDJ0_00069,15,0,275,FALSE
4003,nOlRwoxsDJ0_00075,15,0,105,FALSE
4004,nOlRwoxsDJ0_00076,15,0,200,FALSE
4005,nOlRwoxsDJ0_00081,15,0,162,TRUE
4006,nOlRwoxsDJ0_00082,15,0,267,FALSE
4007,nOlRwoxsDJ0_00083,15,0,302,FALSE
4008,nOlRwoxsDJ0_00084,15,0,256,FALSE
4009,nOlRwoxsDJ0_00087,15,0,150,TRUE
4010,nOlRwoxsDJ0_00088,15,0,243,FALSE
4011,nOlRwoxsDJ0_00093,15,0,142,TRUE
4012,nOlRwoxsDJ0_00094,15,0,229,FALSE
4013,nOlRwoxsDJ0_00095,15,0,140,TRUE
4014,nOlRwoxsDJ0_00096,15,0,209,FALSE
4015,nOlRwoxsDJ0_00099,15,0,137,TRUE
4016,nOlRwoxsDJ0_00100,15,0,235,FALSE
4017,nOlRwoxsDJ0_00101,15,0,141,TRUE
4018,nOlRwoxsDJ0_00102,15,0,214,FALSE
4019,nOlRwoxsDJ0_00107,15,0,211,FALSE
4020,nOlRwoxsDJ0_00108,15,0,248,FALSE
4021,nOlRwoxsDJ0_00117,15,0,161,FALSE
4022,nOlRwoxsDJ0_00118,15,0,192,FALSE
4023,nOlRwoxsDJ0_00125,15,0,138,TRUE
4024,nOlRwoxsDJ0_00126,15,0,211,FALSE
4025,nOlRwoxsDJ0_00129,15,0,129,FALSE
4026,nOlRwoxsDJ0_00130,15,0,198,FALSE
4027,nOlRwoxsDJ0_00137,15,0,189,FALSE
4028,nOlRwoxsDJ0_00138,15,0,268,FALSE
4029,nOlRwoxsDJ0_00143,15,0,198,FALSE
4030,nOlRwoxsDJ0_00144,15,0,214,FALSE
4031,nOlRwoxsDJ0_00147,15,0,203,FALSE
4032,nOlRwoxsDJ0_00148,15,0,226,FALSE
4033,nOlRwoxsDJ0_00149,15,0,193,FALSE
4034,nOlRwoxsDJ0_00150,15,0,204,FALSE
4035,nOlRwoxsDJ0_00155,15,0,136,TRUE
4036,nOlRwoxsDJ0_00156,15,0,195,FALSE
4037,nOlRwoxsDJ0_00160,15,0,177,TRUE
4038,nOlRwoxsDJ0_00161,15,0,234,FALSE
4039,nOlRwoxsDJ0_00162,15,0,250,FALSE
4040,nOlRwoxsDJ0_00163,15,0,204,FALSE
4041,nOlRwoxsDJ0_00166,15,0,123,TRUE
4042,nOlRwoxsDJ0_00167,15,0,183,FALSE
4043,nOlRwoxsDJ0_00168,15,0,250,FALSE
4044,nOlRwoxsDJ0_00169,15,0,242,FALSE
4045,nOlRwoxsDJ0_00526,15,0,250,FALSE
4046,nOlRwoxsDJ0_00527,15,0,274,FALSE
4047,nOlRwoxsDJ0_00538,15,0,213,FALSE
4048,nOlRwoxsDJ0_00586,15,0,163,FALSE
4049,nOlRwoxsDJ0_00587,15,0,258,FALSE
4050,nOlRwoxsDJ0_00591,15,0,143,FALSE
4051,nOlRwoxsDJ0_00592,15,0,253,FALSE
4052,nOlRwoxsDJ0_00599,15,0,126,FALSE
4053,nOlRwoxsDJ0_00600,15,0,217,FALSE
4054,nOlRwoxsDJ0_00601,15,0,182,FALSE
4055,nOlRwoxsDJ0_00602,15,0,259,FALSE
4056,nOlRwoxsDJ0_00609,15,0,169,TRUE
4057,nOlRwoxsDJ0_00610,15,0,262,FALSE
4058,siEI_jaSmd4_00019,15,0,144,TRUE
4059,siEI_jaSmd4_00027,15,0,56,TRUE
4060,siEI_jaSmd4_00032,15,0,154,TRUE
4061,siEI_jaSmd4_00034,15,0,121,TRUE
4062,siEI_jaSmd4_00038,15,0,42,TRUE
4063,siEI_jaSmd4_00044,15,0,70,TRUE
4064,siEI_jaSmd4_00053,15,0,136,TRUE
4065,siEI_jaSmd4_00056,15,0,94,TRUE
4066,sk8TafuB3lU_00067,15,0,112,FALSE
4067,sk8TafuB3lU_00068,15,0,217,FALSE
4068,sk8TafuB3lU_00077,15,0,129,FALSE
4069,sk8TafuB3lU_00078,15,0,218,FALSE
4070,sk8TafuB3lU_00083,15,0,205,FALSE
4071,sk8TafuB3lU_00084,15,0,246,FALSE
4072,sk8TafuB3lU_00089,15,0,219,FALSE
4073,sk8TafuB3lU_00090,15,0,266,FALSE
4074,sk8TafuB3lU_00091,15,0,393,FALSE
4075,sk8TafuB3lU_00092,15,0,318,FALSE
4076,sk8TafuB3lU_00093,15,0,124,TRUE
4077,sk8TafuB3lU_00094,15,0,235,FALSE
4078,sk8TafuB3lU_00097,15,0,211,FALSE
4079,sk8TafuB3lU_00098,15,0,238,FALSE
4080,sk8TafuB3lU_00107,15,0,196,FALSE
4081,sk8TafuB3lU_00108,15,0,280,FALSE
4082,sk8TafuB3lU_00109,15,0,123,TRUE
4083,sk8TafuB3lU_00110,15,0,210,FALSE
4084,sk8TafuB3lU_00113,15,0,205,FALSE
4085,sk8TafuB3lU_00115,15,0,135,TRUE
4086,sk8TafuB3lU_00116,15,0,301,FALSE
4087,sk8TafuB3lU_00121,15,0,126,FALSE
4088,sk8TafuB3lU_00125,15,0,212,FALSE
4089,sk8TafuB3lU_00126,15,0,255,FALSE
4090,sk8TafuB3lU_00127,15,0,355,FALSE
4091,sk8TafuB3lU_00128,15,0,265,FALSE
4092,sk8TafuB3lU_00131,15,0,186,FALSE
4093,sk8TafuB3lU_00132,15,0,315,FALSE
4094,sk8TafuB3lU_00135,15,0,174,FALSE
4095,sk8TafuB3lU_00138,15,0,310,FALSE
4096,sk8TafuB3lU_00139,15,0,212,FALSE
4097,sk8TafuB3lU_00148,15,0,113,FALSE
4098,sk8TafuB3lU_00166,15,0,144,TRUE
4099,sk8TafuB3lU_00168,15,0,121,TRUE
4100,sk8TafuB3lU_00169,15,0,159,FALSE
4101,sk8TafuB3lU_00170,15,0,131,TRUE
4102,sk8TafuB3lU_00178,15,0,172,FALSE
4103,sk8TafuB3lU_00716,15,0,144,TRUE
4104,sk8TafuB3lU_00728,15,0,147,FALSE
4105,sk8TafuB3lU_00729,15,0,309,FALSE
4106,sk8TafuB3lU_00730,15,0,271,FALSE
4107,sk8TafuB3lU_00779,15,0,248,FALSE
4108,sk8TafuB3lU_00780,15,0,261,FALSE
4109,sk8TafuB3lU_00840,15,0,231,FALSE
4110,sk8TafuB3lU_00841,15,0,290,FALSE
4111,sk8TafuB3lU_00842,15,0,257,FALSE
4112,sk8TafuB3lU_00848,15,0,133,TRUE
4113,sk8TafuB3lU_00850,15,0,245,FALSE
4114,sk8TafuB3lU_00873,15,0,254,FALSE
4115,sk8TafuB3lU_00874,15,0,229,FALSE
4116,vlfy4cny75s_00006,15,0,72,TRUE
4117,vlfy4cny75s_00007,15,0,127,TRUE
4118,vlfy4cny75s_00008,15,0,171,TRUE
4119,vlfy4cny75s_00009,15,0,162,TRUE
4120,vlfy4cny75s_00010,15,0,146,TRUE
4121,vlfy4cny75s_00011,15,0,193,FALSE
4122,vlfy4cny75s_00012,15,0,79,FALSE
4123,vlfy4cny75s_00014,15,0,189,FALSE
4124,vlfy4cny75s_00016,15,0,65,TRUE
4125,vlfy4cny75s_00017,15,0,79,TRUE
4126,vlfy4cny75s_00022,15,0,52,FALSE
4127,vlfy4cny75s_00023,15,0,94,TRUE
4128,vlfy4cny75s_00024,15,0,181,FALSE
4129,vlfy4cny75s_00040,15,0,196,FALSE
4130,vlfy4cny75s_00042,15,0,198,FALSE
4131,vlfy4cny75s_00125,15,0,157,FALSE
4132,vlfy4cny75s_00126,15,0,135,TRUE
4133,vlfy4cny75s_00127,15,0,225,FALSE
4134,vlfy4cny75s_00132,15,0,276,FALSE
4135,vlfy4cny75s_00133,15,0,120,TRUE
4136,vlfy4cny75s_00134,15,0,200,FALSE
4137,vlfy4cny75s_00150,15,0,54,FALSE
4138,vlfy4cny75s_00152,15,0,176,TRUE
4139,vlfy4cny75s_00180,15,0,287,FALSE
4140,vlfy4cny75s_00182,15,0,122,TRUE
4141,vlfy4cny75s_00183,15,0,164,TRUE
4142,vlfy4cny75s_00184,15,0,125,FALSE
4143,vlfy4cny75s_00185,15,0,85,FALSE
4144,vlfy4cny75s_00186,15,0,152,TRUE
4145,vlfy4cny75s_00187,15,0,49,FALSE
4146,vlfy4cny75s_00189,15,0,219,FALSE
4147,zYHstCxnAPA_00000,15,0,197,FALSE
4148,zYHstCxnAPA_00001,15,0,238,FALSE
4149,zYHstCxnAPA_00028,15,0,208,FALSE
4150,zYHstCxnAPA_00029,15,0,183,FALSE
4151,zYHstCxnAPA_00041,15,0,141,TRUE
4152,zYHstCxnAPA_00042,15,0,215,FALSE
4153,zYHstCxnAPA_00047,15,0,338,FALSE
4154,zYHstCxnAPA_00051,15,0,251,FALSE
4155,zYHstCxnAPA_00052,15,0,246,FALSE
4156,zYHstCxnAPA_00055,15,0,117,TRUE
4157,zYHstCxnAPA_00056,15,0,185,FALSE
4158,zYHstCxnAPA_00063,15,0,413,FALSE
4159,zYHstCxnAPA_00064,15,0,176,TRUE
4160,zYHstCxnAPA_00100,15,0,110,TRUE
4161,zYHstCxnAPA_00101,15,0,207,FALSE
4162,zYHstCxnAPA_00423,15,0,113,TRUE
4163,zYHstCxnAPA_00424,15,0,206,FALSE
4164,zYHstCxnAPA_00425,15,0,193,FALSE
4165,zYHstCxnAPA_00429,15,0,106,FALSE
4166,zYHstCxnAPA_00430,15,0,156,FALSE
4167,zYHstCxnAPA_00431,15,0,307,FALSE
4168,zYHstCxnAPA_00435,15,0,400,FALSE
4169,zYHstCxnAPA_00436,15,0,260,FALSE
4170,zYHstCxnAPA_00437,15,0,231,FALSE
4171,zYHstCxnAPA_00457,15,0,120,FALSE
4172,zYHstCxnAPA_00458,15,0,222,FALSE
4173,zYHstCxnAPA_00459,15,0,127,FALSE
4174,zYHstCxnAPA_00460,15,0,226,FALSE
4175,zYHstCxnAPA_00467,15,0,99,TRUE
4176,zYHstCxnAPA_00468,15,0,176,TRUE
4177,zYHstCxnAPA_00471,15,0,122,FALSE
4178,zYHstCxnAPA_00472,15,0,148,TRUE
4179,zYHstCxnAPA_00478,15,0,124,TRUE
4180,zYHstCxnAPA_00479,15,0,256,FALSE
4181,zYHstCxnAPA_00498,15,0,137,TRUE
4182,zYHstCxnAPA_00499,15,0,285,FALSE
4183,zYHstCxnAPA_00500,15,0,130,FALSE
4184,zYHstCxnAPA_00506,15,0,135,FALSE
4185,zYHstCxnAPA_00507,15,0,236,FALSE
4186,zYHstCxnAPA_00514,15,0,128,TRUE
4187,zYHstCxnAPA_00515,15,0,256,FALSE
4188,zYHstCxnAPA_00516,15,0,136,TRUE
4189,zYHstCxnAPA_00520,15,0,157,FALSE
4190,zYHstCxnAPA_00521,15,0,228,FALSE
4191,zYHstCxnAPA_00522,15,0,157,TRUE
4192,zYHstCxnAPA_00523,15,0,276,FALSE
4193,zYHstCxnAPA_00524,15,0,126,TRUE
4194,zYHstCxnAPA_00526,15,0,114,FALSE
4195,zYHstCxnAPA_00527,15,0,212,FALSE
4196,zYHstCxnAPA_00528,15,0,221,FALSE
4197,zYHstCxnAPA_00529,15,0,284,FALSE
4198,zYHstCxnAPA_00535,15,0,329,FALSE
4199,zYHstCxnAPA_00536,15,0,270,FALSE
4200,zYHstCxnAPA_00541,15,0,354,FALSE
4201,zYHstCxnAPA_00542,15,0,275,FALSE
4202,zbAC7t15q3k_00000,15,0,99,TRUE
4203,zbAC7t15q3k_00001,15,0,223,FALSE
4204,zbAC7t15q3k_00002,15,0,145,TRUE
4205,zbAC7t15q3k_00023,15,0,124,FALSE
4206,zbAC7t15q3k_00024,15,0,188,FALSE
4207,zbAC7t15q3k_00025,15,0,133,TRUE
4208,zbAC7t15q3k_00035,15,0,46,TRUE
4209,zbAC7t15q3k_00036,15,0,144,TRUE
4210,zbAC7t15q3k_00038,15,0,70,TRUE
4211,zbAC7t15q3k_00040,15,0,168,TRUE
4212,D8YKHC5hmUs_00042,16,0,42,FALSE
4213,D8YKHC5hmUs_00043,16,0,87,TRUE
4214,D8YKHC5hmUs_00046,16,0,78,TRUE
4215,D8YKHC5hmUs_00047,16,0,136,TRUE
4216,D8YKHC5hmUs_00063,16,0,198,FALSE
4217,D8YKHC5hmUs_00064,16,0,132,TRUE
4218,D8YKHC5hmUs_00085,16,0,64,FALSE
4219,D8YKHC5hmUs_00099,16,0,105,TRUE
4220,JzOshOJgofw_00014,16,0,49,TRUE
4221,JzOshOJgofw_00015,16,0,72,TRUE
4222,Y7QZcr24ye0_00654,16,0,200,FALSE
4223,Y7QZcr24ye0_00655,16,0,224,FALSE
4224,Y7QZcr24ye0_00656,16,0,223,FALSE
4225,Y7QZcr24ye0_00725,16,0,214,FALSE
4226,Y7QZcr24ye0_00765,16,0,136,FALSE
4227,Y7QZcr24ye0_00766,16,0,253,FALSE
4228,eN8umEok9U8_00006,16,0,158,TRUE
4229,eN8umEok9U8_00007,16,0,85,TRUE
4230,eN8umEok9U8_00082,16,0,76,TRUE
4231,eN8umEok9U8_00083,16,0,109,FALSE
4232,nOlRwoxsDJ0_00121,16,0,112,FALSE
4233,nOlRwoxsDJ0_00122,16,0,202,FALSE
4234,nOlRwoxsDJ0_00131,16,0,230,FALSE
4235,nOlRwoxsDJ0_00132,16,0,274,FALSE
4236,siEI_jaSmd4_00030,16,0,160,TRUE
4237,siEI_jaSmd4_00057,16,0,86,TRUE
4238,sk8TafuB3lU_00079,16,0,195,FALSE
4239,sk8TafuB3lU_00080,16,0,301,FALSE
4240,sk8TafuB3lU_00086,16,0,213,FALSE
4241,sk8TafuB3lU_00095,16,0,94,FALSE
4242,sk8TafuB3lU_00096,16,0,204,FALSE
4243,sk8TafuB3lU_00119,16,0,116,TRUE
4244,sk8TafuB3lU_00120,16,0,224,FALSE
4245,sk8TafuB3lU_00155,16,0,271,FALSE
4246,sk8TafuB3lU_00172,16,0,450,FALSE
4247,sk8TafuB3lU_00173,16,0,263,FALSE
4248,sk8TafuB3lU_00191,16,0,113,FALSE
4249,sk8TafuB3lU_00192,16,0,198,FALSE
4250,sk8TafuB3lU_00276,16,0,90,FALSE
4251,sk8TafuB3lU_00277,16,0,224,FALSE
4252,vlfy4cny75s_00025,16,0,70,TRUE
4253,vlfy4cny75s_00026,16,0,96,TRUE
4254,vlfy4cny75s_00027,16,0,168,TRUE
4255,vlfy4cny75s_00135,16,0,73,TRUE
4256,vlfy4cny75s_00136,16,0,103,TRUE
4257,zbAC7t15q3k_00042,16,0,56,TRUE
4258,zbAC7t15q3k_00043,16,0,74,FALSE
4259,zbAC7t15q3k_00044,16,0,140,FALSE
4260,#NAME?,17,0,63,FALSE
4261,#NAME?,17,0,56,FALSE
4262,#NAME?,17,0,110,TRUE
4263,#NAME?,17,0,70,TRUE
4264,#NAME?,17,0,67,FALSE
4265,#NAME?,17,0,52,FALSE
4266,#NAME?,17,0,92,FALSE
4267,D8YKHC5hmUs_00154,17,0,57,TRUE
4268,D8YKHC5hmUs_00155,17,0,95,TRUE
4269,D8YKHC5hmUs_00204,17,0,75,FALSE
4270,D8YKHC5hmUs_00273,17,0,45,TRUE
4271,JzOshOJgofw_00107,17,0,45,TRUE
4272,JzOshOJgofw_00108,17,0,70,TRUE
4273,JzOshOJgofw_00111,17,0,111,TRUE
4274,JzOshOJgofw_00112,17,0,205,FALSE
4275,JzOshOJgofw_00113,17,0,63,TRUE
4276,JzOshOJgofw_00114,17,0,123,TRUE
4277,JzOshOJgofw_00119,17,0,119,TRUE
4278,JzOshOJgofw_00120,17,0,163,TRUE
4279,JzOshOJgofw_00121,17,0,109,TRUE
4280,JzOshOJgofw_00122,17,0,146,TRUE
4281,JzOshOJgofw_00123,17,0,148,TRUE
4282,JzOshOJgofw_00124,17,0,174,TRUE
4283,JzOshOJgofw_00125,17,0,118,TRUE
4284,JzOshOJgofw_00126,17,0,153,TRUE
4285,JzOshOJgofw_00127,17,0,96,TRUE
4286,JzOshOJgofw_00128,17,0,133,TRUE
4287,JzOshOJgofw_00129,17,0,117,TRUE
4288,JzOshOJgofw_00130,17,0,127,TRUE
4289,JzOshOJgofw_00131,17,0,126,TRUE
4290,JzOshOJgofw_00132,17,0,189,FALSE
4291,JzOshOJgofw_00133,17,0,40,TRUE
4292,JzOshOJgofw_00134,17,0,66,TRUE
4293,JzOshOJgofw_00135,17,0,92,TRUE
4294,JzOshOJgofw_00136,17,0,135,TRUE
4295,JzOshOJgofw_00137,17,0,163,TRUE
4296,JzOshOJgofw_00138,17,0,169,TRUE
4297,VNvb5oLOpLg_00075,17,0,160,FALSE
4298,VNvb5oLOpLg_00076,17,0,249,FALSE
4299,VNvb5oLOpLg_00093,17,0,175,TRUE
4300,VNvb5oLOpLg_00094,17,0,264,FALSE
4301,VNvb5oLOpLg_00107,17,0,207,FALSE
4302,VNvb5oLOpLg_00108,17,0,301,FALSE
4303,VNvb5oLOpLg_00189,17,0,176,FALSE
4304,VNvb5oLOpLg_00190,17,0,251,FALSE
4305,VNvb5oLOpLg_00197,17,0,198,FALSE
4306,VNvb5oLOpLg_00198,17,0,237,FALSE
4307,VNvb5oLOpLg_00223,17,0,232,FALSE
4308,VNvb5oLOpLg_00224,17,0,260,FALSE
4309,VNvb5oLOpLg_00262,17,0,77,TRUE
4310,VNvb5oLOpLg_00263,17,0,216,FALSE
4311,VNvb5oLOpLg_00266,17,0,188,FALSE
4312,VNvb5oLOpLg_00267,17,0,230,FALSE
4313,VNvb5oLOpLg_00268,17,0,160,TRUE
4314,VNvb5oLOpLg_00269,17,0,316,FALSE
4315,VNvb5oLOpLg_00270,17,0,282,FALSE
4316,VNvb5oLOpLg_00271,17,0,254,FALSE
4317,VNvb5oLOpLg_00272,17,0,160,TRUE
4318,VNvb5oLOpLg_00273,17,0,278,FALSE
4319,VNvb5oLOpLg_00276,17,0,253,FALSE
4320,VNvb5oLOpLg_00277,17,0,234,FALSE
4321,VNvb5oLOpLg_00278,17,0,171,TRUE
4322,VNvb5oLOpLg_00279,17,0,243,FALSE
4323,VNvb5oLOpLg_00288,17,0,265,FALSE
4324,VNvb5oLOpLg_00289,17,0,277,FALSE
4325,VNvb5oLOpLg_00290,17,0,115,FALSE
4326,VNvb5oLOpLg_00291,17,0,206,FALSE
4327,VNvb5oLOpLg_00292,17,0,207,FALSE
4328,VNvb5oLOpLg_00293,17,0,260,FALSE
4329,VNvb5oLOpLg_00298,17,0,144,TRUE
4330,VNvb5oLOpLg_00299,17,0,229,FALSE
4331,VNvb5oLOpLg_00300,17,0,222,FALSE
4332,VNvb5oLOpLg_00301,17,0,262,FALSE
4333,VNvb5oLOpLg_00304,17,0,196,FALSE
4334,VNvb5oLOpLg_00305,17,0,211,FALSE
4335,VNvb5oLOpLg_00306,17,0,164,TRUE
4336,VNvb5oLOpLg_00307,17,0,229,FALSE
4337,VNvb5oLOpLg_00308,17,0,163,TRUE
4338,VNvb5oLOpLg_00309,17,0,223,FALSE
4339,VNvb5oLOpLg_00312,17,0,208,FALSE
4340,VNvb5oLOpLg_00313,17,0,252,FALSE
4341,VNvb5oLOpLg_00316,17,0,129,TRUE
4342,VNvb5oLOpLg_00317,17,0,236,FALSE
4343,VNvb5oLOpLg_00318,17,0,163,TRUE
4344,VNvb5oLOpLg_00319,17,0,233,FALSE
4345,VNvb5oLOpLg_00529,17,0,257,FALSE
4346,VNvb5oLOpLg_00530,17,0,248,FALSE
4347,VNvb5oLOpLg_00791,17,0,115,FALSE
4348,VNvb5oLOpLg_00792,17,0,95,FALSE
4349,VNvb5oLOpLg_00793,17,0,244,FALSE
4350,VNvb5oLOpLg_00795,17,0,234,FALSE
4351,VNvb5oLOpLg_00796,17,0,242,FALSE
4352,Y7QZcr24ye0_00068,17,0,135,TRUE
4353,Y7QZcr24ye0_00107,17,0,223,FALSE
4354,Y7QZcr24ye0_00108,17,0,236,FALSE
4355,Y7QZcr24ye0_00149,17,0,266,FALSE
4356,Y7QZcr24ye0_00150,17,0,211,FALSE
4357,Y7QZcr24ye0_00227,17,0,251,FALSE
4358,Y7QZcr24ye0_00228,17,0,219,FALSE
4359,Y7QZcr24ye0_00260,17,0,191,FALSE
4360,Y7QZcr24ye0_00261,17,0,215,FALSE
4361,Y7QZcr24ye0_00262,17,0,229,FALSE
4362,Y7QZcr24ye0_00263,17,0,245,FALSE
4363,Y7QZcr24ye0_00270,17,0,237,FALSE
4364,Y7QZcr24ye0_00271,17,0,236,FALSE
4365,Y7QZcr24ye0_00272,17,0,100,FALSE
4366,Y7QZcr24ye0_00273,17,0,169,FALSE
4367,Y7QZcr24ye0_00274,17,0,105,TRUE
4368,Y7QZcr24ye0_00275,17,0,174,TRUE
4369,Y7QZcr24ye0_00276,17,0,184,FALSE
4370,Y7QZcr24ye0_00277,17,0,228,FALSE
4371,Y7QZcr24ye0_00282,17,0,140,TRUE
4372,Y7QZcr24ye0_00283,17,0,231,FALSE
4373,Y7QZcr24ye0_00286,17,0,177,FALSE
4374,Y7QZcr24ye0_00287,17,0,190,FALSE
4375,Y7QZcr24ye0_00294,17,0,293,FALSE
4376,Y7QZcr24ye0_00295,17,0,213,FALSE
4377,Y7QZcr24ye0_00296,17,0,246,FALSE
4378,Y7QZcr24ye0_00297,17,0,190,FALSE
4379,Y7QZcr24ye0_00298,17,0,307,FALSE
4380,Y7QZcr24ye0_00299,17,0,223,FALSE
4381,Y7QZcr24ye0_00302,17,0,215,FALSE
4382,Y7QZcr24ye0_00303,17,0,249,FALSE
4383,Y7QZcr24ye0_00304,17,0,125,TRUE
4384,Y7QZcr24ye0_00305,17,0,228,FALSE
4385,Y7QZcr24ye0_00306,17,0,119,TRUE
4386,Y7QZcr24ye0_00307,17,0,216,FALSE
4387,Y7QZcr24ye0_00309,17,0,233,FALSE
4388,Y7QZcr24ye0_00310,17,0,180,FALSE
4389,Y7QZcr24ye0_00311,17,0,201,FALSE
4390,Y7QZcr24ye0_00312,17,0,129,FALSE
4391,Y7QZcr24ye0_00313,17,0,225,FALSE
4392,Y7QZcr24ye0_00316,17,0,150,FALSE
4393,Y7QZcr24ye0_00317,17,0,190,FALSE
4394,Y7QZcr24ye0_00318,17,0,92,FALSE
4395,Y7QZcr24ye0_00319,17,0,192,FALSE
4396,Y7QZcr24ye0_00320,17,0,97,FALSE
4397,Y7QZcr24ye0_00321,17,0,205,FALSE
4398,Y7QZcr24ye0_00406,17,0,171,FALSE
4399,Y7QZcr24ye0_00491,17,0,176,TRUE
4400,Y7QZcr24ye0_00795,17,0,122,FALSE
4401,Y7QZcr24ye0_00796,17,0,377,FALSE
4402,Y7QZcr24ye0_00797,17,0,276,FALSE
4403,Y7QZcr24ye0_00798,17,0,139,FALSE
4404,Y7QZcr24ye0_00815,17,0,115,FALSE
4405,Y7QZcr24ye0_00816,17,0,275,FALSE
4406,Y7QZcr24ye0_00827,17,0,220,FALSE
4407,Y7QZcr24ye0_00828,17,0,249,FALSE
4408,Y7QZcr24ye0_00829,17,0,273,FALSE
4409,Y7QZcr24ye0_00833,17,0,247,FALSE
4410,Y7QZcr24ye0_00834,17,0,203,FALSE
4411,Y7QZcr24ye0_00835,17,0,112,FALSE
4412,Y7QZcr24ye0_00836,17,0,227,FALSE
4413,Y7QZcr24ye0_00837,17,0,244,FALSE
4414,Y7QZcr24ye0_00982,17,0,284,FALSE
4415,Y7QZcr24ye0_00983,17,0,151,FALSE
4416,Y7QZcr24ye0_00984,17,0,273,FALSE
4417,_8Vy3dlHg2w_00183,17,0,47,FALSE
4418,eN8umEok9U8_00045,17,0,66,FALSE
4419,eN8umEok9U8_00046,17,0,97,TRUE
4420,eN8umEok9U8_00136,17,0,51,TRUE
4421,eN8umEok9U8_00137,17,0,74,TRUE
4422,fohMq9tOn6E_00082,17,0,100,TRUE
4423,iv0Gu1VXAgc_00112,17,0,115,TRUE
4424,iv0Gu1VXAgc_00113,17,0,108,FALSE
4425,iv0Gu1VXAgc_00114,17,0,164,TRUE
4426,j4gvbjifw14_00005,17,0,137,TRUE
4427,j4gvbjifw14_00006,17,0,157,TRUE
4428,j4gvbjifw14_00100,17,0,103,TRUE
4429,j4gvbjifw14_00101,17,0,120,FALSE
4430,j4gvbjifw14_00102,17,0,73,FALSE
4431,j4gvbjifw14_00187,17,0,67,FALSE
4432,j4gvbjifw14_00188,17,0,143,TRUE
4433,nOlRwoxsDJ0_00058,17,0,145,TRUE
4434,nOlRwoxsDJ0_00059,17,0,240,FALSE
4435,nOlRwoxsDJ0_00178,17,0,231,FALSE
4436,nOlRwoxsDJ0_00179,17,0,241,FALSE
4437,nOlRwoxsDJ0_00184,17,0,108,FALSE
4438,nOlRwoxsDJ0_00185,17,0,193,FALSE
4439,nOlRwoxsDJ0_00188,17,0,215,FALSE
4440,nOlRwoxsDJ0_00189,17,0,258,FALSE
4441,nOlRwoxsDJ0_00192,17,0,211,FALSE
4442,nOlRwoxsDJ0_00193,17,0,282,FALSE
4443,nOlRwoxsDJ0_00229,17,0,150,TRUE
4444,nOlRwoxsDJ0_00230,17,0,231,FALSE
4445,nOlRwoxsDJ0_00233,17,0,307,FALSE
4446,nOlRwoxsDJ0_00234,17,0,259,FALSE
4447,nOlRwoxsDJ0_00240,17,0,229,FALSE
4448,nOlRwoxsDJ0_00241,17,0,241,FALSE
4449,nOlRwoxsDJ0_00248,17,0,299,FALSE
4450,nOlRwoxsDJ0_00249,17,0,235,FALSE
4451,nOlRwoxsDJ0_00252,17,0,231,FALSE
4452,nOlRwoxsDJ0_00253,17,0,206,FALSE
4453,nOlRwoxsDJ0_00254,17,0,175,FALSE
4454,nOlRwoxsDJ0_00255,17,0,248,FALSE
4455,nOlRwoxsDJ0_00260,17,0,204,FALSE
4456,nOlRwoxsDJ0_00261,17,0,221,FALSE
4457,nOlRwoxsDJ0_00262,17,0,272,FALSE
4458,nOlRwoxsDJ0_00263,17,0,278,FALSE
4459,nOlRwoxsDJ0_00274,17,0,239,FALSE
4460,nOlRwoxsDJ0_00275,17,0,269,FALSE
4461,nOlRwoxsDJ0_00278,17,0,310,FALSE
4462,nOlRwoxsDJ0_00279,17,0,217,FALSE
4463,nOlRwoxsDJ0_00280,17,0,152,TRUE
4464,nOlRwoxsDJ0_00281,17,0,210,FALSE
4465,nOlRwoxsDJ0_00282,17,0,349,FALSE
4466,nOlRwoxsDJ0_00283,17,0,233,FALSE
4467,nOlRwoxsDJ0_00568,17,0,184,FALSE
4468,nOlRwoxsDJ0_00569,17,0,289,FALSE
4469,nOlRwoxsDJ0_00639,17,0,209,FALSE
4470,nOlRwoxsDJ0_00640,17,0,253,FALSE
4471,nOlRwoxsDJ0_00663,17,0,177,TRUE
4472,nOlRwoxsDJ0_00664,17,0,259,FALSE
4473,siEI_jaSmd4_00055,17,0,105,FALSE
4474,siEI_jaSmd4_00064,17,0,62,TRUE
4475,siEI_jaSmd4_00106,17,0,83,TRUE
4476,sk8TafuB3lU_00075,17,0,206,FALSE
4477,sk8TafuB3lU_00076,17,0,250,FALSE
4478,sk8TafuB3lU_00225,17,0,200,FALSE
4479,sk8TafuB3lU_00268,17,0,148,FALSE
4480,sk8TafuB3lU_00269,17,0,204,FALSE
4481,sk8TafuB3lU_00270,17,0,153,FALSE
4482,sk8TafuB3lU_00271,17,0,236,FALSE
4483,sk8TafuB3lU_00272,17,0,173,FALSE
4484,sk8TafuB3lU_00273,17,0,242,FALSE
4485,sk8TafuB3lU_00278,17,0,216,FALSE
4486,sk8TafuB3lU_00279,17,0,255,FALSE
4487,sk8TafuB3lU_00280,17,0,356,FALSE
4488,sk8TafuB3lU_00281,17,0,290,FALSE
4489,sk8TafuB3lU_00284,17,0,271,FALSE
4490,sk8TafuB3lU_00285,17,0,252,FALSE
4491,sk8TafuB3lU_00286,17,0,159,FALSE
4492,sk8TafuB3lU_00287,17,0,185,FALSE
4493,sk8TafuB3lU_00290,17,0,383,FALSE
4494,sk8TafuB3lU_00291,17,0,227,FALSE
4495,sk8TafuB3lU_00295,17,0,248,FALSE
4496,sk8TafuB3lU_00296,17,0,146,FALSE
4497,sk8TafuB3lU_00297,17,0,211,FALSE
4498,sk8TafuB3lU_00298,17,0,129,FALSE
4499,sk8TafuB3lU_00299,17,0,219,FALSE
4500,sk8TafuB3lU_00306,17,0,118,FALSE
4501,sk8TafuB3lU_00307,17,0,223,FALSE
4502,sk8TafuB3lU_00308,17,0,160,FALSE
4503,sk8TafuB3lU_00309,17,0,251,FALSE
4504,sk8TafuB3lU_00311,17,0,304,FALSE
4505,sk8TafuB3lU_00312,17,0,256,FALSE
4506,sk8TafuB3lU_00313,17,0,304,FALSE
4507,sk8TafuB3lU_00322,17,0,108,FALSE
4508,sk8TafuB3lU_00323,17,0,219,FALSE
4509,sk8TafuB3lU_00324,17,0,224,FALSE
4510,sk8TafuB3lU_00325,17,0,207,FALSE
4511,sk8TafuB3lU_00330,17,0,177,FALSE
4512,sk8TafuB3lU_00331,17,0,266,FALSE
4513,sk8TafuB3lU_00861,17,0,186,FALSE
4514,sk8TafuB3lU_00862,17,0,277,FALSE
4515,sk8TafuB3lU_00863,17,0,268,FALSE
4516,sk8TafuB3lU_00875,17,0,133,FALSE
4517,sk8TafuB3lU_00876,17,0,237,FALSE
4518,sk8TafuB3lU_00877,17,0,154,TRUE
4519,sk8TafuB3lU_00878,17,0,238,FALSE
4520,sk8TafuB3lU_00903,17,0,111,FALSE
4521,sk8TafuB3lU_00904,17,0,202,FALSE
4522,sk8TafuB3lU_00905,17,0,191,FALSE
4523,sk8TafuB3lU_00906,17,0,88,FALSE
4524,sk8TafuB3lU_00908,17,0,247,FALSE
4525,sk8TafuB3lU_00909,17,0,202,FALSE
4526,sk8TafuB3lU_00910,17,0,271,FALSE
4527,sk8TafuB3lU_00911,17,0,263,FALSE
4528,sk8TafuB3lU_00927,17,0,151,FALSE
4529,sk8TafuB3lU_00928,17,0,315,FALSE
4530,sk8TafuB3lU_00934,17,0,178,FALSE
4531,sk8TafuB3lU_00935,17,0,243,FALSE
4532,uDESPUxbjnI_00033,17,0,100,TRUE
4533,uDESPUxbjnI_00034,17,0,111,TRUE
4534,uDESPUxbjnI_00035,17,0,163,FALSE
4535,uDESPUxbjnI_00036,17,0,105,TRUE
4536,uDESPUxbjnI_00037,17,0,90,FALSE
4537,uDESPUxbjnI_00038,17,0,163,FALSE
4538,uDESPUxbjnI_00076,17,0,118,FALSE
4539,uDESPUxbjnI_00154,17,0,152,TRUE
4540,uDESPUxbjnI_00155,17,0,148,TRUE
4541,uDESPUxbjnI_00156,17,0,204,FALSE
4542,uDESPUxbjnI_00157,17,0,181,FALSE
4543,uDESPUxbjnI_00158,17,0,120,FALSE
4544,uDESPUxbjnI_00159,17,0,204,FALSE
4545,vlfy4cny75s_00037,17,0,76,FALSE
4546,vlfy4cny75s_00038,17,0,123,TRUE
4547,vlfy4cny75s_00039,17,0,172,FALSE
4548,vlfy4cny75s_00147,17,0,79,FALSE
4549,vlfy4cny75s_00148,17,0,156,TRUE
4550,vlfy4cny75s_00149,17,0,226,FALSE
4551,zYHstCxnAPA_00075,17,0,115,FALSE
4552,zYHstCxnAPA_00076,17,0,239,FALSE
4553,zYHstCxnAPA_00092,17,0,88,FALSE
4554,zYHstCxnAPA_00093,17,0,193,FALSE
4555,zYHstCxnAPA_00121,17,0,378,FALSE
4556,zYHstCxnAPA_00122,17,0,96,TRUE
4557,zYHstCxnAPA_00123,17,0,202,FALSE
4558,zYHstCxnAPA_00124,17,0,108,FALSE
4559,zYHstCxnAPA_00125,17,0,213,FALSE
4560,zYHstCxnAPA_00126,17,0,249,FALSE
4561,zYHstCxnAPA_00127,17,0,196,FALSE
4562,zYHstCxnAPA_00131,17,0,256,FALSE
4563,zYHstCxnAPA_00132,17,0,218,FALSE
4564,zYHstCxnAPA_00134,17,0,248,FALSE
4565,zYHstCxnAPA_00135,17,0,215,FALSE
4566,zYHstCxnAPA_00136,17,0,379,FALSE
4567,zYHstCxnAPA_00137,17,0,293,FALSE
4568,zYHstCxnAPA_00142,17,0,105,TRUE
4569,zYHstCxnAPA_00143,17,0,198,FALSE
4570,zYHstCxnAPA_00148,17,0,281,FALSE
4571,zYHstCxnAPA_00149,17,0,250,FALSE
4572,zYHstCxnAPA_00150,17,0,190,FALSE
4573,zYHstCxnAPA_00151,17,0,228,FALSE
4574,zYHstCxnAPA_00154,17,0,207,FALSE
4575,zYHstCxnAPA_00155,17,0,236,FALSE
4576,zYHstCxnAPA_00160,17,0,244,FALSE
4577,zYHstCxnAPA_00161,17,0,203,FALSE
4578,zYHstCxnAPA_00162,17,0,278,FALSE
4579,zYHstCxnAPA_00163,17,0,262,FALSE
4580,zYHstCxnAPA_00166,17,0,270,FALSE
4581,zYHstCxnAPA_00167,17,0,240,FALSE
4582,zYHstCxnAPA_00170,17,0,101,FALSE
4583,zYHstCxnAPA_00171,17,0,198,FALSE
4584,zYHstCxnAPA_00172,17,0,194,FALSE
4585,zYHstCxnAPA_00173,17,0,227,FALSE
4586,zYHstCxnAPA_00480,17,0,230,FALSE
4587,zYHstCxnAPA_00481,17,0,276,FALSE
4588,zYHstCxnAPA_00490,17,0,130,TRUE
4589,zYHstCxnAPA_00491,17,0,283,FALSE
4590,zYHstCxnAPA_00545,17,0,275,FALSE
4591,zYHstCxnAPA_00546,17,0,257,FALSE
4592,zYHstCxnAPA_00547,17,0,306,FALSE
4593,zYHstCxnAPA_00548,17,0,169,FALSE
4594,zYHstCxnAPA_00549,17,0,201,FALSE
4595,zYHstCxnAPA_00550,17,0,199,FALSE
4596,zYHstCxnAPA_00553,17,0,209,FALSE
4597,zYHstCxnAPA_00557,17,0,188,FALSE
4598,zYHstCxnAPA_00558,17,0,296,FALSE
4599,zYHstCxnAPA_00559,17,0,340,FALSE
4600,zYHstCxnAPA_00560,17,0,254,FALSE
4601,zYHstCxnAPA_00561,17,0,326,FALSE
4602,zYHstCxnAPA_00562,17,0,270,FALSE
4603,zYHstCxnAPA_00570,17,0,349,FALSE
4604,zYHstCxnAPA_00571,17,0,286,FALSE
4605,zYHstCxnAPA_00572,17,0,144,TRUE
4606,zYHstCxnAPA_00573,17,0,234,FALSE
4607,zYHstCxnAPA_00789,17,0,113,TRUE
4608,zYHstCxnAPA_00790,17,0,231,FALSE
4609,5hXbclLNSNA_00022,18,0,69,TRUE
4610,5hXbclLNSNA_00023,18,0,112,TRUE
4611,5i1begTTucc_00075,18,0,79,TRUE
4612,5i1begTTucc_00076,18,0,86,TRUE
4613,JzOshOJgofw_00162,18,0,91,TRUE
4614,JzOshOJgofw_00163,18,0,159,TRUE
4615,S9aCrmtAV8o_00051,18,0,200,FALSE
4616,S9aCrmtAV8o_00052,18,0,194,FALSE
4617,S9aCrmtAV8o_00065,18,0,159,TRUE
4618,S9aCrmtAV8o_00066,18,0,292,FALSE
4619,S9aCrmtAV8o_00085,18,0,163,FALSE
4620,S9aCrmtAV8o_00086,18,0,245,FALSE
4621,S9aCrmtAV8o_00087,18,0,277,FALSE
4622,S9aCrmtAV8o_00088,18,0,249,FALSE
4623,Y7QZcr24ye0_00490,18,0,268,FALSE
4624,Y7QZcr24ye0_00549,18,0,333,FALSE
4625,Y7QZcr24ye0_00550,18,0,211,FALSE
4626,Y7QZcr24ye0_00561,18,0,209,FALSE
4627,Y7QZcr24ye0_00562,18,0,236,FALSE
4628,Y7QZcr24ye0_00582,18,0,277,FALSE
4629,Y7QZcr24ye0_00583,18,0,234,FALSE
4630,eN8umEok9U8_00155,18,0,162,TRUE
4631,eN8umEok9U8_00156,18,0,170,TRUE
4632,j4gvbjifw14_00033,18,0,167,TRUE
4633,j4gvbjifw14_00034,18,0,228,FALSE
4634,j4gvbjifw14_00035,18,0,88,FALSE
4635,j4gvbjifw14_00052,18,0,46,FALSE
4636,j4gvbjifw14_00053,18,0,132,TRUE
4637,j4gvbjifw14_00054,18,0,94,FALSE
4638,j4gvbjifw14_00113,18,0,115,TRUE
4639,j4gvbjifw14_00114,18,0,166,FALSE
4640,j4gvbjifw14_00115,18,0,94,TRUE
4641,j4gvbjifw14_00116,18,0,278,FALSE
4642,j4gvbjifw14_00117,18,0,157,TRUE
4643,j4gvbjifw14_00118,18,0,74,FALSE
4644,j4gvbjifw14_00125,18,0,111,FALSE
4645,j4gvbjifw14_00126,18,0,123,FALSE
4646,j4gvbjifw14_00127,18,0,81,FALSE
4647,j4gvbjifw14_00144,18,0,100,TRUE
4648,j4gvbjifw14_00145,18,0,170,TRUE
4649,j4gvbjifw14_00146,18,0,105,FALSE
4650,siEI_jaSmd4_00059,18,0,73,FALSE
4651,siEI_jaSmd4_00061,18,0,70,TRUE
4652,sk8TafuB3lU_00354,18,0,224,FALSE
4653,sk8TafuB3lU_00405,18,0,239,FALSE
4654,sk8TafuB3lU_00406,18,0,208,FALSE
4655,sk8TafuB3lU_00455,18,0,158,TRUE
4656,sk8TafuB3lU_00456,18,0,246,FALSE
4657,sk8TafuB3lU_00486,18,0,225,FALSE
4658,sk8TafuB3lU_00602,18,0,118,TRUE
4659,sk8TafuB3lU_00603,18,0,197,FALSE
4660,sk8TafuB3lU_00620,18,0,196,FALSE
4661,sk8TafuB3lU_00621,18,0,205,FALSE
4662,sk8TafuB3lU_00636,18,0,111,FALSE
4663,sk8TafuB3lU_00637,18,0,178,TRUE
4664,sk8TafuB3lU_00652,18,0,218,FALSE
4665,sk8TafuB3lU_00653,18,0,227,FALSE
4666,zYHstCxnAPA_00234,18,0,154,TRUE
4667,zYHstCxnAPA_00235,18,0,232,FALSE
4668,zYHstCxnAPA_00329,18,0,266,FALSE
4669,zYHstCxnAPA_00332,18,0,158,FALSE
4670,zYHstCxnAPA_00333,18,0,230,FALSE
4671,zYHstCxnAPA_00349,18,0,124,TRUE
4672,zYHstCxnAPA_00350,18,0,243,FALSE
4673,zYHstCxnAPA_00356,18,0,105,TRUE
4674,zYHstCxnAPA_00357,18,0,171,FALSE
4675,zYHstCxnAPA_00364,18,0,122,FALSE
4676,zYHstCxnAPA_00365,18,0,210,FALSE
4677,3qq031609lA_00000,19,0,138,TRUE
4678,5V-dKBtmKLI_00000,19,0,151,FALSE
4679,5V-dKBtmKLI_00001,19,0,196,FALSE
4680,5V-dKBtmKLI_00008,19,0,52,FALSE
4681,5V-dKBtmKLI_00009,19,0,105,FALSE
4682,5V-dKBtmKLI_00010,19,0,46,TRUE
4683,5V-dKBtmKLI_00011,19,0,136,FALSE
4684,5V-dKBtmKLI_00109,19,0,199,FALSE
4685,5V-dKBtmKLI_00110,19,0,181,FALSE
4686,5V-dKBtmKLI_00117,19,0,125,TRUE
4687,5V-dKBtmKLI_00118,19,0,177,TRUE
4688,5V-dKBtmKLI_00119,19,0,70,TRUE
4689,5V-dKBtmKLI_00120,19,0,109,TRUE
4690,9BC6ssCjyfg_00191,19,0,112,FALSE
4691,9BC6ssCjyfg_00192,19,0,184,FALSE
4692,9BC6ssCjyfg_00193,19,0,217,FALSE
4693,9jZYYtzYqwE_00004,19,0,80,TRUE
4694,9jZYYtzYqwE_00005,19,0,113,FALSE
4695,9jZYYtzYqwE_00033,19,0,179,TRUE
4696,9jZYYtzYqwE_00034,19,0,211,FALSE
4697,D8YKHC5hmUs_00000,19,0,114,TRUE
4698,D8YKHC5hmUs_00002,19,0,131,TRUE
4699,D8YKHC5hmUs_00003,19,0,83,FALSE
4700,D8YKHC5hmUs_00004,19,0,106,TRUE
4701,D8YKHC5hmUs_00005,19,0,88,TRUE
4702,D8YKHC5hmUs_00006,19,0,128,TRUE
4703,D8YKHC5hmUs_00007,19,0,43,FALSE
4704,D8YKHC5hmUs_00009,19,0,116,FALSE
4705,D8YKHC5hmUs_00012,19,0,77,FALSE
4706,D8YKHC5hmUs_00013,19,0,124,FALSE
4707,D8YKHC5hmUs_00014,19,0,79,TRUE
4708,D8YKHC5hmUs_00015,19,0,118,TRUE
4709,D8YKHC5hmUs_00016,19,0,35,FALSE
4710,D8YKHC5hmUs_00017,19,0,81,TRUE
4711,D8YKHC5hmUs_00018,19,0,111,TRUE
4712,D8YKHC5hmUs_00019,19,0,123,TRUE
4713,D8YKHC5hmUs_00020,19,0,93,TRUE
4714,D8YKHC5hmUs_00021,19,0,106,TRUE
4715,D8YKHC5hmUs_00024,19,0,90,TRUE
4716,D8YKHC5hmUs_00025,19,0,118,TRUE
4717,D8YKHC5hmUs_00026,19,0,122,FALSE
4718,D8YKHC5hmUs_00027,19,0,113,TRUE
4719,D8YKHC5hmUs_00028,19,0,66,FALSE
4720,D8YKHC5hmUs_00029,19,0,123,FALSE
4721,D8YKHC5hmUs_00032,19,0,81,FALSE
4722,D8YKHC5hmUs_00033,19,0,117,TRUE
4723,D8YKHC5hmUs_00034,19,0,132,TRUE
4724,D8YKHC5hmUs_00035,19,0,118,TRUE
4725,D8YKHC5hmUs_00227,19,0,97,TRUE
4726,D8YKHC5hmUs_00228,19,0,119,FALSE
4727,JzOshOJgofw_00000,19,0,111,TRUE
4728,JzOshOJgofw_00001,19,0,73,TRUE
4729,JzOshOJgofw_00002,19,0,157,TRUE
4730,JzOshOJgofw_00003,19,0,183,FALSE
4731,JzOshOJgofw_00006,19,0,83,TRUE
4732,JzOshOJgofw_00007,19,0,101,TRUE
4733,JzOshOJgofw_00055,19,0,146,TRUE
4734,JzOshOJgofw_00056,19,0,153,TRUE
4735,JzOshOJgofw_00101,19,0,116,TRUE
4736,JzOshOJgofw_00102,19,0,180,FALSE
4737,LkluZoNfKu8_00000,19,0,80,TRUE
4738,LkluZoNfKu8_00001,19,0,217,FALSE
4739,LkluZoNfKu8_00092,19,0,42,FALSE
4740,LkluZoNfKu8_00093,19,0,131,TRUE
4741,OFxuiqI5G44_00221,19,0,168,TRUE
4742,OFxuiqI5G44_00222,19,0,210,FALSE
4743,OFxuiqI5G44_00223,19,0,229,FALSE
4744,OFxuiqI5G44_00227,19,0,125,TRUE
4745,OFxuiqI5G44_00228,19,0,230,FALSE
4746,OFxuiqI5G44_00229,19,0,199,FALSE
4747,OFxuiqI5G44_00245,19,0,242,FALSE
4748,OFxuiqI5G44_00246,19,0,238,FALSE
4749,OFxuiqI5G44_00247,19,0,255,FALSE
4750,OFxuiqI5G44_00254,19,0,367,FALSE
4751,OFxuiqI5G44_00255,19,0,254,FALSE
4752,OFxuiqI5G44_00256,19,0,248,FALSE
4753,OFxuiqI5G44_00269,19,0,266,FALSE
4754,OFxuiqI5G44_00270,19,0,308,FALSE
4755,OFxuiqI5G44_00271,19,0,273,FALSE
4756,OVzt2rsfMc0_00274,19,0,81,FALSE
4757,VNvb5oLOpLg_00000,19,0,156,FALSE
4758,VNvb5oLOpLg_00001,19,0,202,FALSE
4759,VNvb5oLOpLg_00002,19,0,231,FALSE
4760,VNvb5oLOpLg_00006,19,0,135,TRUE
4761,VNvb5oLOpLg_00007,19,0,236,FALSE
4762,VNvb5oLOpLg_00008,19,0,209,FALSE
4763,VNvb5oLOpLg_00011,19,0,149,TRUE
4764,VNvb5oLOpLg_00012,19,0,221,FALSE
4765,VNvb5oLOpLg_00013,19,0,286,FALSE
4766,VNvb5oLOpLg_00014,19,0,246,FALSE
4767,VNvb5oLOpLg_00017,19,0,261,FALSE
4768,VNvb5oLOpLg_00018,19,0,255,FALSE
4769,VNvb5oLOpLg_00019,19,0,168,TRUE
4770,VNvb5oLOpLg_00020,19,0,231,FALSE
4771,VNvb5oLOpLg_00023,19,0,149,FALSE
4772,VNvb5oLOpLg_00024,19,0,174,FALSE
4773,VNvb5oLOpLg_00025,19,0,168,FALSE
4774,VNvb5oLOpLg_00026,19,0,242,FALSE
4775,VNvb5oLOpLg_00027,19,0,244,FALSE
4776,VNvb5oLOpLg_00029,19,0,143,FALSE
4777,VNvb5oLOpLg_00030,19,0,259,FALSE
4778,VNvb5oLOpLg_00031,19,0,204,FALSE
4779,VNvb5oLOpLg_00032,19,0,277,FALSE
4780,VNvb5oLOpLg_00035,19,0,206,FALSE
4781,VNvb5oLOpLg_00036,19,0,277,FALSE
4782,VNvb5oLOpLg_00037,19,0,112,FALSE
4783,VNvb5oLOpLg_00038,19,0,201,FALSE
4784,VNvb5oLOpLg_00039,19,0,126,FALSE
4785,VNvb5oLOpLg_00040,19,0,241,FALSE
4786,VNvb5oLOpLg_00043,19,0,255,FALSE
4787,VNvb5oLOpLg_00044,19,0,257,FALSE
4788,VNvb5oLOpLg_00047,19,0,170,TRUE
4789,VNvb5oLOpLg_00048,19,0,227,FALSE
4790,VNvb5oLOpLg_00049,19,0,146,TRUE
4791,VNvb5oLOpLg_00050,19,0,209,FALSE
4792,VNvb5oLOpLg_00051,19,0,98,TRUE
4793,VNvb5oLOpLg_00052,19,0,191,FALSE
4794,VNvb5oLOpLg_00053,19,0,148,TRUE
4795,VNvb5oLOpLg_00054,19,0,255,FALSE
4796,VNvb5oLOpLg_00055,19,0,152,FALSE
4797,VNvb5oLOpLg_00056,19,0,248,FALSE
4798,VNvb5oLOpLg_00057,19,0,127,FALSE
4799,VNvb5oLOpLg_00058,19,0,214,FALSE
4800,VNvb5oLOpLg_00059,19,0,363,FALSE
4801,VNvb5oLOpLg_00060,19,0,245,FALSE
4802,VNvb5oLOpLg_00065,19,0,155,TRUE
4803,VNvb5oLOpLg_00066,19,0,265,FALSE
4804,VNvb5oLOpLg_00073,19,0,150,TRUE
4805,VNvb5oLOpLg_00074,19,0,227,FALSE
4806,VNvb5oLOpLg_00133,19,0,131,TRUE
4807,VNvb5oLOpLg_00134,19,0,245,FALSE
4808,VNvb5oLOpLg_00207,19,0,168,TRUE
4809,VNvb5oLOpLg_00208,19,0,263,FALSE
4810,VNvb5oLOpLg_00252,19,0,195,FALSE
4811,VNvb5oLOpLg_00253,19,0,256,FALSE
4812,VNvb5oLOpLg_00274,19,0,114,FALSE
4813,VNvb5oLOpLg_00275,19,0,211,FALSE
4814,VNvb5oLOpLg_00571,19,0,120,FALSE
4815,VNvb5oLOpLg_00572,19,0,96,FALSE
4816,VNvb5oLOpLg_00573,19,0,84,TRUE
4817,VNvb5oLOpLg_00574,19,0,106,FALSE
4818,VNvb5oLOpLg_00575,19,0,94,FALSE
4819,VNvb5oLOpLg_00576,19,0,91,FALSE
4820,VNvb5oLOpLg_00577,19,0,136,FALSE
4821,VNvb5oLOpLg_00578,19,0,240,FALSE
4822,VNvb5oLOpLg_00579,19,0,232,FALSE
4823,VNvb5oLOpLg_00580,19,0,156,FALSE
4824,VNvb5oLOpLg_00581,19,0,261,FALSE
4825,VNvb5oLOpLg_00582,19,0,264,FALSE
4826,VNvb5oLOpLg_00583,19,0,183,FALSE
4827,VNvb5oLOpLg_00584,19,0,244,FALSE
4828,VNvb5oLOpLg_00585,19,0,253,FALSE
4829,VNvb5oLOpLg_00589,19,0,147,FALSE
4830,VNvb5oLOpLg_00590,19,0,253,FALSE
4831,VNvb5oLOpLg_00591,19,0,223,FALSE
4832,VNvb5oLOpLg_00592,19,0,144,FALSE
4833,VNvb5oLOpLg_00593,19,0,223,FALSE
4834,VNvb5oLOpLg_00594,19,0,215,FALSE
4835,VNvb5oLOpLg_00595,19,0,125,TRUE
4836,VNvb5oLOpLg_00596,19,0,199,FALSE
4837,VNvb5oLOpLg_00597,19,0,181,FALSE
4838,VNvb5oLOpLg_00598,19,0,133,FALSE
4839,VNvb5oLOpLg_00599,19,0,247,FALSE
4840,VNvb5oLOpLg_00600,19,0,177,FALSE
4841,VNvb5oLOpLg_00601,19,0,107,FALSE
4842,VNvb5oLOpLg_00602,19,0,222,FALSE
4843,VNvb5oLOpLg_00603,19,0,189,FALSE
4844,VNvb5oLOpLg_00604,19,0,137,FALSE
4845,VNvb5oLOpLg_00605,19,0,197,FALSE
4846,VNvb5oLOpLg_00606,19,0,218,FALSE
4847,VNvb5oLOpLg_00616,19,0,187,FALSE
4848,VNvb5oLOpLg_00617,19,0,211,FALSE
4849,VNvb5oLOpLg_00618,19,0,214,FALSE
4850,VNvb5oLOpLg_00622,19,0,241,FALSE
4851,VNvb5oLOpLg_00623,19,0,196,FALSE
4852,VNvb5oLOpLg_00624,19,0,205,FALSE
4853,VNvb5oLOpLg_00625,19,0,123,FALSE
4854,VNvb5oLOpLg_00626,19,0,222,FALSE
4855,VNvb5oLOpLg_00627,19,0,225,FALSE
4856,VNvb5oLOpLg_00628,19,0,160,FALSE
4857,VNvb5oLOpLg_00629,19,0,315,FALSE
4858,VNvb5oLOpLg_00630,19,0,196,FALSE
4859,VNvb5oLOpLg_00631,19,0,157,FALSE
4860,VNvb5oLOpLg_00632,19,0,250,FALSE
4861,VNvb5oLOpLg_00633,19,0,239,FALSE
4862,VNvb5oLOpLg_00634,19,0,112,FALSE
4863,VNvb5oLOpLg_00635,19,0,240,FALSE
4864,VNvb5oLOpLg_00636,19,0,243,FALSE
4865,VNvb5oLOpLg_00682,19,0,104,FALSE
4866,VNvb5oLOpLg_00683,19,0,235,FALSE
4867,VNvb5oLOpLg_00684,19,0,249,FALSE
4868,Y7QZcr24ye0_00002,19,0,262,FALSE
4869,Y7QZcr24ye0_00003,19,0,298,FALSE
4870,Y7QZcr24ye0_00010,19,0,184,FALSE
4871,Y7QZcr24ye0_00011,19,0,201,FALSE
4872,Y7QZcr24ye0_00012,19,0,296,FALSE
4873,Y7QZcr24ye0_00013,19,0,264,FALSE
4874,Y7QZcr24ye0_00014,19,0,179,TRUE
4875,Y7QZcr24ye0_00015,19,0,259,FALSE
4876,Y7QZcr24ye0_00016,19,0,286,FALSE
4877,Y7QZcr24ye0_00017,19,0,201,FALSE
4878,Y7QZcr24ye0_00022,19,0,127,TRUE
4879,Y7QZcr24ye0_00023,19,0,208,FALSE
4880,Y7QZcr24ye0_00024,19,0,109,TRUE
4881,Y7QZcr24ye0_00025,19,0,222,FALSE
4882,Y7QZcr24ye0_00035,19,0,170,TRUE
4883,Y7QZcr24ye0_00036,19,0,221,FALSE
4884,Y7QZcr24ye0_00041,19,0,111,TRUE
4885,Y7QZcr24ye0_00042,19,0,204,FALSE
4886,Y7QZcr24ye0_00043,19,0,120,TRUE
4887,Y7QZcr24ye0_00044,19,0,193,FALSE
4888,Y7QZcr24ye0_00045,19,0,114,TRUE
4889,Y7QZcr24ye0_00046,19,0,198,FALSE
4890,Y7QZcr24ye0_00051,19,0,86,TRUE
4891,Y7QZcr24ye0_00052,19,0,200,FALSE
4892,Y7QZcr24ye0_00053,19,0,192,FALSE
4893,Y7QZcr24ye0_00054,19,0,254,FALSE
4894,Y7QZcr24ye0_00055,19,0,130,FALSE
4895,Y7QZcr24ye0_00056,19,0,189,FALSE
4896,Y7QZcr24ye0_00059,19,0,182,FALSE
4897,Y7QZcr24ye0_00060,19,0,247,FALSE
4898,Y7QZcr24ye0_00070,19,0,163,FALSE
4899,Y7QZcr24ye0_00071,19,0,213,FALSE
4900,Y7QZcr24ye0_00083,19,0,115,FALSE
4901,Y7QZcr24ye0_00084,19,0,195,FALSE
4902,Y7QZcr24ye0_00085,19,0,107,TRUE
4903,Y7QZcr24ye0_00086,19,0,203,FALSE
4904,Y7QZcr24ye0_00093,19,0,122,TRUE
4905,Y7QZcr24ye0_00094,19,0,232,FALSE
4906,Y7QZcr24ye0_00097,19,0,233,FALSE
4907,Y7QZcr24ye0_00098,19,0,213,FALSE
4908,Y7QZcr24ye0_00099,19,0,176,FALSE
4909,Y7QZcr24ye0_00100,19,0,182,FALSE
4910,Y7QZcr24ye0_00113,19,0,107,TRUE
4911,Y7QZcr24ye0_00114,19,0,173,FALSE
4912,Y7QZcr24ye0_00115,19,0,240,FALSE
4913,Y7QZcr24ye0_00116,19,0,247,FALSE
4914,Y7QZcr24ye0_00237,19,0,588,FALSE
4915,Y7QZcr24ye0_00238,19,0,225,FALSE
4916,Y7QZcr24ye0_00255,19,0,158,FALSE
4917,Y7QZcr24ye0_00256,19,0,219,FALSE
4918,Y7QZcr24ye0_00292,19,0,172,FALSE
4919,Y7QZcr24ye0_00293,19,0,211,FALSE
4920,Y7QZcr24ye0_00300,19,0,227,FALSE
4921,Y7QZcr24ye0_00301,19,0,230,FALSE
4922,Y7QZcr24ye0_00590,19,0,354,FALSE
4923,Y7QZcr24ye0_00592,19,0,250,FALSE
4924,Y7QZcr24ye0_00596,19,0,185,FALSE
4925,Y7QZcr24ye0_00597,19,0,260,FALSE
4926,Y7QZcr24ye0_00598,19,0,119,FALSE
4927,Y7QZcr24ye0_00599,19,0,245,FALSE
4928,Y7QZcr24ye0_00600,19,0,250,FALSE
4929,Y7QZcr24ye0_00601,19,0,123,FALSE
4930,Y7QZcr24ye0_00602,19,0,250,FALSE
4931,Y7QZcr24ye0_00603,19,0,236,FALSE
4932,Y7QZcr24ye0_00604,19,0,112,TRUE
4933,Y7QZcr24ye0_00605,19,0,248,FALSE
4934,Y7QZcr24ye0_00606,19,0,231,FALSE
4935,Y7QZcr24ye0_00607,19,0,125,FALSE
4936,Y7QZcr24ye0_00608,19,0,80,FALSE
4937,Y7QZcr24ye0_00609,19,0,222,FALSE
4938,Y7QZcr24ye0_00610,19,0,238,FALSE
4939,Y7QZcr24ye0_00611,19,0,110,FALSE
4940,Y7QZcr24ye0_00612,19,0,228,FALSE
4941,Y7QZcr24ye0_00613,19,0,109,FALSE
4942,Y7QZcr24ye0_00614,19,0,226,FALSE
4943,Y7QZcr24ye0_00615,19,0,126,FALSE
4944,Y7QZcr24ye0_00616,19,0,237,FALSE
4945,Y7QZcr24ye0_00617,19,0,221,FALSE
4946,Y7QZcr24ye0_00618,19,0,99,FALSE
4947,Y7QZcr24ye0_00619,19,0,144,FALSE
4948,Y7QZcr24ye0_00620,19,0,212,FALSE
4949,Y7QZcr24ye0_00624,19,0,123,FALSE
4950,Y7QZcr24ye0_00626,19,0,189,FALSE
4951,Y7QZcr24ye0_00627,19,0,154,FALSE
4952,Y7QZcr24ye0_00628,19,0,216,FALSE
4953,Y7QZcr24ye0_00629,19,0,265,FALSE
4954,Y7QZcr24ye0_00630,19,0,106,FALSE
4955,Y7QZcr24ye0_00631,19,0,162,FALSE
4956,Y7QZcr24ye0_00632,19,0,200,FALSE
4957,Y7QZcr24ye0_00636,19,0,190,FALSE
4958,Y7QZcr24ye0_00637,19,0,115,FALSE
4959,Y7QZcr24ye0_00638,19,0,167,FALSE
4960,Y7QZcr24ye0_00639,19,0,282,FALSE
4961,Y7QZcr24ye0_00640,19,0,235,FALSE
4962,Y7QZcr24ye0_00641,19,0,241,FALSE
4963,Y7QZcr24ye0_00642,19,0,117,FALSE
4964,Y7QZcr24ye0_00643,19,0,151,TRUE
4965,Y7QZcr24ye0_00644,19,0,194,FALSE
4966,Y7QZcr24ye0_00645,19,0,159,FALSE
4967,Y7QZcr24ye0_00646,19,0,206,FALSE
4968,Y7QZcr24ye0_00647,19,0,233,FALSE
4969,Y7QZcr24ye0_00648,19,0,143,FALSE
4970,Y7QZcr24ye0_00649,19,0,163,FALSE
4971,Y7QZcr24ye0_00650,19,0,202,FALSE
4972,Z_uFnDg-a4I_00006,19,0,78,TRUE
4973,Z_uFnDg-a4I_00007,19,0,131,FALSE
4974,Z_uFnDg-a4I_00008,19,0,195,FALSE
4975,db7DmpqzGmc_00000,19,0,104,TRUE
4976,db7DmpqzGmc_00001,19,0,173,TRUE
4977,db7DmpqzGmc_00002,19,0,174,TRUE
4978,db7DmpqzGmc_00145,19,0,68,TRUE
4979,db7DmpqzGmc_00146,19,0,130,FALSE
4980,db7DmpqzGmc_00147,19,0,114,TRUE
4981,eN8umEok9U8_00024,19,0,94,TRUE
4982,eN8umEok9U8_00025,19,0,146,TRUE
4983,eN8umEok9U8_00033,19,0,128,TRUE
4984,eN8umEok9U8_00034,19,0,180,FALSE
4985,eN8umEok9U8_00037,19,0,86,TRUE
4986,eN8umEok9U8_00038,19,0,165,TRUE
4987,eN8umEok9U8_00039,19,0,145,TRUE
4988,eN8umEok9U8_00040,19,0,168,TRUE
4989,eN8umEok9U8_00057,19,0,126,TRUE
4990,eN8umEok9U8_00058,19,0,115,TRUE
4991,eN8umEok9U8_00080,19,0,142,TRUE
4992,eN8umEok9U8_00081,19,0,155,TRUE
4993,fohMq9tOn6E_00043,19,0,107,FALSE
4994,fohMq9tOn6E_00044,19,0,105,FALSE
4995,fohMq9tOn6E_00070,19,0,92,FALSE
4996,fohMq9tOn6E_00071,19,0,101,TRUE
4997,fohMq9tOn6E_00095,19,0,75,TRUE
4998,fohMq9tOn6E_00096,19,0,104,TRUE
4999,k1F4LHeYhBs_00086,19,0,294,FALSE
5000,k1F4LHeYhBs_00087,19,0,280,FALSE
5001,k1F4LHeYhBs_00088,19,0,212,FALSE
5002,nOlRwoxsDJ0_00000,19,0,191,FALSE
5003,nOlRwoxsDJ0_00001,19,0,213,FALSE
5004,nOlRwoxsDJ0_00006,19,0,217,FALSE
5005,nOlRwoxsDJ0_00007,19,0,223,FALSE
5006,nOlRwoxsDJ0_00008,19,0,118,TRUE
5007,nOlRwoxsDJ0_00009,19,0,234,FALSE
5008,nOlRwoxsDJ0_00010,19,0,152,TRUE
5009,nOlRwoxsDJ0_00011,19,0,228,FALSE
5010,nOlRwoxsDJ0_00022,19,0,223,FALSE
5011,nOlRwoxsDJ0_00023,19,0,234,FALSE
5012,nOlRwoxsDJ0_00026,19,0,186,FALSE
5013,nOlRwoxsDJ0_00027,19,0,270,FALSE
5014,nOlRwoxsDJ0_00028,19,0,134,TRUE
5015,nOlRwoxsDJ0_00029,19,0,247,FALSE
5016,nOlRwoxsDJ0_00030,19,0,144,TRUE
5017,nOlRwoxsDJ0_00031,19,0,267,FALSE
5018,nOlRwoxsDJ0_00032,19,0,221,FALSE
5019,nOlRwoxsDJ0_00033,19,0,242,FALSE
5020,nOlRwoxsDJ0_00034,19,0,140,TRUE
5021,nOlRwoxsDJ0_00035,19,0,213,FALSE
5022,nOlRwoxsDJ0_00036,19,0,145,TRUE
5023,nOlRwoxsDJ0_00037,19,0,204,FALSE
5024,nOlRwoxsDJ0_00038,19,0,195,FALSE
5025,nOlRwoxsDJ0_00039,19,0,237,FALSE
5026,nOlRwoxsDJ0_00040,19,0,112,FALSE
5027,nOlRwoxsDJ0_00041,19,0,231,FALSE
5028,nOlRwoxsDJ0_00042,19,0,90,FALSE
5029,nOlRwoxsDJ0_00043,19,0,177,TRUE
5030,nOlRwoxsDJ0_00044,19,0,300,FALSE
5031,nOlRwoxsDJ0_00045,19,0,229,FALSE
5032,nOlRwoxsDJ0_00046,19,0,203,FALSE
5033,nOlRwoxsDJ0_00047,19,0,238,FALSE
5034,nOlRwoxsDJ0_00048,19,0,184,FALSE
5035,nOlRwoxsDJ0_00049,19,0,238,FALSE
5036,nOlRwoxsDJ0_00050,19,0,147,FALSE
5037,nOlRwoxsDJ0_00051,19,0,139,TRUE
5038,nOlRwoxsDJ0_00060,19,0,290,FALSE
5039,nOlRwoxsDJ0_00061,19,0,250,FALSE
5040,nOlRwoxsDJ0_00070,19,0,204,FALSE
5041,nOlRwoxsDJ0_00071,19,0,212,FALSE
5042,nOlRwoxsDJ0_00077,19,0,201,FALSE
5043,nOlRwoxsDJ0_00078,19,0,213,FALSE
5044,nOlRwoxsDJ0_00079,19,0,234,FALSE
5045,nOlRwoxsDJ0_00080,19,0,235,FALSE
5046,nOlRwoxsDJ0_00111,19,0,162,TRUE
5047,nOlRwoxsDJ0_00112,19,0,267,FALSE
5048,nOlRwoxsDJ0_00457,19,0,130,FALSE
5049,nOlRwoxsDJ0_00458,19,0,237,FALSE
5050,nOlRwoxsDJ0_00459,19,0,229,FALSE
5051,nOlRwoxsDJ0_00460,19,0,97,FALSE
5052,nOlRwoxsDJ0_00461,19,0,118,FALSE
5053,nOlRwoxsDJ0_00462,19,0,269,FALSE
5054,nOlRwoxsDJ0_00463,19,0,250,FALSE
5055,nOlRwoxsDJ0_00464,19,0,260,FALSE
5056,nOlRwoxsDJ0_00465,19,0,284,FALSE
5057,nOlRwoxsDJ0_00466,19,0,132,FALSE
5058,nOlRwoxsDJ0_00467,19,0,250,FALSE
5059,nOlRwoxsDJ0_00468,19,0,161,FALSE
5060,nOlRwoxsDJ0_00469,19,0,258,FALSE
5061,nOlRwoxsDJ0_00470,19,0,141,FALSE
5062,nOlRwoxsDJ0_00471,19,0,241,FALSE
5063,nOlRwoxsDJ0_00472,19,0,246,FALSE
5064,nOlRwoxsDJ0_00473,19,0,174,FALSE
5065,nOlRwoxsDJ0_00474,19,0,304,FALSE
5066,nOlRwoxsDJ0_00475,19,0,265,FALSE
5067,nOlRwoxsDJ0_00479,19,0,141,FALSE
5068,nOlRwoxsDJ0_00480,19,0,233,FALSE
5069,nOlRwoxsDJ0_00483,19,0,104,FALSE
5070,nOlRwoxsDJ0_00484,19,0,230,FALSE
5071,nOlRwoxsDJ0_00485,19,0,141,FALSE
5072,nOlRwoxsDJ0_00490,19,0,212,FALSE
5073,nOlRwoxsDJ0_00491,19,0,134,FALSE
5074,nOlRwoxsDJ0_00492,19,0,227,FALSE
5075,nOlRwoxsDJ0_00493,19,0,98,FALSE
5076,nOlRwoxsDJ0_00494,19,0,214,FALSE
5077,nOlRwoxsDJ0_00502,19,0,135,FALSE
5078,nOlRwoxsDJ0_00503,19,0,245,FALSE
5079,nOlRwoxsDJ0_00504,19,0,124,FALSE
5080,nOlRwoxsDJ0_00505,19,0,259,FALSE
5081,nOlRwoxsDJ0_00510,19,0,155,FALSE
5082,nOlRwoxsDJ0_00511,19,0,227,FALSE
5083,nOlRwoxsDJ0_00512,19,0,117,FALSE
5084,nOlRwoxsDJ0_00513,19,0,243,FALSE
5085,nOlRwoxsDJ0_00514,19,0,166,FALSE
5086,nOlRwoxsDJ0_00515,19,0,268,FALSE
5087,nOlRwoxsDJ0_00561,19,0,174,FALSE
5088,siEI_jaSmd4_00000,19,0,74,FALSE
5089,siEI_jaSmd4_00001,19,0,55,TRUE
5090,siEI_jaSmd4_00002,19,0,54,TRUE
5091,siEI_jaSmd4_00006,19,0,59,TRUE
5092,siEI_jaSmd4_00007,19,0,63,TRUE
5093,siEI_jaSmd4_00009,19,0,53,TRUE
5094,siEI_jaSmd4_00010,19,0,81,FALSE
5095,siEI_jaSmd4_00011,19,0,71,TRUE
5096,siEI_jaSmd4_00016,19,0,190,FALSE
5097,siEI_jaSmd4_00018,19,0,94,TRUE
5098,siEI_jaSmd4_00022,19,0,202,FALSE
5099,siEI_jaSmd4_00082,19,0,114,TRUE
5100,sk8TafuB3lU_00002,19,0,130,TRUE
5101,sk8TafuB3lU_00003,19,0,238,FALSE
5102,sk8TafuB3lU_00008,19,0,245,FALSE
5103,sk8TafuB3lU_00009,19,0,221,FALSE
5104,sk8TafuB3lU_00012,19,0,233,FALSE
5105,sk8TafuB3lU_00013,19,0,264,FALSE
5106,sk8TafuB3lU_00018,19,0,469,FALSE
5107,sk8TafuB3lU_00019,19,0,332,FALSE
5108,sk8TafuB3lU_00020,19,0,96,TRUE
5109,sk8TafuB3lU_00023,19,0,150,TRUE
5110,sk8TafuB3lU_00024,19,0,249,FALSE
5111,sk8TafuB3lU_00025,19,0,115,TRUE
5112,sk8TafuB3lU_00026,19,0,239,FALSE
5113,sk8TafuB3lU_00033,19,0,110,FALSE
5114,sk8TafuB3lU_00034,19,0,209,FALSE
5115,sk8TafuB3lU_00043,19,0,207,FALSE
5116,sk8TafuB3lU_00044,19,0,274,FALSE
5117,sk8TafuB3lU_00055,19,0,165,FALSE
5118,sk8TafuB3lU_00056,19,0,216,FALSE
5119,sk8TafuB3lU_00057,19,0,113,TRUE
5120,sk8TafuB3lU_00058,19,0,207,FALSE
5121,sk8TafuB3lU_00061,19,0,209,FALSE
5122,sk8TafuB3lU_00062,19,0,251,FALSE
5123,sk8TafuB3lU_00065,19,0,124,FALSE
5124,sk8TafuB3lU_00066,19,0,234,FALSE
5125,sk8TafuB3lU_00069,19,0,139,TRUE
5126,sk8TafuB3lU_00070,19,0,248,FALSE
5127,sk8TafuB3lU_00071,19,0,241,FALSE
5128,sk8TafuB3lU_00072,19,0,281,FALSE
5129,sk8TafuB3lU_00081,19,0,209,FALSE
5130,sk8TafuB3lU_00082,19,0,234,FALSE
5131,sk8TafuB3lU_00101,19,0,135,TRUE
5132,sk8TafuB3lU_00102,19,0,196,FALSE
5133,sk8TafuB3lU_00174,19,0,225,FALSE
5134,sk8TafuB3lU_00175,19,0,327,FALSE
5135,sk8TafuB3lU_00260,19,0,262,FALSE
5136,sk8TafuB3lU_00261,19,0,274,FALSE
5137,sk8TafuB3lU_00654,19,0,145,FALSE
5138,sk8TafuB3lU_00655,19,0,247,FALSE
5139,sk8TafuB3lU_00657,19,0,220,FALSE
5140,sk8TafuB3lU_00662,19,0,126,FALSE
5141,sk8TafuB3lU_00663,19,0,220,FALSE
5142,sk8TafuB3lU_00664,19,0,230,FALSE
5143,sk8TafuB3lU_00665,19,0,141,FALSE
5144,sk8TafuB3lU_00666,19,0,273,FALSE
5145,sk8TafuB3lU_00667,19,0,285,FALSE
5146,sk8TafuB3lU_00668,19,0,143,FALSE
5147,sk8TafuB3lU_00669,19,0,329,FALSE
5148,sk8TafuB3lU_00670,19,0,268,FALSE
5149,sk8TafuB3lU_00671,19,0,214,FALSE
5150,sk8TafuB3lU_00672,19,0,212,FALSE
5151,sk8TafuB3lU_00673,19,0,110,FALSE
5152,sk8TafuB3lU_00674,19,0,231,FALSE
5153,sk8TafuB3lU_00675,19,0,191,FALSE
5154,sk8TafuB3lU_00676,19,0,281,FALSE
5155,sk8TafuB3lU_00680,19,0,164,FALSE
5156,sk8TafuB3lU_00681,19,0,249,FALSE
5157,sk8TafuB3lU_00683,19,0,120,FALSE
5158,sk8TafuB3lU_00684,19,0,234,FALSE
5159,sk8TafuB3lU_00685,19,0,251,FALSE
5160,sk8TafuB3lU_00686,19,0,109,FALSE
5161,sk8TafuB3lU_00687,19,0,234,FALSE
5162,sk8TafuB3lU_00688,19,0,238,FALSE
5163,sk8TafuB3lU_00689,19,0,334,FALSE
5164,sk8TafuB3lU_00690,19,0,280,FALSE
5165,sk8TafuB3lU_00691,19,0,310,FALSE
5166,sk8TafuB3lU_00692,19,0,130,FALSE
5167,sk8TafuB3lU_00693,19,0,233,FALSE
5168,sk8TafuB3lU_00694,19,0,237,FALSE
5169,sk8TafuB3lU_00699,19,0,171,FALSE
5170,sk8TafuB3lU_00700,19,0,212,FALSE
5171,sk8TafuB3lU_00701,19,0,128,FALSE
5172,sk8TafuB3lU_00702,19,0,229,FALSE
5173,sk8TafuB3lU_00703,19,0,254,FALSE
5174,sk8TafuB3lU_00704,19,0,113,FALSE
5175,sk8TafuB3lU_00705,19,0,197,FALSE
5176,sk8TafuB3lU_00706,19,0,190,FALSE
5177,sk8TafuB3lU_00707,19,0,106,FALSE
5178,sk8TafuB3lU_00708,19,0,249,FALSE
5179,sk8TafuB3lU_00709,19,0,213,FALSE
5180,sk8TafuB3lU_00710,19,0,117,FALSE
5181,sk8TafuB3lU_00711,19,0,209,FALSE
5182,sk8TafuB3lU_00712,19,0,201,FALSE
5183,sk8TafuB3lU_00713,19,0,172,FALSE
5184,sk8TafuB3lU_00714,19,0,256,FALSE
5185,sk8TafuB3lU_00715,19,0,274,FALSE
5186,sk8TafuB3lU_00717,19,0,227,FALSE
5187,sk8TafuB3lU_00718,19,0,237,FALSE
5188,sk8TafuB3lU_00719,19,0,140,FALSE
5189,sk8TafuB3lU_00720,19,0,285,FALSE
5190,sk8TafuB3lU_00721,19,0,269,FALSE
5191,sk8TafuB3lU_00722,19,0,190,FALSE
5192,sk8TafuB3lU_00723,19,0,248,FALSE
5193,sk8TafuB3lU_00724,19,0,229,FALSE
5194,sk8TafuB3lU_00734,19,0,157,FALSE
5195,sk8TafuB3lU_00735,19,0,258,FALSE
5196,sk8TafuB3lU_00736,19,0,242,FALSE
5197,sk8TafuB3lU_00888,19,0,144,FALSE
5198,uDESPUxbjnI_00012,19,0,82,TRUE
5199,uDESPUxbjnI_00013,19,0,89,FALSE
5200,uDESPUxbjnI_00014,19,0,170,FALSE
5201,uDESPUxbjnI_00134,19,0,63,TRUE
5202,uDESPUxbjnI_00135,19,0,109,FALSE
5203,uDESPUxbjnI_00136,19,0,180,FALSE
5204,vlfy4cny75s_00000,19,0,132,TRUE
5205,vlfy4cny75s_00001,19,0,204,FALSE
5206,vlfy4cny75s_00002,19,0,203,FALSE
5207,vlfy4cny75s_00174,19,0,58,TRUE
5208,vlfy4cny75s_00175,19,0,120,TRUE
5209,vlfy4cny75s_00176,19,0,166,TRUE
5210,zYHstCxnAPA_00002,19,0,178,FALSE
5211,zYHstCxnAPA_00003,19,0,218,FALSE
5212,zYHstCxnAPA_00004,19,0,218,FALSE
5213,zYHstCxnAPA_00005,19,0,229,FALSE
5214,zYHstCxnAPA_00008,19,0,350,FALSE
5215,zYHstCxnAPA_00010,19,0,111,FALSE
5216,zYHstCxnAPA_00011,19,0,203,FALSE
5217,zYHstCxnAPA_00020,19,0,359,FALSE
5218,zYHstCxnAPA_00021,19,0,248,FALSE
5219,zYHstCxnAPA_00022,19,0,159,FALSE
5220,zYHstCxnAPA_00023,19,0,223,FALSE
5221,zYHstCxnAPA_00024,19,0,162,FALSE
5222,zYHstCxnAPA_00025,19,0,218,FALSE
5223,zYHstCxnAPA_00043,19,0,178,FALSE
5224,zYHstCxnAPA_00044,19,0,219,FALSE
5225,zYHstCxnAPA_00059,19,0,280,FALSE
5226,zYHstCxnAPA_00060,19,0,268,FALSE
5227,zYHstCxnAPA_00117,19,0,146,TRUE
5228,zYHstCxnAPA_00118,19,0,211,FALSE
5229,zYHstCxnAPA_00158,19,0,94,FALSE
5230,zYHstCxnAPA_00387,19,0,124,TRUE
5231,zYHstCxnAPA_00388,19,0,234,FALSE
5232,zYHstCxnAPA_00397,19,0,233,FALSE
5233,zYHstCxnAPA_00398,19,0,279,FALSE
5234,zYHstCxnAPA_00399,19,0,266,FALSE
5235,zYHstCxnAPA_00400,19,0,265,FALSE
5236,zYHstCxnAPA_00401,19,0,278,FALSE
5237,zYHstCxnAPA_00402,19,0,149,TRUE
5238,zYHstCxnAPA_00403,19,0,247,FALSE
5239,zYHstCxnAPA_00404,19,0,235,FALSE
5240,zYHstCxnAPA_00405,19,0,213,FALSE
5241,zYHstCxnAPA_00406,19,0,285,FALSE
5242,zYHstCxnAPA_00407,19,0,260,FALSE
5243,zYHstCxnAPA_00411,19,0,115,TRUE
5244,zYHstCxnAPA_00412,19,0,237,FALSE
5245,zYHstCxnAPA_00413,19,0,220,FALSE
5246,zYHstCxnAPA_00417,19,0,197,FALSE
5247,zYHstCxnAPA_00418,19,0,211,FALSE
5248,zYHstCxnAPA_00419,19,0,206,FALSE
5249,zYHstCxnAPA_00432,19,0,358,FALSE
5250,zYHstCxnAPA_00433,19,0,231,FALSE
5251,zYHstCxnAPA_00434,19,0,236,FALSE
5252,zYHstCxnAPA_00441,19,0,201,FALSE
5253,zYHstCxnAPA_00442,19,0,259,FALSE
5254,zYHstCxnAPA_00443,19,0,246,FALSE
5255,zYHstCxnAPA_00444,19,0,136,TRUE
5256,zYHstCxnAPA_00445,19,0,203,FALSE
5257,zYHstCxnAPA_00447,19,0,292,FALSE
5258,zYHstCxnAPA_00448,19,0,257,FALSE
5259,zYHstCxnAPA_00449,19,0,168,FALSE
5260,zYHstCxnAPA_00450,19,0,241,FALSE
5261,zYHstCxnAPA_00453,19,0,146,FALSE
5262,zYHstCxnAPA_00454,19,0,245,FALSE
5263,zYHstCxnAPA_00463,19,0,248,FALSE
5264,zYHstCxnAPA_00464,19,0,278,FALSE
5265,zYHstCxnAPA_00476,19,0,279,FALSE
5266,zYHstCxnAPA_00477,19,0,371,FALSE
5267,zYHstCxnAPA_00530,19,0,255,FALSE
5268,zYHstCxnAPA_00531,19,0,323,FALSE
5269,zYHstCxnAPA_00564,19,0,132,TRUE
5270,zYHstCxnAPA_00565,19,0,249,FALSE
5271,zbAC7t15q3k_00006,19,0,68,TRUE
5272,zbAC7t15q3k_00007,19,0,189,FALSE
5273,zbAC7t15q3k_00008,19,0,110,TRUE
5274,zbAC7t15q3k_00009,19,0,185,FALSE
5275,zbAC7t15q3k_00016,19,0,49,TRUE
5276,zbAC7t15q3k_00017,19,0,146,TRUE
5277,zbAC7t15q3k_00018,19,0,63,FALSE
5278,zbAC7t15q3k_00026,19,0,137,TRUE
5279,zbAC7t15q3k_00027,19,0,193,FALSE
5280,zbAC7t15q3k_00028,19,0,150,FALSE
5281,D8YKHC5hmUs_00059,20,0,111,TRUE
5282,D8YKHC5hmUs_00060,20,0,100,FALSE
5283,D8YKHC5hmUs_00071,20,0,246,FALSE
5284,D8YKHC5hmUs_00072,20,0,96,FALSE
5285,D8YKHC5hmUs_00083,20,0,47,FALSE
5286,D8YKHC5hmUs_00120,20,0,156,TRUE
5287,D8YKHC5hmUs_00121,20,0,111,FALSE
5288,D8YKHC5hmUs_00126,20,0,117,FALSE
5289,D8YKHC5hmUs_00127,20,0,114,FALSE
5290,D8YKHC5hmUs_00130,20,0,119,FALSE
5291,D8YKHC5hmUs_00131,20,0,92,TRUE
5292,D8YKHC5hmUs_00151,20,0,156,TRUE
5293,D8YKHC5hmUs_00186,20,0,73,TRUE
5294,D8YKHC5hmUs_00187,20,0,148,FALSE
5295,VNvb5oLOpLg_00613,20,0,265,FALSE
5296,VNvb5oLOpLg_00614,20,0,222,FALSE
5297,VNvb5oLOpLg_00615,20,0,231,FALSE
5298,VNvb5oLOpLg_00736,20,0,279,FALSE
5299,VNvb5oLOpLg_00737,20,0,277,FALSE
5300,VNvb5oLOpLg_00738,20,0,251,FALSE
5301,VNvb5oLOpLg_00739,20,0,304,FALSE
5302,VNvb5oLOpLg_00740,20,0,236,FALSE
5303,VNvb5oLOpLg_00741,20,0,221,FALSE
5304,VNvb5oLOpLg_00763,20,0,107,TRUE
5305,VNvb5oLOpLg_00765,20,0,248,FALSE
5306,VNvb5oLOpLg_00766,20,0,180,FALSE
5307,VNvb5oLOpLg_00767,20,0,127,FALSE
5308,VNvb5oLOpLg_00768,20,0,279,FALSE
5309,VNvb5oLOpLg_00769,20,0,294,FALSE
5310,VNvb5oLOpLg_00782,20,0,297,FALSE
5311,VNvb5oLOpLg_00783,20,0,264,FALSE
5312,VNvb5oLOpLg_00784,20,0,215,FALSE
5313,VNvb5oLOpLg_00785,20,0,390,FALSE
5314,VNvb5oLOpLg_00786,20,0,237,FALSE
5315,VNvb5oLOpLg_00787,20,0,209,FALSE
5316,VNvb5oLOpLg_00819,20,0,247,FALSE
5317,VNvb5oLOpLg_00820,20,0,246,FALSE
5318,VNvb5oLOpLg_00827,20,0,135,FALSE
5319,VNvb5oLOpLg_00828,20,0,225,FALSE
5320,VNvb5oLOpLg_00829,20,0,185,FALSE
5321,VNvb5oLOpLg_00864,20,0,191,FALSE
5322,Y7QZcr24ye0_00586,20,0,305,FALSE
5323,Y7QZcr24ye0_00669,20,0,175,FALSE
5324,Y7QZcr24ye0_00670,20,0,250,FALSE
5325,Y7QZcr24ye0_00671,20,0,283,FALSE
5326,Y7QZcr24ye0_00735,20,0,143,FALSE
5327,Y7QZcr24ye0_00736,20,0,237,FALSE
5328,Y7QZcr24ye0_00737,20,0,287,FALSE
5329,Y7QZcr24ye0_00744,20,0,201,FALSE
5330,Y7QZcr24ye0_00745,20,0,239,FALSE
5331,Y7QZcr24ye0_00747,20,0,125,FALSE
5332,Y7QZcr24ye0_00748,20,0,212,FALSE
5333,Y7QZcr24ye0_00749,20,0,245,FALSE
5334,Y7QZcr24ye0_00753,20,0,441,FALSE
5335,Y7QZcr24ye0_00754,20,0,289,FALSE
5336,Y7QZcr24ye0_00755,20,0,278,FALSE
5337,Y7QZcr24ye0_00785,20,0,298,FALSE
5338,Y7QZcr24ye0_00786,20,0,223,FALSE
5339,Y7QZcr24ye0_00787,20,0,248,FALSE
5340,Y7QZcr24ye0_00788,20,0,395,FALSE
5341,Y7QZcr24ye0_00789,20,0,267,FALSE
5342,Y7QZcr24ye0_00791,20,0,317,FALSE
5343,Y7QZcr24ye0_00830,20,0,125,FALSE
5344,Y7QZcr24ye0_00831,20,0,195,FALSE
5345,Y7QZcr24ye0_00832,20,0,237,FALSE
5346,Y7QZcr24ye0_00844,20,0,152,FALSE
5347,Y7QZcr24ye0_00845,20,0,243,FALSE
5348,Y7QZcr24ye0_00846,20,0,213,FALSE
5349,c7FHotPDZIw_00001,20,0,94,FALSE
5350,c7FHotPDZIw_00010,20,0,178,FALSE
5351,c7FHotPDZIw_00011,20,0,90,FALSE
5352,c7FHotPDZIw_00101,20,0,139,TRUE
5353,c7FHotPDZIw_00102,20,0,126,TRUE
5354,fohMq9tOn6E_00031,20,0,65,FALSE
5355,fohMq9tOn6E_00032,20,0,104,FALSE
5356,fohMq9tOn6E_00033,20,0,252,FALSE
5357,fohMq9tOn6E_00034,20,0,103,TRUE
5358,fohMq9tOn6E_00035,20,0,140,FALSE
5359,fohMq9tOn6E_00036,20,0,156,FALSE
5360,fohMq9tOn6E_00058,20,0,66,TRUE
5361,fohMq9tOn6E_00059,20,0,102,FALSE
5362,fohMq9tOn6E_00111,20,0,83,TRUE
5363,fohMq9tOn6E_00112,20,0,128,FALSE
5364,nOlRwoxsDJ0_00481,20,0,111,FALSE
5365,nOlRwoxsDJ0_00482,20,0,186,FALSE
5366,nOlRwoxsDJ0_00506,20,0,609,FALSE
5367,nOlRwoxsDJ0_00507,20,0,241,FALSE
5368,nOlRwoxsDJ0_00540,20,0,372,FALSE
5369,nOlRwoxsDJ0_00541,20,0,287,FALSE
5370,nOlRwoxsDJ0_00544,20,0,134,FALSE
5371,nOlRwoxsDJ0_00545,20,0,188,FALSE
5372,nOlRwoxsDJ0_00548,20,0,130,FALSE
5373,nOlRwoxsDJ0_00549,20,0,216,FALSE
5374,nOlRwoxsDJ0_00550,20,0,264,FALSE
5375,nOlRwoxsDJ0_00566,20,0,171,FALSE
5376,nOlRwoxsDJ0_00572,20,0,246,FALSE
5377,nOlRwoxsDJ0_00573,20,0,238,FALSE
5378,nOlRwoxsDJ0_00576,20,0,144,FALSE
5379,nOlRwoxsDJ0_00577,20,0,253,FALSE
5380,nOlRwoxsDJ0_00588,20,0,204,FALSE
5381,nOlRwoxsDJ0_00621,20,0,128,FALSE
5382,nOlRwoxsDJ0_00622,20,0,232,FALSE
5383,nOlRwoxsDJ0_00625,20,0,114,FALSE
5384,nOlRwoxsDJ0_00626,20,0,189,FALSE
5385,nOlRwoxsDJ0_00641,20,0,122,FALSE
5386,nOlRwoxsDJ0_00642,20,0,176,FALSE
5387,nOlRwoxsDJ0_00649,20,0,394,FALSE
5388,nOlRwoxsDJ0_00650,20,0,345,FALSE
5389,nOlRwoxsDJ0_00657,20,0,179,FALSE
5390,nOlRwoxsDJ0_00658,20,0,218,FALSE
5391,nOlRwoxsDJ0_00665,20,0,127,FALSE
5392,nOlRwoxsDJ0_00666,20,0,244,FALSE
5393,nOlRwoxsDJ0_00736,20,0,324,FALSE
5394,siEI_jaSmd4_00004,20,0,163,FALSE
5395,siEI_jaSmd4_00008,20,0,290,FALSE
5396,siEI_jaSmd4_00024,20,0,121,FALSE
5397,siEI_jaSmd4_00025,20,0,183,FALSE
5398,siEI_jaSmd4_00040,20,0,42,TRUE
5399,siEI_jaSmd4_00045,20,0,66,TRUE
5400,sk8TafuB3lU_00660,20,0,236,FALSE
5401,sk8TafuB3lU_00661,20,0,203,FALSE
5402,sk8TafuB3lU_00746,20,0,427,FALSE
5403,sk8TafuB3lU_00747,20,0,217,FALSE
5404,sk8TafuB3lU_00748,20,0,195,FALSE
5405,sk8TafuB3lU_00758,20,0,186,FALSE
5406,sk8TafuB3lU_00759,20,0,205,FALSE
5407,sk8TafuB3lU_00760,20,0,217,FALSE
5408,sk8TafuB3lU_00761,20,0,227,FALSE
5409,sk8TafuB3lU_00762,20,0,297,FALSE
5410,sk8TafuB3lU_00763,20,0,260,FALSE
5411,sk8TafuB3lU_00825,20,0,177,TRUE
5412,sk8TafuB3lU_00826,20,0,178,FALSE
5413,sk8TafuB3lU_00855,20,0,90,FALSE
5414,sk8TafuB3lU_00856,20,0,194,FALSE
5415,sk8TafuB3lU_00858,20,0,323,FALSE
5416,sk8TafuB3lU_00859,20,0,227,FALSE
5417,sk8TafuB3lU_00860,20,0,224,FALSE
5418,sk8TafuB3lU_00864,20,0,146,FALSE
5419,sk8TafuB3lU_00865,20,0,225,FALSE
5420,sk8TafuB3lU_00869,20,0,159,FALSE
5421,sk8TafuB3lU_00870,20,0,217,FALSE
5422,sk8TafuB3lU_00871,20,0,205,FALSE
5423,sk8TafuB3lU_00879,20,0,124,TRUE
5424,sk8TafuB3lU_00880,20,0,266,FALSE
5425,sk8TafuB3lU_00881,20,0,224,FALSE
5426,sk8TafuB3lU_00891,20,0,167,FALSE
5427,sk8TafuB3lU_00892,20,0,263,FALSE
5428,sk8TafuB3lU_00893,20,0,234,FALSE
5429,2x00lRzlTVQ_00065,21,0,131,TRUE
5430,2x00lRzlTVQ_00081,21,0,169,TRUE
5431,2x00lRzlTVQ_00096,21,0,185,FALSE
5432,2x00lRzlTVQ_00117,21,0,149,FALSE
5433,2x00lRzlTVQ_00130,21,0,107,TRUE
5434,3N1kUtqJ25A_00002,21,0,157,TRUE
5435,3N1kUtqJ25A_00003,21,0,222,FALSE
5436,3N1kUtqJ25A_00009,21,0,368,FALSE
5437,3N1kUtqJ25A_00010,21,0,252,FALSE
5438,3N1kUtqJ25A_00011,21,0,232,FALSE
5439,3N1kUtqJ25A_00015,21,0,201,FALSE
5440,3N1kUtqJ25A_00016,21,0,212,FALSE
5441,3N1kUtqJ25A_00017,21,0,200,FALSE
5442,3N1kUtqJ25A_00018,21,0,226,FALSE
5443,3N1kUtqJ25A_00019,21,0,200,FALSE
5444,3N1kUtqJ25A_00020,21,0,249,FALSE
5445,3N1kUtqJ25A_00021,21,0,140,TRUE
5446,3N1kUtqJ25A_00022,21,0,227,FALSE
5447,3N1kUtqJ25A_00023,21,0,212,FALSE
5448,3N1kUtqJ25A_00033,21,0,220,FALSE
5449,3N1kUtqJ25A_00034,21,0,219,FALSE
5450,3N1kUtqJ25A_00035,21,0,221,FALSE
5451,3N1kUtqJ25A_00060,21,0,231,FALSE
5452,3N1kUtqJ25A_00061,21,0,243,FALSE
5453,3N1kUtqJ25A_00062,21,0,222,FALSE
5454,3N1kUtqJ25A_00078,21,0,136,TRUE
5455,3N1kUtqJ25A_00079,21,0,216,FALSE
5456,3N1kUtqJ25A_00080,21,0,202,FALSE
5457,3N1kUtqJ25A_00112,21,0,121,FALSE
5458,3N1kUtqJ25A_00113,21,0,248,FALSE
5459,3N1kUtqJ25A_00114,21,0,226,FALSE
5460,3N1kUtqJ25A_00136,21,0,118,TRUE
5461,3N1kUtqJ25A_00137,21,0,234,FALSE
5462,3N1kUtqJ25A_00138,21,0,208,FALSE
5463,3N1kUtqJ25A_00250,21,0,108,FALSE
5464,3N1kUtqJ25A_00251,21,0,236,FALSE
5465,3N1kUtqJ25A_00252,21,0,213,FALSE
5466,3PLiUG_DuC8_00048,21,0,72,FALSE
5467,3PLiUG_DuC8_00049,21,0,205,FALSE
5468,3PLiUG_DuC8_00050,21,0,199,FALSE
5469,3PLiUG_DuC8_00051,21,0,80,FALSE
5470,3PLiUG_DuC8_00091,21,0,115,TRUE
5471,3PLiUG_DuC8_00092,21,0,220,FALSE
5472,3PLiUG_DuC8_00093,21,0,117,FALSE
5473,3PLiUG_DuC8_00165,21,0,125,TRUE
5474,3PLiUG_DuC8_00166,21,0,177,TRUE
5475,3PLiUG_DuC8_00167,21,0,100,FALSE
5476,3PLiUG_DuC8_00205,21,0,146,TRUE
5477,3PLiUG_DuC8_00206,21,0,184,FALSE
5478,3PLiUG_DuC8_00207,21,0,103,FALSE
5479,3PLiUG_DuC8_00245,21,0,124,TRUE
5480,3PLiUG_DuC8_00246,21,0,238,FALSE
5481,3PLiUG_DuC8_00247,21,0,125,FALSE
5482,3PLiUG_DuC8_00269,21,0,75,TRUE
5483,3PLiUG_DuC8_00270,21,0,58,FALSE
5484,3PLiUG_DuC8_00271,21,0,144,TRUE
5485,3PLiUG_DuC8_00272,21,0,87,FALSE
5486,3qq031609lA_00020,21,0,106,TRUE
5487,3qq031609lA_00026,21,0,235,FALSE
5488,3qq031609lA_00030,21,0,65,TRUE
5489,3qq031609lA_00037,21,0,100,FALSE
5490,5V-dKBtmKLI_00058,21,0,105,TRUE
5491,5V-dKBtmKLI_00059,21,0,193,FALSE
5492,5hXbclLNSNA_00005,21,0,86,FALSE
5493,5hXbclLNSNA_00006,21,0,112,TRUE
5494,5hXbclLNSNA_00028,21,0,138,TRUE
5495,5hXbclLNSNA_00029,21,0,186,FALSE
5496,5i1begTTucc_00004,21,0,118,TRUE
5497,5i1begTTucc_00005,21,0,175,FALSE
5498,5i1begTTucc_00012,21,0,154,TRUE
5499,5i1begTTucc_00013,21,0,211,FALSE
5500,5i1begTTucc_00016,21,0,60,TRUE
5501,5i1begTTucc_00017,21,0,76,TRUE
5502,5i1begTTucc_00018,21,0,119,FALSE
5503,5i1begTTucc_00058,21,0,122,TRUE
5504,5i1begTTucc_00059,21,0,154,TRUE
5505,5i1begTTucc_00069,21,0,112,TRUE
5506,5i1begTTucc_00070,21,0,149,TRUE
5507,6wVdnLa3Tes_00006,21,0,123,TRUE
5508,6wVdnLa3Tes_00007,21,0,172,TRUE
5509,6wVdnLa3Tes_00008,21,0,88,FALSE
5510,6wVdnLa3Tes_00009,21,0,130,TRUE
5511,6wVdnLa3Tes_00010,21,0,158,TRUE
5512,6wVdnLa3Tes_00011,21,0,98,FALSE
5513,6wVdnLa3Tes_00040,21,0,62,FALSE
5514,6wVdnLa3Tes_00041,21,0,198,FALSE
5515,6wVdnLa3Tes_00042,21,0,48,FALSE
5516,6wVdnLa3Tes_00057,21,0,111,TRUE
5517,6wVdnLa3Tes_00058,21,0,163,TRUE
5518,6wVdnLa3Tes_00059,21,0,159,TRUE
5519,6wVdnLa3Tes_00104,21,0,81,FALSE
5520,6wVdnLa3Tes_00105,21,0,154,FALSE
5521,6wVdnLa3Tes_00106,21,0,151,FALSE
5522,6wVdnLa3Tes_00205,21,0,43,FALSE
5523,6wVdnLa3Tes_00206,21,0,137,TRUE
5524,6wVdnLa3Tes_00207,21,0,51,FALSE
5525,6wVdnLa3Tes_00224,21,0,86,TRUE
5526,6wVdnLa3Tes_00225,21,0,107,TRUE
5527,6wVdnLa3Tes_00226,21,0,128,FALSE
5528,6wVdnLa3Tes_00233,21,0,89,TRUE
5529,6wVdnLa3Tes_00234,21,0,178,TRUE
5530,6wVdnLa3Tes_00235,21,0,97,FALSE
5531,6wVdnLa3Tes_00236,21,0,134,TRUE
5532,6wVdnLa3Tes_00237,21,0,157,TRUE
5533,6wVdnLa3Tes_00239,21,0,119,TRUE
5534,6wVdnLa3Tes_00240,21,0,143,TRUE
5535,6wVdnLa3Tes_00241,21,0,142,FALSE
5536,6wVdnLa3Tes_00242,21,0,163,TRUE
5537,6wVdnLa3Tes_00243,21,0,159,FALSE
5538,6wVdnLa3Tes_00244,21,0,156,TRUE
5539,6wVdnLa3Tes_00245,21,0,70,FALSE
5540,6wVdnLa3Tes_00246,21,0,131,FALSE
5541,6wVdnLa3Tes_00247,21,0,113,FALSE
5542,6wVdnLa3Tes_00248,21,0,95,TRUE
5543,6wVdnLa3Tes_00249,21,0,142,TRUE
5544,6wVdnLa3Tes_00250,21,0,88,FALSE
5545,6wVdnLa3Tes_00254,21,0,56,TRUE
5546,6wVdnLa3Tes_00255,21,0,154,FALSE
5547,6wVdnLa3Tes_00256,21,0,89,FALSE
5548,6wVdnLa3Tes_00264,21,0,118,TRUE
5549,6wVdnLa3Tes_00265,21,0,190,FALSE
5550,6wVdnLa3Tes_00266,21,0,139,FALSE
5551,6wVdnLa3Tes_00270,21,0,103,TRUE
5552,6wVdnLa3Tes_00271,21,0,34,FALSE
5553,6wVdnLa3Tes_00272,21,0,107,FALSE
5554,6wVdnLa3Tes_00273,21,0,166,FALSE
5555,6wVdnLa3Tes_00274,21,0,73,FALSE
5556,9BC6ssCjyfg_00057,21,0,101,TRUE
5557,9BC6ssCjyfg_00058,21,0,179,FALSE
5558,9BC6ssCjyfg_00059,21,0,184,FALSE
5559,9BC6ssCjyfg_00072,21,0,85,TRUE
5560,9BC6ssCjyfg_00073,21,0,190,FALSE
5561,9BC6ssCjyfg_00074,21,0,165,TRUE
5562,9BC6ssCjyfg_00078,21,0,95,TRUE
5563,9BC6ssCjyfg_00079,21,0,252,FALSE
5564,9BC6ssCjyfg_00080,21,0,216,FALSE
5565,9BC6ssCjyfg_00081,21,0,44,TRUE
5566,9BC6ssCjyfg_00082,21,0,149,TRUE
5567,9BC6ssCjyfg_00083,21,0,133,TRUE
5568,9BC6ssCjyfg_00240,21,0,80,TRUE
5569,9BC6ssCjyfg_00241,21,0,183,FALSE
5570,9BC6ssCjyfg_00242,21,0,205,FALSE
5571,9BC6ssCjyfg_00246,21,0,119,TRUE
5572,9BC6ssCjyfg_00247,21,0,175,TRUE
5573,9BC6ssCjyfg_00248,21,0,195,FALSE
5574,9jZYYtzYqwE_00047,21,0,89,TRUE
5575,9jZYYtzYqwE_00048,21,0,128,FALSE
5576,9jZYYtzYqwE_00073,21,0,99,TRUE
5577,9jZYYtzYqwE_00074,21,0,106,FALSE
5578,9jZYYtzYqwE_00075,21,0,133,TRUE
5579,9jZYYtzYqwE_00076,21,0,225,FALSE
5580,9jZYYtzYqwE_00083,21,0,102,TRUE
5581,9jZYYtzYqwE_00084,21,0,116,TRUE
5582,9jZYYtzYqwE_00099,21,0,143,TRUE
5583,9jZYYtzYqwE_00100,21,0,138,TRUE
5584,9jZYYtzYqwE_00101,21,0,115,TRUE
5585,9jZYYtzYqwE_00102,21,0,87,FALSE
5586,DB4lpBDPnTY_00013,21,0,107,TRUE
5587,DB4lpBDPnTY_00019,21,0,97,TRUE
5588,DB4lpBDPnTY_00045,21,0,63,TRUE
5589,DB4lpBDPnTY_00046,21,0,97,FALSE
5590,JzOshOJgofw_00153,21,0,127,TRUE
5591,JzOshOJgofw_00154,21,0,164,TRUE
5592,JzOshOJgofw_00202,21,0,125,TRUE
5593,JzOshOJgofw_00203,21,0,117,TRUE
5594,JzOshOJgofw_00242,21,0,184,FALSE
5595,JzOshOJgofw_00243,21,0,182,FALSE
5596,JzOshOJgofw_00280,21,0,92,TRUE
5597,JzOshOJgofw_00281,21,0,140,TRUE
5598,JzOshOJgofw_00282,21,0,113,TRUE
5599,JzOshOJgofw_00283,21,0,155,TRUE
5600,JzOshOJgofw_00284,21,0,126,TRUE
5601,JzOshOJgofw_00285,21,0,108,TRUE
5602,JzOshOJgofw_00286,21,0,55,TRUE
5603,JzOshOJgofw_00287,21,0,140,TRUE
5604,JzOshOJgofw_00290,21,0,149,TRUE
5605,JzOshOJgofw_00291,21,0,222,FALSE
5606,JzOshOJgofw_00298,21,0,77,FALSE
5607,JzOshOJgofw_00299,21,0,109,FALSE
5608,LkluZoNfKu8_00035,21,0,105,TRUE
5609,LkluZoNfKu8_00036,21,0,176,TRUE
5610,LkluZoNfKu8_00064,21,0,50,TRUE
5611,LkluZoNfKu8_00065,21,0,172,FALSE
5612,LkluZoNfKu8_00070,21,0,138,TRUE
5613,LkluZoNfKu8_00071,21,0,365,FALSE
5614,LkluZoNfKu8_00074,21,0,39,TRUE
5615,LkluZoNfKu8_00075,21,0,94,TRUE
5616,LkluZoNfKu8_00076,21,0,101,TRUE
5617,LkluZoNfKu8_00077,21,0,140,TRUE
5618,LkluZoNfKu8_00078,21,0,45,TRUE
5619,LkluZoNfKu8_00079,21,0,127,FALSE
5620,LkluZoNfKu8_00084,21,0,89,TRUE
5621,LkluZoNfKu8_00085,21,0,246,FALSE
5622,LkluZoNfKu8_00127,21,0,122,TRUE
5623,LkluZoNfKu8_00128,21,0,246,FALSE
5624,OFxuiqI5G44_00051,21,0,255,FALSE
5625,OFxuiqI5G44_00052,21,0,262,FALSE
5626,OFxuiqI5G44_00055,21,0,349,FALSE
5627,OFxuiqI5G44_00056,21,0,222,FALSE
5628,OFxuiqI5G44_00057,21,0,122,FALSE
5629,OFxuiqI5G44_00058,21,0,234,FALSE
5630,OFxuiqI5G44_00168,21,0,120,FALSE
5631,OFxuiqI5G44_00169,21,0,231,FALSE
5632,OFxuiqI5G44_00170,21,0,232,FALSE
5633,OFxuiqI5G44_00290,21,0,179,TRUE
5634,OFxuiqI5G44_00291,21,0,233,FALSE
5635,OFxuiqI5G44_00292,21,0,254,FALSE
5636,OFxuiqI5G44_00315,21,0,230,FALSE
5637,OFxuiqI5G44_00316,21,0,240,FALSE
5638,OFxuiqI5G44_00317,21,0,211,FALSE
5639,OFxuiqI5G44_00378,21,0,170,FALSE
5640,OFxuiqI5G44_00379,21,0,227,FALSE
5641,OFxuiqI5G44_00380,21,0,195,FALSE
5642,OFxuiqI5G44_00387,21,0,325,FALSE
5643,OFxuiqI5G44_00388,21,0,224,FALSE
5644,OFxuiqI5G44_00389,21,0,203,FALSE
5645,OFxuiqI5G44_00393,21,0,324,FALSE
5646,OFxuiqI5G44_00394,21,0,248,FALSE
5647,OFxuiqI5G44_00395,21,0,238,FALSE
5648,OFxuiqI5G44_00396,21,0,124,TRUE
5649,OFxuiqI5G44_00397,21,0,213,FALSE
5650,OFxuiqI5G44_00398,21,0,215,FALSE
5651,OFxuiqI5G44_00399,21,0,253,FALSE
5652,OFxuiqI5G44_00400,21,0,260,FALSE
5653,OFxuiqI5G44_00401,21,0,202,FALSE
5654,OFxuiqI5G44_00408,21,0,121,TRUE
5655,OFxuiqI5G44_00409,21,0,221,FALSE
5656,OFxuiqI5G44_00410,21,0,201,FALSE
5657,OVzt2rsfMc0_00000,21,0,206,FALSE
5658,OVzt2rsfMc0_00001,21,0,171,FALSE
5659,OVzt2rsfMc0_00002,21,0,87,FALSE
5660,OVzt2rsfMc0_00003,21,0,49,TRUE
5661,OVzt2rsfMc0_00004,21,0,111,TRUE
5662,OVzt2rsfMc0_00005,21,0,96,FALSE
5663,OVzt2rsfMc0_00047,21,0,69,FALSE
5664,OVzt2rsfMc0_00048,21,0,207,FALSE
5665,OVzt2rsfMc0_00055,21,0,78,FALSE
5666,OVzt2rsfMc0_00056,21,0,150,FALSE
5667,OVzt2rsfMc0_00057,21,0,135,FALSE
5668,OVzt2rsfMc0_00061,21,0,104,TRUE
5669,OVzt2rsfMc0_00062,21,0,128,TRUE
5670,OVzt2rsfMc0_00073,21,0,92,TRUE
5671,OVzt2rsfMc0_00074,21,0,157,TRUE
5672,OVzt2rsfMc0_00075,21,0,96,TRUE
5673,OVzt2rsfMc0_00120,21,0,83,TRUE
5674,OVzt2rsfMc0_00121,21,0,120,TRUE
5675,OVzt2rsfMc0_00122,21,0,122,FALSE
5676,OVzt2rsfMc0_00148,21,0,122,TRUE
5677,OVzt2rsfMc0_00149,21,0,157,TRUE
5678,OVzt2rsfMc0_00150,21,0,122,TRUE
5679,OVzt2rsfMc0_00157,21,0,115,TRUE
5680,OVzt2rsfMc0_00158,21,0,160,TRUE
5681,OVzt2rsfMc0_00159,21,0,183,FALSE
5682,OVzt2rsfMc0_00269,21,0,48,TRUE
5683,OVzt2rsfMc0_00270,21,0,134,TRUE
5684,OVzt2rsfMc0_00271,21,0,95,FALSE
5685,OVzt2rsfMc0_00344,21,0,35,FALSE
5686,OVzt2rsfMc0_00345,21,0,118,FALSE
5687,OVzt2rsfMc0_00346,21,0,57,TRUE
5688,OVzt2rsfMc0_00355,21,0,130,TRUE
5689,OVzt2rsfMc0_00356,21,0,154,TRUE
5690,OVzt2rsfMc0_00359,21,0,129,TRUE
5691,OVzt2rsfMc0_00360,21,0,160,TRUE
5692,OVzt2rsfMc0_00361,21,0,112,TRUE
5693,OVzt2rsfMc0_00362,21,0,131,TRUE
5694,OVzt2rsfMc0_00363,21,0,105,FALSE
5695,OVzt2rsfMc0_00364,21,0,96,TRUE
5696,OVzt2rsfMc0_00365,21,0,160,TRUE
5697,OVzt2rsfMc0_00366,21,0,121,TRUE
5698,OVzt2rsfMc0_00367,21,0,98,TRUE
5699,OVzt2rsfMc0_00368,21,0,155,TRUE
5700,OVzt2rsfMc0_00369,21,0,121,TRUE
5701,OVzt2rsfMc0_00370,21,0,94,TRUE
5702,OVzt2rsfMc0_00371,21,0,197,FALSE
5703,OVzt2rsfMc0_00372,21,0,110,TRUE
5704,OVzt2rsfMc0_00373,21,0,137,TRUE
5705,OVzt2rsfMc0_00374,21,0,112,FALSE
5706,OVzt2rsfMc0_00375,21,0,110,TRUE
5707,OVzt2rsfMc0_00376,21,0,93,TRUE
5708,OVzt2rsfMc0_00377,21,0,95,FALSE
5709,OVzt2rsfMc0_00378,21,0,70,FALSE
5710,OVzt2rsfMc0_00379,21,0,125,FALSE
5711,OVzt2rsfMc0_00380,21,0,68,FALSE
5712,OVzt2rsfMc0_00387,21,0,114,TRUE
5713,OVzt2rsfMc0_00388,21,0,171,TRUE
5714,OVzt2rsfMc0_00389,21,0,111,FALSE
5715,OVzt2rsfMc0_00396,21,0,120,TRUE
5716,OVzt2rsfMc0_00397,21,0,151,TRUE
5717,OVzt2rsfMc0_00398,21,0,178,FALSE
5718,OVzt2rsfMc0_00399,21,0,54,TRUE
5719,OVzt2rsfMc0_00400,21,0,133,TRUE
5720,OVzt2rsfMc0_00401,21,0,80,FALSE
5721,OVzt2rsfMc0_00412,21,0,123,TRUE
5722,OVzt2rsfMc0_00413,21,0,182,FALSE
5723,OVzt2rsfMc0_00414,21,0,135,FALSE
5724,S9aCrmtAV8o_00109,21,0,348,FALSE
5725,S9aCrmtAV8o_00110,21,0,255,FALSE
5726,S9aCrmtAV8o_00119,21,0,458,FALSE
5727,S9aCrmtAV8o_00120,21,0,236,FALSE
5728,S9aCrmtAV8o_00130,21,0,163,FALSE
5729,S9aCrmtAV8o_00131,21,0,254,FALSE
5730,S9aCrmtAV8o_00147,21,0,254,FALSE
5731,S9aCrmtAV8o_00148,21,0,189,FALSE
5732,S9aCrmtAV8o_00165,21,0,234,FALSE
5733,S9aCrmtAV8o_00166,21,0,223,FALSE
5734,S9aCrmtAV8o_00167,21,0,142,TRUE
5735,S9aCrmtAV8o_00168,21,0,132,FALSE
5736,S9aCrmtAV8o_00176,21,0,204,FALSE
5737,S9aCrmtAV8o_00177,21,0,240,FALSE
5738,S9aCrmtAV8o_00178,21,0,193,FALSE
5739,S9aCrmtAV8o_00179,21,0,212,FALSE
5740,S9aCrmtAV8o_00184,21,0,189,FALSE
5741,S9aCrmtAV8o_00185,21,0,226,FALSE
5742,S9aCrmtAV8o_00186,21,0,330,FALSE
5743,S9aCrmtAV8o_00187,21,0,247,FALSE
5744,TeboS8s_00w_00015,21,0,243,FALSE
5745,TeboS8s_00w_00016,21,0,205,FALSE
5746,TeboS8s_00w_00051,21,0,249,FALSE
5747,TeboS8s_00w_00052,21,0,224,FALSE
5748,TeboS8s_00w_00055,21,0,110,TRUE
5749,TeboS8s_00w_00056,21,0,212,FALSE
5750,TeboS8s_00w_00059,21,0,208,FALSE
5751,TeboS8s_00w_00060,21,0,224,FALSE
5752,TeboS8s_00w_00065,21,0,160,TRUE
5753,TeboS8s_00w_00066,21,0,205,FALSE
5754,TeboS8s_00w_00067,21,0,218,FALSE
5755,TeboS8s_00w_00068,21,0,234,FALSE
5756,VNvb5oLOpLg_00332,21,0,283,FALSE
5757,VNvb5oLOpLg_00333,21,0,258,FALSE
5758,VNvb5oLOpLg_00334,21,0,152,TRUE
5759,VNvb5oLOpLg_00335,21,0,197,FALSE
5760,VNvb5oLOpLg_00340,21,0,291,FALSE
5761,VNvb5oLOpLg_00341,21,0,277,FALSE
5762,VNvb5oLOpLg_00350,21,0,410,FALSE
5763,VNvb5oLOpLg_00351,21,0,240,FALSE
5764,VNvb5oLOpLg_00354,21,0,169,TRUE
5765,VNvb5oLOpLg_00355,21,0,220,FALSE
5766,VNvb5oLOpLg_00370,21,0,196,FALSE
5767,VNvb5oLOpLg_00371,21,0,205,FALSE
5768,VNvb5oLOpLg_00384,21,0,164,FALSE
5769,VNvb5oLOpLg_00385,21,0,271,FALSE
5770,VNvb5oLOpLg_00390,21,0,189,FALSE
5771,VNvb5oLOpLg_00391,21,0,269,FALSE
5772,VNvb5oLOpLg_00414,21,0,283,FALSE
5773,VNvb5oLOpLg_00415,21,0,174,FALSE
5774,VNvb5oLOpLg_00418,21,0,154,TRUE
5775,VNvb5oLOpLg_00419,21,0,256,FALSE
5776,VNvb5oLOpLg_00436,21,0,254,FALSE
5777,VNvb5oLOpLg_00437,21,0,303,FALSE
5778,VNvb5oLOpLg_00440,21,0,311,FALSE
5779,VNvb5oLOpLg_00441,21,0,207,FALSE
5780,VNvb5oLOpLg_00446,21,0,170,FALSE
5781,VNvb5oLOpLg_00447,21,0,232,FALSE
5782,VNvb5oLOpLg_00450,21,0,282,FALSE
5783,VNvb5oLOpLg_00451,21,0,220,FALSE
5784,VNvb5oLOpLg_00452,21,0,183,FALSE
5785,VNvb5oLOpLg_00453,21,0,242,FALSE
5786,VNvb5oLOpLg_00521,21,0,148,TRUE
5787,VNvb5oLOpLg_00522,21,0,223,FALSE
5788,VNvb5oLOpLg_00531,21,0,258,FALSE
5789,VNvb5oLOpLg_00532,21,0,275,FALSE
5790,VNvb5oLOpLg_00535,21,0,100,TRUE
5791,VNvb5oLOpLg_00536,21,0,199,FALSE
5792,VNvb5oLOpLg_00537,21,0,398,FALSE
5793,VNvb5oLOpLg_00538,21,0,317,FALSE
5794,VNvb5oLOpLg_01145,21,0,270,FALSE
5795,VNvb5oLOpLg_01146,21,0,278,FALSE
5796,VNvb5oLOpLg_01147,21,0,282,FALSE
5797,Y7QZcr24ye0_00868,21,0,141,FALSE
5798,Y7QZcr24ye0_00869,21,0,257,FALSE
5799,Y7QZcr24ye0_00870,21,0,269,FALSE
5800,Y7QZcr24ye0_00980,21,0,102,FALSE
5801,Y7QZcr24ye0_00981,21,0,262,FALSE
5802,Y7QZcr24ye0_00985,21,0,304,FALSE
5803,Y7QZcr24ye0_00995,21,0,191,FALSE
5804,Y7QZcr24ye0_00996,21,0,212,FALSE
5805,_8Vy3dlHg2w_00079,21,0,51,FALSE
5806,_8Vy3dlHg2w_00080,21,0,55,FALSE
5807,_8Vy3dlHg2w_00081,21,0,58,FALSE
5808,_8Vy3dlHg2w_00082,21,0,115,TRUE
5809,_8Vy3dlHg2w_00083,21,0,121,TRUE
5810,_8Vy3dlHg2w_00084,21,0,138,TRUE
5811,_8Vy3dlHg2w_00085,21,0,64,FALSE
5812,_8Vy3dlHg2w_00159,21,0,107,TRUE
5813,_8Vy3dlHg2w_00160,21,0,88,FALSE
5814,_8Vy3dlHg2w_00161,21,0,125,TRUE
5815,_8Vy3dlHg2w_00162,21,0,69,FALSE
5816,_8Vy3dlHg2w_00163,21,0,69,FALSE
5817,_8Vy3dlHg2w_00164,21,0,115,FALSE
5818,_8Vy3dlHg2w_00172,21,0,69,FALSE
5819,_8Vy3dlHg2w_00173,21,0,61,TRUE
5820,_8Vy3dlHg2w_00174,21,0,89,FALSE
5821,_8Vy3dlHg2w_00175,21,0,69,FALSE
5822,_8Vy3dlHg2w_00176,21,0,98,FALSE
5823,_8Vy3dlHg2w_00177,21,0,46,FALSE
5824,_8Vy3dlHg2w_00178,21,0,25,FALSE
5825,_8Vy3dlHg2w_00179,21,0,150,TRUE
5826,_8Vy3dlHg2w_00180,21,0,83,FALSE
5827,_8Vy3dlHg2w_00181,21,0,123,FALSE
5828,_8Vy3dlHg2w_00182,21,0,52,TRUE
5829,_8Vy3dlHg2w_00184,21,0,52,FALSE
5830,_8Vy3dlHg2w_00185,21,0,115,FALSE
5831,_8Vy3dlHg2w_00207,21,0,52,TRUE
5832,_8Vy3dlHg2w_00208,21,0,57,TRUE
5833,_8Vy3dlHg2w_00209,21,0,96,TRUE
5834,_8Vy3dlHg2w_00210,21,0,73,FALSE
5835,_8Vy3dlHg2w_00212,21,0,98,FALSE
5836,_lmT4WlK7G0_00066,21,0,154,TRUE
5837,_lmT4WlK7G0_00067,21,0,177,TRUE
5838,_lmT4WlK7G0_00068,21,0,112,FALSE
5839,_lmT4WlK7G0_00079,21,0,81,FALSE
5840,_lmT4WlK7G0_00080,21,0,162,TRUE
5841,_lmT4WlK7G0_00081,21,0,116,FALSE
5842,_lmT4WlK7G0_00088,21,0,94,FALSE
5843,_lmT4WlK7G0_00089,21,0,208,FALSE
5844,_lmT4WlK7G0_00090,21,0,76,FALSE
5845,_lmT4WlK7G0_00107,21,0,91,FALSE
5846,_lmT4WlK7G0_00108,21,0,156,TRUE
5847,_lmT4WlK7G0_00109,21,0,118,FALSE
5848,_lmT4WlK7G0_00119,21,0,148,TRUE
5849,_lmT4WlK7G0_00120,21,0,161,TRUE
5850,_lmT4WlK7G0_00121,21,0,108,TRUE
5851,_tigfCJFLZg_00024,21,0,118,TRUE
5852,_tigfCJFLZg_00025,21,0,177,TRUE
5853,_tigfCJFLZg_00026,21,0,161,FALSE
5854,_tigfCJFLZg_00027,21,0,102,FALSE
5855,aektxm8cLdo_00003,21,0,87,TRUE
5856,aektxm8cLdo_00004,21,0,106,TRUE
5857,aektxm8cLdo_00005,21,0,156,TRUE
5858,aektxm8cLdo_00023,21,0,80,TRUE
5859,aektxm8cLdo_00024,21,0,78,TRUE
5860,aektxm8cLdo_00025,21,0,95,FALSE
5861,aektxm8cLdo_00029,21,0,173,TRUE
5862,aektxm8cLdo_00030,21,0,176,TRUE
5863,aektxm8cLdo_00031,21,0,163,TRUE
5864,aektxm8cLdo_00032,21,0,85,TRUE
5865,aektxm8cLdo_00033,21,0,127,TRUE
5866,aektxm8cLdo_00034,21,0,79,FALSE
5867,c7FHotPDZIw_00093,21,0,97,TRUE
5868,c7FHotPDZIw_00095,21,0,144,TRUE
5869,c7FHotPDZIw_00096,21,0,167,TRUE
5870,cYkUl8MrXgA_00047,21,0,91,TRUE
5871,cYkUl8MrXgA_00048,21,0,189,FALSE
5872,cYkUl8MrXgA_00049,21,0,127,FALSE
5873,db7DmpqzGmc_00086,21,0,63,FALSE
5874,db7DmpqzGmc_00087,21,0,142,FALSE
5875,db7DmpqzGmc_00088,21,0,164,TRUE
5876,db7DmpqzGmc_00108,21,0,98,TRUE
5877,db7DmpqzGmc_00109,21,0,142,FALSE
5878,db7DmpqzGmc_00110,21,0,200,FALSE
5879,db7DmpqzGmc_00118,21,0,82,FALSE
5880,db7DmpqzGmc_00119,21,0,138,TRUE
5881,db7DmpqzGmc_00120,21,0,175,TRUE
5882,db7DmpqzGmc_00121,21,0,53,TRUE
5883,db7DmpqzGmc_00122,21,0,127,FALSE
5884,db7DmpqzGmc_00123,21,0,166,TRUE
5885,db7DmpqzGmc_00124,21,0,108,TRUE
5886,db7DmpqzGmc_00125,21,0,173,TRUE
5887,db7DmpqzGmc_00126,21,0,151,FALSE
5888,db7DmpqzGmc_00131,21,0,134,TRUE
5889,db7DmpqzGmc_00132,21,0,231,FALSE
5890,db7DmpqzGmc_00133,21,0,195,FALSE
5891,db7DmpqzGmc_00134,21,0,32,FALSE
5892,db7DmpqzGmc_00135,21,0,41,FALSE
5893,db7DmpqzGmc_00136,21,0,81,FALSE
5894,db7DmpqzGmc_00137,21,0,145,TRUE
5895,db7DmpqzGmc_00193,21,0,118,TRUE
5896,db7DmpqzGmc_00194,21,0,153,TRUE
5897,db7DmpqzGmc_00195,21,0,207,FALSE
5898,ddV_Cpszpls_00058,21,0,128,TRUE
5899,ddV_Cpszpls_00059,21,0,246,FALSE
5900,ddV_Cpszpls_00060,21,0,226,FALSE
5901,ddV_Cpszpls_00077,21,0,76,FALSE
5902,ddV_Cpszpls_00079,21,0,100,FALSE
5903,ddV_Cpszpls_00087,21,0,153,TRUE
5904,ddV_Cpszpls_00088,21,0,115,FALSE
5905,ddV_Cpszpls_00089,21,0,76,FALSE
5906,ddV_Cpszpls_00090,21,0,186,FALSE
5907,ddV_Cpszpls_00104,21,0,161,TRUE
5908,ddV_Cpszpls_00105,21,0,204,FALSE
5909,ddV_Cpszpls_00106,21,0,186,FALSE
5910,ddV_Cpszpls_00112,21,0,170,TRUE
5911,ddV_Cpszpls_00120,21,0,131,TRUE
5912,ddV_Cpszpls_00121,21,0,207,FALSE
5913,ddV_Cpszpls_00122,21,0,134,FALSE
5914,ddV_Cpszpls_00126,21,0,288,FALSE
5915,ddV_Cpszpls_00127,21,0,229,FALSE
5916,ddV_Cpszpls_00181,21,0,103,FALSE
5917,ddV_Cpszpls_00199,21,0,158,TRUE
5918,ddV_Cpszpls_00201,21,0,140,FALSE
5919,ddV_Cpszpls_00207,21,0,133,TRUE
5920,ddV_Cpszpls_00208,21,0,197,FALSE
5921,ddV_Cpszpls_00210,21,0,78,TRUE
5922,ddV_Cpszpls_00211,21,0,190,FALSE
5923,eN8umEok9U8_00173,21,0,110,TRUE
5924,eN8umEok9U8_00174,21,0,160,TRUE
5925,eN8umEok9U8_00181,21,0,102,TRUE
5926,eN8umEok9U8_00182,21,0,107,FALSE
5927,egsanPCCIzQ_00018,21,0,94,TRUE
5928,egsanPCCIzQ_00084,21,0,124,TRUE
5929,egsanPCCIzQ_00085,21,0,214,FALSE
5930,egsanPCCIzQ_00086,21,0,137,FALSE
5931,egsanPCCIzQ_00120,21,0,159,TRUE
5932,fohMq9tOn6E_00113,21,0,245,FALSE
5933,fohMq9tOn6E_00115,21,0,162,TRUE
5934,iv0Gu1VXAgc_00003,21,0,111,FALSE
5935,iv0Gu1VXAgc_00004,21,0,119,FALSE
5936,iv0Gu1VXAgc_00005,21,0,167,FALSE
5937,iv0Gu1VXAgc_00012,21,0,123,TRUE
5938,iv0Gu1VXAgc_00013,21,0,120,TRUE
5939,iv0Gu1VXAgc_00014,21,0,187,FALSE
5940,iv0Gu1VXAgc_00042,21,0,161,TRUE
5941,iv0Gu1VXAgc_00043,21,0,102,FALSE
5942,iv0Gu1VXAgc_00044,21,0,155,FALSE
5943,iv0Gu1VXAgc_00060,21,0,117,TRUE
5944,iv0Gu1VXAgc_00061,21,0,103,FALSE
5945,iv0Gu1VXAgc_00062,21,0,174,TRUE
5946,iv0Gu1VXAgc_00069,21,0,95,FALSE
5947,iv0Gu1VXAgc_00106,21,0,112,TRUE
5948,iv0Gu1VXAgc_00107,21,0,176,FALSE
5949,iv0Gu1VXAgc_00108,21,0,101,FALSE
5950,iv0Gu1VXAgc_00133,21,0,164,TRUE
5951,iv0Gu1VXAgc_00134,21,0,118,FALSE
5952,iv0Gu1VXAgc_00135,21,0,203,FALSE
5953,iv0Gu1VXAgc_00136,21,0,167,TRUE
5954,iv0Gu1VXAgc_00137,21,0,52,FALSE
5955,iv0Gu1VXAgc_00138,21,0,147,TRUE
5956,iv0Gu1VXAgc_00148,21,0,95,FALSE
5957,iv0Gu1VXAgc_00149,21,0,110,FALSE
5958,iv0Gu1VXAgc_00150,21,0,132,FALSE
5959,iv0Gu1VXAgc_00169,21,0,101,FALSE
5960,iv0Gu1VXAgc_00170,21,0,92,FALSE
5961,iv0Gu1VXAgc_00171,21,0,168,TRUE
5962,iv0Gu1VXAgc_00200,21,0,65,FALSE
5963,iv0Gu1VXAgc_00201,21,0,139,FALSE
5964,iv0Gu1VXAgc_00202,21,0,99,FALSE
5965,iv0Gu1VXAgc_00219,21,0,125,FALSE
5966,iv0Gu1VXAgc_00220,21,0,132,FALSE
5967,iv0Gu1VXAgc_00221,21,0,176,TRUE
5968,iv0Gu1VXAgc_00225,21,0,127,TRUE
5969,iv0Gu1VXAgc_00226,21,0,133,FALSE
5970,iv0Gu1VXAgc_00227,21,0,148,TRUE
5971,iv0Gu1VXAgc_00251,21,0,101,TRUE
5972,iv0Gu1VXAgc_00252,21,0,172,TRUE
5973,iv0Gu1VXAgc_00253,21,0,93,FALSE
5974,k1F4LHeYhBs_00059,21,0,133,FALSE
5975,k1F4LHeYhBs_00060,21,0,182,FALSE
5976,k1F4LHeYhBs_00061,21,0,178,FALSE
5977,k1F4LHeYhBs_00062,21,0,187,FALSE
5978,k1F4LHeYhBs_00063,21,0,304,FALSE
5979,k1F4LHeYhBs_00064,21,0,269,FALSE
5980,k1F4LHeYhBs_00131,21,0,177,TRUE
5981,k1F4LHeYhBs_00132,21,0,225,FALSE
5982,k1F4LHeYhBs_00140,21,0,183,FALSE
5983,k1F4LHeYhBs_00141,21,0,247,FALSE
5984,k1F4LHeYhBs_00142,21,0,235,FALSE
5985,k1F4LHeYhBs_00152,21,0,161,TRUE
5986,k1F4LHeYhBs_00153,21,0,276,FALSE
5987,k1F4LHeYhBs_00154,21,0,253,FALSE
5988,k1F4LHeYhBs_00161,21,0,193,FALSE
5989,k1F4LHeYhBs_00162,21,0,252,FALSE
5990,k1F4LHeYhBs_00163,21,0,258,FALSE
5991,k1F4LHeYhBs_00164,21,0,132,TRUE
5992,k1F4LHeYhBs_00165,21,0,250,FALSE
5993,k1F4LHeYhBs_00166,21,0,252,FALSE
5994,k1F4LHeYhBs_00167,21,0,434,FALSE
5995,k1F4LHeYhBs_00168,21,0,263,FALSE
5996,k1F4LHeYhBs_00169,21,0,290,FALSE
5997,k1F4LHeYhBs_00176,21,0,227,FALSE
5998,k1F4LHeYhBs_00177,21,0,218,FALSE
5999,k1F4LHeYhBs_00178,21,0,233,FALSE
6000,k1F4LHeYhBs_00182,21,0,293,FALSE
6001,k1F4LHeYhBs_00185,21,0,187,FALSE
6002,k1F4LHeYhBs_00186,21,0,240,FALSE
6003,k1F4LHeYhBs_00193,21,0,145,TRUE
6004,k1F4LHeYhBs_00194,21,0,239,FALSE
6005,k1F4LHeYhBs_00195,21,0,217,FALSE
6006,k1F4LHeYhBs_00196,21,0,235,FALSE
6007,k1F4LHeYhBs_00197,21,0,236,FALSE
6008,k1F4LHeYhBs_00198,21,0,233,FALSE
6009,k1F4LHeYhBs_00202,21,0,221,FALSE
6010,k1F4LHeYhBs_00203,21,0,254,FALSE
6011,k1F4LHeYhBs_00204,21,0,263,FALSE
6012,k1F4LHeYhBs_00232,21,0,292,FALSE
6013,k1F4LHeYhBs_00233,21,0,236,FALSE
6014,k1F4LHeYhBs_00234,21,0,219,FALSE
6015,k1F4LHeYhBs_00235,21,0,259,FALSE
6016,k1F4LHeYhBs_00236,21,0,260,FALSE
6017,k1F4LHeYhBs_00246,21,0,126,TRUE
6018,k1F4LHeYhBs_00247,21,0,251,FALSE
6019,k1F4LHeYhBs_00248,21,0,249,FALSE
6020,k1F4LHeYhBs_00256,21,0,255,FALSE
6021,mGbuP7nT2ck_00000,21,0,94,TRUE
6022,mGbuP7nT2ck_00001,21,0,139,TRUE
6023,nOlRwoxsDJ0_00334,21,0,205,FALSE
6024,nOlRwoxsDJ0_00335,21,0,237,FALSE
6025,nOlRwoxsDJ0_00400,21,0,143,TRUE
6026,nOlRwoxsDJ0_00401,21,0,221,FALSE
6027,nOlRwoxsDJ0_00425,21,0,212,FALSE
6028,nOlRwoxsDJ0_00426,21,0,214,FALSE
6029,nOlRwoxsDJ0_00427,21,0,282,FALSE
6030,nOlRwoxsDJ0_00432,21,0,149,TRUE
6031,nOlRwoxsDJ0_00433,21,0,229,FALSE
6032,nOlRwoxsDJ0_00440,21,0,295,FALSE
6033,nOlRwoxsDJ0_00441,21,0,223,FALSE
6034,nOlRwoxsDJ0_00442,21,0,209,FALSE
6035,nOlRwoxsDJ0_00443,21,0,230,FALSE
6036,nOlRwoxsDJ0_00450,21,0,352,FALSE
6037,nOlRwoxsDJ0_00451,21,0,235,FALSE
6038,nOlRwoxsDJ0_00679,21,0,245,FALSE
6039,nOlRwoxsDJ0_00872,21,0,210,FALSE
6040,nOlRwoxsDJ0_00884,21,0,541,FALSE
6041,ozbr742-Trc_00002,21,0,98,TRUE
6042,ozbr742-Trc_00004,21,0,72,TRUE
6043,ozbr742-Trc_00015,21,0,122,TRUE
6044,sk8TafuB3lU_00403,21,0,271,FALSE
6045,sk8TafuB3lU_00404,21,0,260,FALSE
6046,sk8TafuB3lU_00411,21,0,227,FALSE
6047,sk8TafuB3lU_00412,21,0,196,FALSE
6048,sk8TafuB3lU_00500,21,0,216,FALSE
6049,sk8TafuB3lU_00594,21,0,76,TRUE
6050,sk8TafuB3lU_00595,21,0,271,FALSE
6051,sk8TafuB3lU_00622,21,0,172,FALSE
6052,sk8TafuB3lU_00623,21,0,253,FALSE
6053,sk8TafuB3lU_00624,21,0,205,FALSE
6054,sk8TafuB3lU_00625,21,0,240,FALSE
6055,sk8TafuB3lU_00646,21,0,269,FALSE
6056,sk8TafuB3lU_00647,21,0,217,FALSE
6057,sk8TafuB3lU_00950,21,0,231,FALSE
6058,sk8TafuB3lU_00951,21,0,216,FALSE
6059,sk8TafuB3lU_00996,21,0,192,FALSE
6060,sk8TafuB3lU_01049,21,0,233,FALSE
6061,sk8TafuB3lU_01050,21,0,205,FALSE
6062,sk8TafuB3lU_01062,21,0,202,FALSE
6063,sk8TafuB3lU_01063,21,0,246,FALSE
6064,sk8TafuB3lU_01064,21,0,228,FALSE
6065,sk8TafuB3lU_01104,21,0,137,FALSE
6066,sk8TafuB3lU_01105,21,0,238,FALSE
6067,sk8TafuB3lU_01148,21,0,132,FALSE
6068,sk8TafuB3lU_01149,21,0,259,FALSE
6069,uDESPUxbjnI_00074,21,0,120,FALSE
6070,uDESPUxbjnI_00075,21,0,129,FALSE
6071,uDESPUxbjnI_00103,21,0,120,TRUE
6072,uDESPUxbjnI_00104,21,0,91,FALSE
6073,uDESPUxbjnI_00105,21,0,135,FALSE
6074,uDESPUxbjnI_00118,21,0,61,TRUE
6075,uDESPUxbjnI_00119,21,0,95,TRUE
6076,uDESPUxbjnI_00120,21,0,102,FALSE
6077,uDESPUxbjnI_00174,21,0,163,FALSE
6078,uDESPUxbjnI_00175,21,0,132,FALSE
6079,uDESPUxbjnI_00176,21,0,181,FALSE
6080,vlfy4cny75s_00110,21,0,132,TRUE
6081,vlfy4cny75s_00122,21,0,76,FALSE
6082,vlfy4cny75s_00124,21,0,158,TRUE
6083,xbQCwTHcGN8_00013,21,0,81,TRUE
6084,xbQCwTHcGN8_00014,21,0,163,TRUE
6085,xbQCwTHcGN8_00015,21,0,96,FALSE
6086,xbQCwTHcGN8_00081,21,0,194,FALSE
6087,zYHstCxnAPA_00377,21,0,260,FALSE
6088,zYHstCxnAPA_00378,21,0,297,FALSE
6089,zYHstCxnAPA_00551,21,0,138,TRUE
6090,zYHstCxnAPA_00552,21,0,254,FALSE
6091,zYHstCxnAPA_00580,21,0,227,FALSE
6092,zYHstCxnAPA_00581,21,0,302,FALSE
6093,zYHstCxnAPA_00586,21,0,235,FALSE
6094,zYHstCxnAPA_00587,21,0,256,FALSE
6095,zYHstCxnAPA_00623,21,0,249,FALSE
6096,zYHstCxnAPA_00624,21,0,299,FALSE
6097,zYHstCxnAPA_00651,21,0,172,FALSE
6098,zYHstCxnAPA_00652,21,0,261,FALSE
6099,zYHstCxnAPA_00667,21,0,139,TRUE
6100,zYHstCxnAPA_00668,21,0,254,FALSE
6101,zYHstCxnAPA_00675,21,0,232,FALSE
6102,zYHstCxnAPA_00676,21,0,382,FALSE
6103,zYHstCxnAPA_00747,21,0,246,FALSE
6104,zYHstCxnAPA_00748,21,0,317,FALSE
6105,zYHstCxnAPA_00769,21,0,292,FALSE
6106,zYHstCxnAPA_00770,21,0,339,FALSE
6107,zYHstCxnAPA_00785,21,0,111,FALSE
6108,zYHstCxnAPA_00786,21,0,232,FALSE
6109,zYHstCxnAPA_00793,21,0,139,FALSE
6110,zYHstCxnAPA_00794,21,0,186,FALSE
6111,zYHstCxnAPA_00795,21,0,118,TRUE
6112,zYHstCxnAPA_00796,21,0,268,FALSE
6113,zYHstCxnAPA_00797,21,0,301,FALSE
6114,zYHstCxnAPA_00798,21,0,218,FALSE
6115,zYHstCxnAPA_00814,21,0,212,FALSE
6116,zYHstCxnAPA_00815,21,0,119,TRUE
6117,zYHstCxnAPA_00816,21,0,219,FALSE
6118,2x00lRzlTVQ_00066,22,0,189,FALSE
6119,2x00lRzlTVQ_00067,22,0,169,TRUE
6120,2x00lRzlTVQ_00080,22,0,133,TRUE
6121,2x00lRzlTVQ_00095,22,0,112,TRUE
6122,2x00lRzlTVQ_00097,22,0,159,FALSE
6123,2x00lRzlTVQ_00116,22,0,79,FALSE
6124,2x00lRzlTVQ_00118,22,0,95,FALSE
6125,2x00lRzlTVQ_00125,22,0,88,TRUE
6126,2x00lRzlTVQ_00126,22,0,209,FALSE
6127,2x00lRzlTVQ_00127,22,0,127,FALSE
6128,2x00lRzlTVQ_00131,22,0,183,FALSE
6129,2x00lRzlTVQ_00132,22,0,64,TRUE
6130,2x00lRzlTVQ_00133,22,0,177,TRUE
6131,2x00lRzlTVQ_00134,22,0,225,FALSE
6132,3PLiUG_DuC8_00023,22,0,92,TRUE
6133,3PLiUG_DuC8_00024,22,0,164,FALSE
6134,3PLiUG_DuC8_00025,22,0,150,FALSE
6135,3PLiUG_DuC8_00035,22,0,94,FALSE
6136,3PLiUG_DuC8_00036,22,0,201,FALSE
6137,3PLiUG_DuC8_00037,22,0,130,FALSE
6138,3PLiUG_DuC8_00041,22,0,90,FALSE
6139,3PLiUG_DuC8_00042,22,0,173,TRUE
6140,3PLiUG_DuC8_00043,22,0,110,FALSE
6141,3PLiUG_DuC8_00103,22,0,109,TRUE
6142,3PLiUG_DuC8_00104,22,0,194,FALSE
6143,3PLiUG_DuC8_00105,22,0,123,FALSE
6144,3PLiUG_DuC8_00127,22,0,176,TRUE
6145,3PLiUG_DuC8_00128,22,0,214,FALSE
6146,3PLiUG_DuC8_00129,22,0,122,FALSE
6147,3PLiUG_DuC8_00142,22,0,88,TRUE
6148,3PLiUG_DuC8_00143,22,0,203,FALSE
6149,3PLiUG_DuC8_00144,22,0,92,FALSE
6150,3PLiUG_DuC8_00154,22,0,73,FALSE
6151,3PLiUG_DuC8_00155,22,0,186,FALSE
6152,3PLiUG_DuC8_00156,22,0,90,FALSE
6153,3PLiUG_DuC8_00180,22,0,53,TRUE
6154,3PLiUG_DuC8_00181,22,0,75,TRUE
6155,3PLiUG_DuC8_00182,22,0,152,TRUE
6156,3PLiUG_DuC8_00183,22,0,101,FALSE
6157,3PLiUG_DuC8_00188,22,0,65,FALSE
6158,3PLiUG_DuC8_00189,22,0,142,FALSE
6159,3PLiUG_DuC8_00196,22,0,125,TRUE
6160,3PLiUG_DuC8_00197,22,0,190,FALSE
6161,3PLiUG_DuC8_00198,22,0,106,FALSE
6162,3PLiUG_DuC8_00202,22,0,102,FALSE
6163,3PLiUG_DuC8_00203,22,0,192,FALSE
6164,3PLiUG_DuC8_00204,22,0,74,FALSE
6165,3PLiUG_DuC8_00257,22,0,112,FALSE
6166,3PLiUG_DuC8_00258,22,0,183,FALSE
6167,3PLiUG_DuC8_00259,22,0,91,TRUE
6168,3PLiUG_DuC8_00263,22,0,112,TRUE
6169,3PLiUG_DuC8_00264,22,0,181,FALSE
6170,3PLiUG_DuC8_00265,22,0,129,FALSE
6171,3PLiUG_DuC8_00300,22,0,77,TRUE
6172,3PLiUG_DuC8_00301,22,0,202,FALSE
6173,3PLiUG_DuC8_00302,22,0,118,FALSE
6174,3PLiUG_DuC8_00338,22,0,98,TRUE
6175,3PLiUG_DuC8_00339,22,0,171,TRUE
6176,3PLiUG_DuC8_00340,22,0,117,TRUE
6177,3PLiUG_DuC8_00352,22,0,60,TRUE
6178,3PLiUG_DuC8_00353,22,0,143,FALSE
6179,3PLiUG_DuC8_00354,22,0,78,FALSE
6180,3qq031609lA_00038,22,0,132,TRUE
6181,5i1begTTucc_00034,22,0,140,TRUE
6182,5i1begTTucc_00035,22,0,144,TRUE
6183,5i1begTTucc_00073,22,0,100,TRUE
6184,5i1begTTucc_00074,22,0,146,TRUE
6185,5i1begTTucc_00083,22,0,155,TRUE
6186,5i1begTTucc_00084,22,0,200,FALSE
6187,9BC6ssCjyfg_00084,22,0,78,TRUE
6188,9BC6ssCjyfg_00085,22,0,187,FALSE
6189,9BC6ssCjyfg_00086,22,0,181,FALSE
6190,9BC6ssCjyfg_00102,22,0,51,FALSE
6191,9BC6ssCjyfg_00103,22,0,165,TRUE
6192,9BC6ssCjyfg_00104,22,0,227,FALSE
6193,9BC6ssCjyfg_00123,22,0,123,TRUE
6194,9BC6ssCjyfg_00124,22,0,237,FALSE
6195,9BC6ssCjyfg_00125,22,0,152,FALSE
6196,9BC6ssCjyfg_00129,22,0,106,TRUE
6197,9BC6ssCjyfg_00130,22,0,202,FALSE
6198,9BC6ssCjyfg_00131,22,0,190,FALSE
6199,9BC6ssCjyfg_00154,22,0,114,TRUE
6200,9BC6ssCjyfg_00155,22,0,149,TRUE
6201,9BC6ssCjyfg_00156,22,0,195,FALSE
6202,9BC6ssCjyfg_00157,22,0,78,TRUE
6203,9BC6ssCjyfg_00158,22,0,423,FALSE
6204,9BC6ssCjyfg_00251,22,0,87,FALSE
6205,9BC6ssCjyfg_00252,22,0,183,FALSE
6206,9BC6ssCjyfg_00253,22,0,205,FALSE
6207,9BC6ssCjyfg_00254,22,0,72,TRUE
6208,9BC6ssCjyfg_00255,22,0,393,FALSE
6209,9BC6ssCjyfg_00256,22,0,193,FALSE
6210,Bb0ZiYVNtDs_00023,22,0,107,TRUE
6211,Bb0ZiYVNtDs_00024,22,0,167,FALSE
6212,Bb0ZiYVNtDs_00025,22,0,148,FALSE
6213,Bb0ZiYVNtDs_00035,22,0,122,TRUE
6214,Bb0ZiYVNtDs_00036,22,0,162,TRUE
6215,Bb0ZiYVNtDs_00037,22,0,107,TRUE
6216,Bb0ZiYVNtDs_00038,22,0,84,FALSE
6217,Bb0ZiYVNtDs_00042,22,0,71,FALSE
6218,Bb0ZiYVNtDs_00043,22,0,193,FALSE
6219,Bb0ZiYVNtDs_00044,22,0,184,FALSE
6220,Bb0ZiYVNtDs_00064,22,0,59,FALSE
6221,Bb0ZiYVNtDs_00065,22,0,107,FALSE
6222,Bb0ZiYVNtDs_00066,22,0,125,FALSE
6223,Bb0ZiYVNtDs_00070,22,0,126,TRUE
6224,Bb0ZiYVNtDs_00071,22,0,117,TRUE
6225,Bb0ZiYVNtDs_00072,22,0,94,TRUE
6226,Bb0ZiYVNtDs_00120,22,0,117,TRUE
6227,Bb0ZiYVNtDs_00121,22,0,179,TRUE
6228,Bb0ZiYVNtDs_00122,22,0,118,TRUE
6229,Bb0ZiYVNtDs_00123,22,0,108,FALSE
6230,Bb0ZiYVNtDs_00142,22,0,87,TRUE
6231,Bb0ZiYVNtDs_00143,22,0,148,TRUE
6232,Bb0ZiYVNtDs_00144,22,0,147,FALSE
6233,Bb0ZiYVNtDs_00188,22,0,126,TRUE
6234,Bb0ZiYVNtDs_00189,22,0,167,TRUE
6235,Bb0ZiYVNtDs_00190,22,0,124,FALSE
6236,Bb0ZiYVNtDs_00195,22,0,162,TRUE
6237,Bb0ZiYVNtDs_00196,22,0,200,FALSE
6238,Bb0ZiYVNtDs_00197,22,0,200,FALSE
6239,Bb0ZiYVNtDs_00198,22,0,111,TRUE
6240,Bb0ZiYVNtDs_00199,22,0,133,TRUE
6241,Bb0ZiYVNtDs_00200,22,0,91,TRUE
6242,Bb0ZiYVNtDs_00201,22,0,109,TRUE
6243,Bb0ZiYVNtDs_00202,22,0,175,TRUE
6244,Bb0ZiYVNtDs_00203,22,0,143,FALSE
6245,OFxuiqI5G44_00002,22,0,177,FALSE
6246,OFxuiqI5G44_00003,22,0,213,FALSE
6247,TeboS8s_00w_00180,22,0,138,FALSE
6248,TeboS8s_00w_00181,22,0,268,FALSE
6249,VNvb5oLOpLg_00523,22,0,287,FALSE
6250,Z_uFnDg-a4I_00072,22,0,108,FALSE
6251,Z_uFnDg-a4I_00073,22,0,136,TRUE
6252,Z_uFnDg-a4I_00074,22,0,187,FALSE
6253,_tigfCJFLZg_00085,22,0,88,TRUE
6254,_tigfCJFLZg_00086,22,0,158,FALSE
6255,_tigfCJFLZg_00087,22,0,85,FALSE
6256,_tigfCJFLZg_00102,22,0,89,TRUE
6257,_tigfCJFLZg_00103,22,0,155,FALSE
6258,_tigfCJFLZg_00104,22,0,154,TRUE
6259,_tigfCJFLZg_00105,22,0,87,FALSE
6260,_tigfCJFLZg_00109,22,0,119,TRUE
6261,_tigfCJFLZg_00110,22,0,93,TRUE
6262,_tigfCJFLZg_00111,22,0,112,TRUE
6263,_tigfCJFLZg_00120,22,0,52,TRUE
6264,_tigfCJFLZg_00121,22,0,145,FALSE
6265,_tigfCJFLZg_00122,22,0,85,FALSE
6266,_tigfCJFLZg_00129,22,0,69,TRUE
6267,_tigfCJFLZg_00130,22,0,157,FALSE
6268,_tigfCJFLZg_00131,22,0,131,TRUE
6269,_tigfCJFLZg_00166,22,0,103,TRUE
6270,_tigfCJFLZg_00167,22,0,158,TRUE
6271,_tigfCJFLZg_00168,22,0,230,FALSE
6272,_tigfCJFLZg_00196,22,0,198,FALSE
6273,_tigfCJFLZg_00197,22,0,182,FALSE
6274,_tigfCJFLZg_00198,22,0,204,FALSE
6275,_tigfCJFLZg_00199,22,0,105,TRUE
6276,_tigfCJFLZg_00200,22,0,154,TRUE
6277,_tigfCJFLZg_00201,22,0,86,FALSE
6278,_tigfCJFLZg_00202,22,0,119,TRUE
6279,_tigfCJFLZg_00203,22,0,185,FALSE
6280,_tigfCJFLZg_00204,22,0,157,TRUE
6281,_tigfCJFLZg_00208,22,0,120,TRUE
6282,_tigfCJFLZg_00209,22,0,172,TRUE
6283,_tigfCJFLZg_00210,22,0,145,FALSE
6284,_tigfCJFLZg_00218,22,0,117,TRUE
6285,_tigfCJFLZg_00219,22,0,145,TRUE
6286,_tigfCJFLZg_00220,22,0,143,TRUE
6287,_tigfCJFLZg_00237,22,0,106,TRUE
6288,_tigfCJFLZg_00238,22,0,138,FALSE
6289,_tigfCJFLZg_00239,22,0,111,TRUE
6290,_tigfCJFLZg_00249,22,0,145,TRUE
6291,_tigfCJFLZg_00250,22,0,180,FALSE
6292,_tigfCJFLZg_00251,22,0,105,FALSE
6293,_tigfCJFLZg_00279,22,0,58,TRUE
6294,_tigfCJFLZg_00280,22,0,210,FALSE
6295,_tigfCJFLZg_00281,22,0,97,FALSE
6296,_tigfCJFLZg_00314,22,0,83,TRUE
6297,_tigfCJFLZg_00315,22,0,162,TRUE
6298,_tigfCJFLZg_00316,22,0,117,FALSE
6299,_tigfCJFLZg_00326,22,0,219,FALSE
6300,_tigfCJFLZg_00327,22,0,168,TRUE
6301,_tigfCJFLZg_00328,22,0,282,FALSE
6302,_tigfCJFLZg_00386,22,0,66,TRUE
6303,_tigfCJFLZg_00387,22,0,162,FALSE
6304,_tigfCJFLZg_00388,22,0,117,FALSE
6305,_tigfCJFLZg_00398,22,0,94,TRUE
6306,_tigfCJFLZg_00399,22,0,45,TRUE
6307,_tigfCJFLZg_00400,22,0,90,TRUE
6308,_tigfCJFLZg_00401,22,0,102,TRUE
6309,_tigfCJFLZg_00447,22,0,136,TRUE
6310,_tigfCJFLZg_00448,22,0,160,FALSE
6311,_tigfCJFLZg_00449,22,0,98,FALSE
6312,_tigfCJFLZg_00480,22,0,114,TRUE
6313,_tigfCJFLZg_00481,22,0,168,TRUE
6314,_tigfCJFLZg_00482,22,0,135,TRUE
6315,_tigfCJFLZg_00486,22,0,114,TRUE
6316,_tigfCJFLZg_00487,22,0,200,FALSE
6317,_tigfCJFLZg_00488,22,0,111,FALSE
6318,_tigfCJFLZg_00489,22,0,69,TRUE
6319,_tigfCJFLZg_00490,22,0,169,TRUE
6320,_tigfCJFLZg_00491,22,0,92,TRUE
6321,_tigfCJFLZg_00499,22,0,103,TRUE
6322,_tigfCJFLZg_00500,22,0,167,TRUE
6323,_tigfCJFLZg_00501,22,0,121,FALSE
6324,_tigfCJFLZg_00515,22,0,82,FALSE
6325,_tigfCJFLZg_00516,22,0,162,TRUE
6326,_tigfCJFLZg_00517,22,0,91,FALSE
6327,_tigfCJFLZg_00521,22,0,126,TRUE
6328,_tigfCJFLZg_00522,22,0,160,TRUE
6329,_tigfCJFLZg_00523,22,0,96,FALSE
6330,c7FHotPDZIw_00087,22,0,107,TRUE
6331,ddV_Cpszpls_00078,22,0,176,FALSE
6332,ddV_Cpszpls_00128,22,0,155,FALSE
6333,ddV_Cpszpls_00138,22,0,57,TRUE
6334,ddV_Cpszpls_00139,22,0,160,TRUE
6335,ddV_Cpszpls_00140,22,0,142,FALSE
6336,ddV_Cpszpls_00200,22,0,175,TRUE
6337,k1F4LHeYhBs_00231,22,0,179,TRUE
6338,k1F4LHeYhBs_00249,22,0,134,FALSE
6339,k1F4LHeYhBs_00250,22,0,258,FALSE
6340,k1F4LHeYhBs_00251,22,0,259,FALSE
6341,k1F4LHeYhBs_00255,22,0,203,FALSE
6342,kVT_sNgYBAE_00004,22,0,109,TRUE
6343,kVT_sNgYBAE_00005,22,0,259,FALSE
6344,kVT_sNgYBAE_00006,22,0,87,TRUE
6345,kVT_sNgYBAE_00007,22,0,235,FALSE
6346,kVT_sNgYBAE_00046,22,0,91,TRUE
6347,kVT_sNgYBAE_00047,22,0,272,FALSE
6348,kVT_sNgYBAE_00048,22,0,43,FALSE
6349,kVT_sNgYBAE_00049,22,0,145,TRUE
6350,kVT_sNgYBAE_00059,22,0,44,TRUE
6351,kVT_sNgYBAE_00060,22,0,59,TRUE
6352,kVT_sNgYBAE_00061,22,0,126,TRUE
6353,kVT_sNgYBAE_00063,22,0,84,TRUE
6354,kVT_sNgYBAE_00064,22,0,199,FALSE
6355,kVT_sNgYBAE_00077,22,0,51,FALSE
6356,kVT_sNgYBAE_00078,22,0,188,FALSE
6357,kVT_sNgYBAE_00079,22,0,82,TRUE
6358,kVT_sNgYBAE_00080,22,0,138,TRUE
6359,kVT_sNgYBAE_00082,22,0,303,FALSE
6360,kVT_sNgYBAE_00101,22,0,100,FALSE
6361,kVT_sNgYBAE_00102,22,0,288,FALSE
6362,kVT_sNgYBAE_00103,22,0,49,FALSE
6363,kVT_sNgYBAE_00104,22,0,108,TRUE
6364,l6ZoMjD1UtA_00007,22,0,62,TRUE
6365,l6ZoMjD1UtA_00008,22,0,137,TRUE
6366,l6ZoMjD1UtA_00009,22,0,166,TRUE
6367,l6ZoMjD1UtA_00017,22,0,156,TRUE
6368,l6ZoMjD1UtA_00018,22,0,183,FALSE
6369,l6ZoMjD1UtA_00019,22,0,261,FALSE
6370,l6ZoMjD1UtA_00057,22,0,96,TRUE
6371,l6ZoMjD1UtA_00058,22,0,118,FALSE
6372,l6ZoMjD1UtA_00059,22,0,194,FALSE
6373,l6ZoMjD1UtA_00096,22,0,62,TRUE
6374,l6ZoMjD1UtA_00097,22,0,65,TRUE
6375,l6ZoMjD1UtA_00098,22,0,116,TRUE
6376,l6ZoMjD1UtA_00099,22,0,160,TRUE
6377,l6ZoMjD1UtA_00103,22,0,95,TRUE
6378,l6ZoMjD1UtA_00104,22,0,141,TRUE
6379,l6ZoMjD1UtA_00105,22,0,190,FALSE
6380,l6ZoMjD1UtA_00106,22,0,106,TRUE
6381,l6ZoMjD1UtA_00107,22,0,164,FALSE
6382,l6ZoMjD1UtA_00108,22,0,185,FALSE
6383,l6ZoMjD1UtA_00133,22,0,53,FALSE
6384,l6ZoMjD1UtA_00134,22,0,101,FALSE
6385,l6ZoMjD1UtA_00135,22,0,187,FALSE
6386,l6ZoMjD1UtA_00148,22,0,67,TRUE
6387,l6ZoMjD1UtA_00149,22,0,130,TRUE
6388,l6ZoMjD1UtA_00150,22,0,195,FALSE
6389,l6ZoMjD1UtA_00157,22,0,98,TRUE
6390,l6ZoMjD1UtA_00158,22,0,153,FALSE
6391,l6ZoMjD1UtA_00159,22,0,219,FALSE
6392,mGbuP7nT2ck_00034,22,0,69,TRUE
6393,mGbuP7nT2ck_00035,22,0,131,TRUE
6394,mGbuP7nT2ck_00098,22,0,74,TRUE
6395,mGbuP7nT2ck_00099,22,0,117,TRUE
6396,mGbuP7nT2ck_00104,22,0,89,TRUE
6397,mGbuP7nT2ck_00105,22,0,103,TRUE
6398,mGbuP7nT2ck_00116,22,0,61,TRUE
6399,mGbuP7nT2ck_00117,22,0,112,FALSE
6400,mGbuP7nT2ck_00118,22,0,96,TRUE
6401,mGbuP7nT2ck_00119,22,0,103,FALSE
6402,mGbuP7nT2ck_00120,22,0,59,TRUE
6403,mGbuP7nT2ck_00121,22,0,103,FALSE
6404,nOlRwoxsDJ0_00885,22,0,278,FALSE
6405,nOlRwoxsDJ0_00892,22,0,132,FALSE
6406,nOlRwoxsDJ0_00893,22,0,246,FALSE
6407,sk8TafuB3lU_00499,22,0,137,TRUE
6408,sk8TafuB3lU_01136,22,0,158,FALSE
6409,vlfy4cny75s_00056,22,0,112,TRUE
6410,vlfy4cny75s_00057,22,0,176,TRUE
6411,vlfy4cny75s_00105,22,0,86,FALSE
6412,vlfy4cny75s_00106,22,0,144,TRUE
6413,vlfy4cny75s_00107,22,0,172,TRUE
6414,vlfy4cny75s_00108,22,0,61,TRUE
6415,vlfy4cny75s_00109,22,0,102,TRUE
6416,vlfy4cny75s_00111,22,0,83,TRUE
6417,vlfy4cny75s_00112,22,0,142,TRUE
6418,vlfy4cny75s_00113,22,0,243,FALSE
6419,vlfy4cny75s_00123,22,0,133,TRUE
6420,xbQCwTHcGN8_00040,22,0,157,TRUE
6421,xbQCwTHcGN8_00041,22,0,179,FALSE
6422,xbQCwTHcGN8_00042,22,0,278,FALSE
6423,xbQCwTHcGN8_00076,22,0,151,TRUE
6424,xbQCwTHcGN8_00077,22,0,160,TRUE
6425,xbQCwTHcGN8_00078,22,0,176,FALSE
6426,xbQCwTHcGN8_00079,22,0,110,TRUE
6427,xbQCwTHcGN8_00080,22,0,172,TRUE
6428,xbQCwTHcGN8_00085,22,0,87,TRUE
6429,xbQCwTHcGN8_00086,22,0,195,FALSE
6430,xbQCwTHcGN8_00087,22,0,126,FALSE
6431,xbQCwTHcGN8_00103,22,0,94,TRUE
6432,xbQCwTHcGN8_00104,22,0,166,TRUE
6433,xbQCwTHcGN8_00105,22,0,191,FALSE
6434,xbQCwTHcGN8_00121,22,0,97,TRUE
6435,xbQCwTHcGN8_00122,22,0,148,TRUE
6436,xbQCwTHcGN8_00123,22,0,242,FALSE
6437,xbQCwTHcGN8_00142,22,0,154,TRUE
6438,xbQCwTHcGN8_00143,22,0,167,TRUE
6439,xbQCwTHcGN8_00144,22,0,114,FALSE
6440,xbQCwTHcGN8_00151,22,0,107,TRUE
6441,xbQCwTHcGN8_00152,22,0,167,TRUE
6442,xbQCwTHcGN8_00154,22,0,132,FALSE
6443,xbQCwTHcGN8_00164,22,0,130,TRUE
6444,xbQCwTHcGN8_00165,22,0,180,FALSE
6445,xbQCwTHcGN8_00166,22,0,227,FALSE
6446,xbQCwTHcGN8_00170,22,0,65,TRUE
6447,xbQCwTHcGN8_00171,22,0,153,FALSE
6448,xbQCwTHcGN8_00172,22,0,90,TRUE
6449,xbQCwTHcGN8_00217,22,0,81,TRUE
6450,xbQCwTHcGN8_00218,22,0,142,FALSE
6451,xbQCwTHcGN8_00219,22,0,109,FALSE
6452,xbQCwTHcGN8_00223,22,0,94,TRUE
6453,xbQCwTHcGN8_00224,22,0,167,TRUE
6454,xbQCwTHcGN8_00225,22,0,135,FALSE
6455,xbQCwTHcGN8_00238,22,0,69,FALSE
6456,xbQCwTHcGN8_00239,22,0,121,FALSE
6457,xbQCwTHcGN8_00240,22,0,137,TRUE
6458,xbQCwTHcGN8_00284,22,0,166,TRUE
6459,xbQCwTHcGN8_00285,22,0,172,TRUE
6460,xbQCwTHcGN8_00286,22,0,226,FALSE
6461,xbQCwTHcGN8_00291,22,0,79,TRUE
6462,xbQCwTHcGN8_00292,22,0,161,TRUE
6463,xbQCwTHcGN8_00293,22,0,172,TRUE
6464,xbQCwTHcGN8_00303,22,0,118,TRUE
6465,xbQCwTHcGN8_00304,22,0,165,TRUE
6466,xbQCwTHcGN8_00305,22,0,229,FALSE
6467,xbQCwTHcGN8_00312,22,0,111,TRUE
6468,xbQCwTHcGN8_00313,22,0,194,FALSE
6469,xbQCwTHcGN8_00314,22,0,141,TRUE
6470,xbQCwTHcGN8_00318,22,0,100,TRUE
6471,xbQCwTHcGN8_00319,22,0,135,TRUE
6472,xbQCwTHcGN8_00320,22,0,214,FALSE
6473,3PLiUG_DuC8_00061,23,0,56,TRUE
6474,3PLiUG_DuC8_00062,23,0,160,TRUE
6475,3PLiUG_DuC8_00063,23,0,109,FALSE
6476,3PLiUG_DuC8_00081,23,0,242,FALSE
6477,3PLiUG_DuC8_00082,23,0,200,FALSE
6478,3PLiUG_DuC8_00083,23,0,138,FALSE
6479,3PLiUG_DuC8_00220,23,0,131,TRUE
6480,3PLiUG_DuC8_00221,23,0,167,TRUE
6481,3PLiUG_DuC8_00222,23,0,125,TRUE
6482,3PLiUG_DuC8_00223,23,0,140,TRUE
6483,3PLiUG_DuC8_00236,23,0,124,TRUE
6484,3PLiUG_DuC8_00237,23,0,217,FALSE
6485,3PLiUG_DuC8_00238,23,0,145,FALSE
6486,3PLiUG_DuC8_00283,23,0,80,TRUE
6487,3PLiUG_DuC8_00284,23,0,219,FALSE
6488,3PLiUG_DuC8_00285,23,0,142,FALSE
6489,5V-dKBtmKLI_00076,23,0,46,FALSE
6490,5V-dKBtmKLI_00077,23,0,138,TRUE
6491,9BC6ssCjyfg_00162,23,0,95,FALSE
6492,9BC6ssCjyfg_00163,23,0,187,FALSE
6493,9BC6ssCjyfg_00164,23,0,205,FALSE
6494,Bb0ZiYVNtDs_00092,23,0,63,TRUE
6495,Bb0ZiYVNtDs_00094,23,0,163,TRUE
6496,Bb0ZiYVNtDs_00095,23,0,215,FALSE
6497,Bb0ZiYVNtDs_00180,23,0,68,TRUE
6498,Bb0ZiYVNtDs_00181,23,0,109,TRUE
6499,Bb0ZiYVNtDs_00182,23,0,180,FALSE
6500,V5parOfpuEQ_00282,23,0,303,FALSE
6501,Y4ARBzok9aU_00177,23,0,106,TRUE
6502,_tigfCJFLZg_00402,23,0,71,FALSE
6503,_tigfCJFLZg_00403,23,0,157,TRUE
6504,_tigfCJFLZg_00404,23,0,87,FALSE
6505,_tigfCJFLZg_00405,23,0,109,TRUE
6506,_tigfCJFLZg_00453,23,0,196,FALSE
6507,_tigfCJFLZg_00454,23,0,162,TRUE
6508,_tigfCJFLZg_00455,23,0,271,FALSE
6509,_tigfCJFLZg_00483,23,0,112,FALSE
6510,_tigfCJFLZg_00484,23,0,138,TRUE
6511,_tigfCJFLZg_00485,23,0,163,TRUE
6512,cYkUl8MrXgA_00493,23,0,113,TRUE
6513,kVT_sNgYBAE_00067,23,0,57,TRUE
6514,kVT_sNgYBAE_00068,23,0,188,FALSE
6515,l6ZoMjD1UtA_00109,23,0,86,FALSE
6516,l6ZoMjD1UtA_00110,23,0,141,TRUE
6517,l6ZoMjD1UtA_00111,23,0,142,FALSE
6518,l6ZoMjD1UtA_00112,23,0,194,FALSE
6519,mGbuP7nT2ck_00112,23,0,122,FALSE
6520,mGbuP7nT2ck_00113,23,0,133,FALSE
6521,xbQCwTHcGN8_00271,23,0,112,TRUE
6522,xbQCwTHcGN8_00272,23,0,170,TRUE
6523,xbQCwTHcGN8_00273,23,0,370,FALSE
6524,xbQCwTHcGN8_00294,23,0,91,TRUE
6525,xbQCwTHcGN8_00295,23,0,125,FALSE
6526,xbQCwTHcGN8_00296,23,0,142,TRUE
6527,xbQCwTHcGN8_00321,23,0,113,TRUE
6528,xbQCwTHcGN8_00322,23,0,173,TRUE
6529,xbQCwTHcGN8_00323,23,0,123,FALSE
6530,#NAME?,24,0,131,TRUE
6531,#NAME?,24,0,108,TRUE
6532,#NAME?,24,0,138,FALSE
6533,#NAME?,24,0,45,FALSE
6534,#NAME?,24,0,124,TRUE
6535,#NAME?,24,0,42,FALSE
6536,#NAME?,24,0,53,FALSE
6537,#NAME?,24,0,116,TRUE
6538,#NAME?,24,0,56,TRUE
6539,#NAME?,24,0,72,TRUE
6540,#NAME?,24,0,77,FALSE
6541,#NAME?,24,0,90,TRUE
6542,#NAME?,24,0,92,FALSE
6543,#NAME?,24,0,83,FALSE
6544,#NAME?,24,0,153,FALSE
6545,#NAME?,24,0,99,TRUE
6546,#NAME?,24,0,46,FALSE
6547,#NAME?,24,0,52,FALSE
6548,#NAME?,24,0,93,TRUE
6549,#NAME?,24,0,78,FALSE
6550,#NAME?,24,0,62,FALSE
6551,#NAME?,24,0,67,FALSE
6552,#NAME?,24,0,122,TRUE
6553,#NAME?,24,0,67,FALSE
6554,#NAME?,24,0,86,TRUE
6555,#NAME?,24,0,122,TRUE
6556,#NAME?,24,0,92,FALSE
6557,#NAME?,24,0,96,TRUE
6558,#NAME?,24,0,133,FALSE
6559,3N1kUtqJ25A_00012,24,0,104,FALSE
6560,3N1kUtqJ25A_00013,24,0,226,FALSE
6561,3N1kUtqJ25A_00014,24,0,191,FALSE
6562,3PLiUG_DuC8_00193,24,0,50,FALSE
6563,3PLiUG_DuC8_00315,24,0,51,TRUE
6564,3qq031609lA_00017,24,0,111,TRUE
6565,3qq031609lA_00018,24,0,103,FALSE
6566,3qq031609lA_00021,24,0,92,TRUE
6567,5i1begTTucc_00031,24,0,71,TRUE
6568,5i1begTTucc_00032,24,0,114,TRUE
6569,5i1begTTucc_00052,24,0,90,TRUE
6570,5i1begTTucc_00053,24,0,107,TRUE
6571,9BC6ssCjyfg_00065,24,0,179,TRUE
6572,9jZYYtzYqwE_00045,24,0,138,TRUE
6573,9jZYYtzYqwE_00046,24,0,130,TRUE
6574,9jZYYtzYqwE_00051,24,0,166,FALSE
6575,9jZYYtzYqwE_00052,24,0,302,FALSE
6576,9jZYYtzYqwE_00059,24,0,79,TRUE
6577,9jZYYtzYqwE_00060,24,0,135,TRUE
6578,D8YKHC5hmUs_00170,24,0,63,TRUE
6579,D8YKHC5hmUs_00171,24,0,107,TRUE
6580,D8YKHC5hmUs_00172,24,0,65,TRUE
6581,D8YKHC5hmUs_00173,24,0,93,TRUE
6582,D8YKHC5hmUs_00184,24,0,248,FALSE
6583,D8YKHC5hmUs_00185,24,0,148,TRUE
6584,D8YKHC5hmUs_00190,24,0,63,TRUE
6585,D8YKHC5hmUs_00191,24,0,111,TRUE
6586,D8YKHC5hmUs_00192,24,0,63,FALSE
6587,D8YKHC5hmUs_00193,24,0,110,TRUE
6588,D8YKHC5hmUs_00198,24,0,52,FALSE
6589,D8YKHC5hmUs_00199,24,0,56,TRUE
6590,D8YKHC5hmUs_00200,24,0,90,TRUE
6591,D8YKHC5hmUs_00221,24,0,54,FALSE
6592,D8YKHC5hmUs_00222,24,0,103,TRUE
6593,D8YKHC5hmUs_00235,24,0,50,FALSE
6594,D8YKHC5hmUs_00261,24,0,251,FALSE
6595,D8YKHC5hmUs_00262,24,0,128,FALSE
6596,DB4lpBDPnTY_00003,24,0,134,FALSE
6597,DB4lpBDPnTY_00005,24,0,166,TRUE
6598,DB4lpBDPnTY_00007,24,0,105,TRUE
6599,JzOshOJgofw_00141,24,0,166,TRUE
6600,JzOshOJgofw_00142,24,0,150,TRUE
6601,JzOshOJgofw_00168,24,0,54,TRUE
6602,JzOshOJgofw_00169,24,0,85,TRUE
6603,JzOshOJgofw_00172,24,0,83,TRUE
6604,JzOshOJgofw_00173,24,0,83,TRUE
6605,JzOshOJgofw_00194,24,0,99,TRUE
6606,JzOshOJgofw_00195,24,0,114,TRUE
6607,OFxuiqI5G44_00062,24,0,278,FALSE
6608,OFxuiqI5G44_00063,24,0,227,FALSE
6609,OFxuiqI5G44_00064,24,0,230,FALSE
6610,OFxuiqI5G44_00284,24,0,294,FALSE
6611,OFxuiqI5G44_00285,24,0,240,FALSE
6612,OFxuiqI5G44_00286,24,0,252,FALSE
6613,OFxuiqI5G44_00372,24,0,151,TRUE
6614,OFxuiqI5G44_00373,24,0,203,FALSE
6615,OFxuiqI5G44_00374,24,0,217,FALSE
6616,OVzt2rsfMc0_00067,24,0,121,TRUE
6617,OVzt2rsfMc0_00068,24,0,193,FALSE
6618,OVzt2rsfMc0_00069,24,0,96,FALSE
6619,OVzt2rsfMc0_00085,24,0,69,TRUE
6620,OVzt2rsfMc0_00086,24,0,141,TRUE
6621,OVzt2rsfMc0_00160,24,0,70,TRUE
6622,OVzt2rsfMc0_00161,24,0,136,FALSE
6623,OVzt2rsfMc0_00162,24,0,83,FALSE
6624,OVzt2rsfMc0_00331,24,0,31,TRUE
6625,OVzt2rsfMc0_00332,24,0,93,FALSE
6626,OVzt2rsfMc0_00333,24,0,93,FALSE
6627,Q--70-ELqLw_00085,24,0,264,FALSE
6628,S9aCrmtAV8o_00004,24,0,180,FALSE
6629,S9aCrmtAV8o_00005,24,0,228,FALSE
6630,S9aCrmtAV8o_00007,24,0,199,FALSE
6631,S9aCrmtAV8o_00013,24,0,304,FALSE
6632,S9aCrmtAV8o_00014,24,0,276,FALSE
6633,S9aCrmtAV8o_00015,24,0,134,TRUE
6634,S9aCrmtAV8o_00016,24,0,221,FALSE
6635,S9aCrmtAV8o_00017,24,0,261,FALSE
6636,S9aCrmtAV8o_00018,24,0,253,FALSE
6637,S9aCrmtAV8o_00019,24,0,106,TRUE
6638,S9aCrmtAV8o_00020,24,0,211,FALSE
6639,S9aCrmtAV8o_00025,24,0,282,FALSE
6640,S9aCrmtAV8o_00026,24,0,275,FALSE
6641,S9aCrmtAV8o_00057,24,0,194,FALSE
6642,S9aCrmtAV8o_00058,24,0,184,FALSE
6643,S9aCrmtAV8o_00073,24,0,109,FALSE
6644,S9aCrmtAV8o_00074,24,0,215,FALSE
6645,S9aCrmtAV8o_00101,24,0,190,FALSE
6646,S9aCrmtAV8o_00102,24,0,240,FALSE
6647,VNvb5oLOpLg_00336,24,0,128,TRUE
6648,VNvb5oLOpLg_00337,24,0,210,FALSE
6649,VNvb5oLOpLg_00368,24,0,107,TRUE
6650,VNvb5oLOpLg_00369,24,0,192,FALSE
6651,VNvb5oLOpLg_00374,24,0,195,FALSE
6652,VNvb5oLOpLg_00375,24,0,256,FALSE
6653,VNvb5oLOpLg_00378,24,0,224,FALSE
6654,VNvb5oLOpLg_00379,24,0,257,FALSE
6655,VNvb5oLOpLg_00425,24,0,218,FALSE
6656,VNvb5oLOpLg_00426,24,0,278,FALSE
6657,VNvb5oLOpLg_00427,24,0,300,FALSE
6658,VNvb5oLOpLg_00901,24,0,149,FALSE
6659,VNvb5oLOpLg_00902,24,0,151,FALSE
6660,VNvb5oLOpLg_00912,24,0,304,FALSE
6661,VNvb5oLOpLg_01055,24,0,260,FALSE
6662,Y4ARBzok9aU_00011,24,0,92,FALSE
6663,Y7QZcr24ye0_00322,24,0,271,FALSE
6664,Y7QZcr24ye0_00323,24,0,233,FALSE
6665,Y7QZcr24ye0_00326,24,0,151,TRUE
6666,Y7QZcr24ye0_00327,24,0,190,FALSE
6667,Y7QZcr24ye0_00336,24,0,255,FALSE
6668,Y7QZcr24ye0_00337,24,0,248,FALSE
6669,Y7QZcr24ye0_00340,24,0,302,FALSE
6670,Y7QZcr24ye0_00341,24,0,220,FALSE
6671,Y7QZcr24ye0_00342,24,0,312,FALSE
6672,Y7QZcr24ye0_00343,24,0,259,FALSE
6673,Y7QZcr24ye0_00352,24,0,218,FALSE
6674,Y7QZcr24ye0_00353,24,0,186,FALSE
6675,Y7QZcr24ye0_00358,24,0,202,FALSE
6676,Y7QZcr24ye0_00359,24,0,237,FALSE
6677,Y7QZcr24ye0_00362,24,0,310,FALSE
6678,Y7QZcr24ye0_00363,24,0,191,FALSE
6679,Y7QZcr24ye0_00364,24,0,282,FALSE
6680,Y7QZcr24ye0_00365,24,0,233,FALSE
6681,Y7QZcr24ye0_00371,24,0,229,FALSE
6682,Y7QZcr24ye0_00372,24,0,204,FALSE
6683,Y7QZcr24ye0_00379,24,0,185,FALSE
6684,Y7QZcr24ye0_00380,24,0,204,FALSE
6685,Y7QZcr24ye0_00387,24,0,207,FALSE
6686,Y7QZcr24ye0_00388,24,0,197,FALSE
6687,Y7QZcr24ye0_00399,24,0,238,FALSE
6688,Y7QZcr24ye0_00400,24,0,245,FALSE
6689,Y7QZcr24ye0_00401,24,0,191,FALSE
6690,Y7QZcr24ye0_00402,24,0,184,FALSE
6691,Y7QZcr24ye0_00411,24,0,423,FALSE
6692,Y7QZcr24ye0_00412,24,0,228,FALSE
6693,Y7QZcr24ye0_00417,24,0,249,FALSE
6694,Y7QZcr24ye0_00418,24,0,198,FALSE
6695,Y7QZcr24ye0_00421,24,0,178,FALSE
6696,Y7QZcr24ye0_00422,24,0,166,FALSE
6697,Y7QZcr24ye0_00427,24,0,157,FALSE
6698,Y7QZcr24ye0_00428,24,0,206,FALSE
6699,Y7QZcr24ye0_00435,24,0,204,FALSE
6700,Y7QZcr24ye0_00436,24,0,197,FALSE
6701,Y7QZcr24ye0_00441,24,0,170,TRUE
6702,Y7QZcr24ye0_00442,24,0,217,FALSE
6703,Y7QZcr24ye0_00447,24,0,262,FALSE
6704,Y7QZcr24ye0_00448,24,0,207,FALSE
6705,Y7QZcr24ye0_00449,24,0,197,FALSE
6706,Y7QZcr24ye0_00450,24,0,204,FALSE
6707,Y7QZcr24ye0_00451,24,0,80,TRUE
6708,Y7QZcr24ye0_00452,24,0,120,FALSE
6709,Y7QZcr24ye0_00453,24,0,185,FALSE
6710,Y7QZcr24ye0_00472,24,0,317,FALSE
6711,Y7QZcr24ye0_00473,24,0,217,FALSE
6712,Y7QZcr24ye0_00501,24,0,218,FALSE
6713,Y7QZcr24ye0_00510,24,0,288,FALSE
6714,Y7QZcr24ye0_00511,24,0,225,FALSE
6715,Y7QZcr24ye0_00527,24,0,294,FALSE
6716,Y7QZcr24ye0_00528,24,0,244,FALSE
6717,Y7QZcr24ye0_00529,24,0,111,TRUE
6718,Y7QZcr24ye0_00530,24,0,204,FALSE
6719,Y7QZcr24ye0_00547,24,0,154,TRUE
6720,Y7QZcr24ye0_00548,24,0,205,FALSE
6721,Y7QZcr24ye0_00555,24,0,157,TRUE
6722,Y7QZcr24ye0_00556,24,0,169,TRUE
6723,Y7QZcr24ye0_00572,24,0,357,FALSE
6724,Y7QZcr24ye0_00573,24,0,244,FALSE
6725,Y7QZcr24ye0_00909,24,0,151,FALSE
6726,Y7QZcr24ye0_00910,24,0,264,FALSE
6727,Y7QZcr24ye0_00986,24,0,192,FALSE
6728,Y7QZcr24ye0_00987,24,0,229,FALSE
6729,Y7QZcr24ye0_00988,24,0,224,FALSE
6730,ZAmJsIcfFOA_00023,24,0,113,FALSE
6731,_8Vy3dlHg2w_00000,24,0,75,FALSE
6732,_8Vy3dlHg2w_00001,24,0,87,TRUE
6733,_8Vy3dlHg2w_00003,24,0,94,TRUE
6734,_8Vy3dlHg2w_00004,24,0,86,TRUE
6735,_8Vy3dlHg2w_00012,24,0,64,TRUE
6736,_8Vy3dlHg2w_00013,24,0,55,FALSE
6737,_8Vy3dlHg2w_00021,24,0,49,FALSE
6738,_8Vy3dlHg2w_00022,24,0,66,TRUE
6739,_8Vy3dlHg2w_00024,24,0,86,FALSE
6740,_8Vy3dlHg2w_00025,24,0,67,FALSE
6741,_8Vy3dlHg2w_00026,24,0,81,TRUE
6742,_8Vy3dlHg2w_00027,24,0,59,TRUE
6743,_8Vy3dlHg2w_00028,24,0,87,FALSE
6744,_8Vy3dlHg2w_00030,24,0,60,FALSE
6745,_8Vy3dlHg2w_00031,24,0,102,FALSE
6746,_8Vy3dlHg2w_00032,24,0,126,FALSE
6747,_8Vy3dlHg2w_00054,24,0,101,FALSE
6748,_8Vy3dlHg2w_00055,24,0,89,TRUE
6749,_8Vy3dlHg2w_00056,24,0,109,FALSE
6750,_8Vy3dlHg2w_00059,24,0,59,TRUE
6751,_8Vy3dlHg2w_00137,24,0,87,FALSE
6752,_8Vy3dlHg2w_00186,24,0,44,FALSE
6753,_8Vy3dlHg2w_00187,24,0,80,FALSE
6754,_8Vy3dlHg2w_00188,24,0,111,FALSE
6755,_tigfCJFLZg_00112,24,0,98,TRUE
6756,_tigfCJFLZg_00113,24,0,149,TRUE
6757,eN8umEok9U8_00112,24,0,79,TRUE
6758,eN8umEok9U8_00113,24,0,79,TRUE
6759,eN8umEok9U8_00134,24,0,71,FALSE
6760,eN8umEok9U8_00135,24,0,114,FALSE
6761,eN8umEok9U8_00138,24,0,127,TRUE
6762,eN8umEok9U8_00139,24,0,123,FALSE
6763,eN8umEok9U8_00148,24,0,161,TRUE
6764,eN8umEok9U8_00161,24,0,109,TRUE
6765,eN8umEok9U8_00162,24,0,121,TRUE
6766,eN8umEok9U8_00167,24,0,141,TRUE
6767,eN8umEok9U8_00168,24,0,119,TRUE
6768,eN8umEok9U8_00183,24,0,154,TRUE
6769,eN8umEok9U8_00184,24,0,127,FALSE
6770,eN8umEok9U8_00198,24,0,75,TRUE
6771,eN8umEok9U8_00199,24,0,114,TRUE
6772,eN8umEok9U8_00202,24,0,104,TRUE
6773,eN8umEok9U8_00203,24,0,167,TRUE
6774,fB1Pc3CylrQ_00010,24,0,64,TRUE
6775,fB1Pc3CylrQ_00011,24,0,114,TRUE
6776,fohMq9tOn6E_00068,24,0,61,FALSE
6777,fohMq9tOn6E_00069,24,0,101,FALSE
6778,fohMq9tOn6E_00084,24,0,116,FALSE
6779,fohMq9tOn6E_00087,24,0,105,FALSE
6780,fohMq9tOn6E_00088,24,0,167,FALSE
6781,fohMq9tOn6E_00091,24,0,53,TRUE
6782,fohMq9tOn6E_00092,24,0,83,TRUE
6783,iv0Gu1VXAgc_00015,24,0,155,TRUE
6784,iv0Gu1VXAgc_00016,24,0,135,FALSE
6785,iv0Gu1VXAgc_00017,24,0,171,TRUE
6786,iv0Gu1VXAgc_00027,24,0,97,FALSE
6787,iv0Gu1VXAgc_00028,24,0,101,FALSE
6788,iv0Gu1VXAgc_00029,24,0,177,TRUE
6789,iv0Gu1VXAgc_00057,24,0,78,FALSE
6790,iv0Gu1VXAgc_00058,24,0,97,FALSE
6791,iv0Gu1VXAgc_00059,24,0,153,FALSE
6792,iv0Gu1VXAgc_00165,24,0,49,TRUE
6793,iv0Gu1VXAgc_00166,24,0,52,FALSE
6794,iv0Gu1VXAgc_00167,24,0,81,FALSE
6795,iv0Gu1VXAgc_00168,24,0,152,TRUE
6796,iv0Gu1VXAgc_00182,24,0,51,FALSE
6797,iv0Gu1VXAgc_00183,24,0,258,FALSE
6798,iv0Gu1VXAgc_00184,24,0,105,FALSE
6799,iv0Gu1VXAgc_00185,24,0,179,TRUE
6800,iv0Gu1VXAgc_00228,24,0,83,FALSE
6801,iv0Gu1VXAgc_00229,24,0,96,FALSE
6802,iv0Gu1VXAgc_00230,24,0,104,FALSE
6803,iv0Gu1VXAgc_00231,24,0,118,FALSE
6804,iv0Gu1VXAgc_00232,24,0,151,TRUE
6805,iv0Gu1VXAgc_00233,24,0,185,FALSE
6806,j4gvbjifw14_00007,24,0,111,FALSE
6807,j4gvbjifw14_00008,24,0,137,FALSE
6808,j4gvbjifw14_00009,24,0,96,TRUE
6809,j4gvbjifw14_00022,24,0,47,FALSE
6810,j4gvbjifw14_00023,24,0,119,FALSE
6811,j4gvbjifw14_00024,24,0,51,FALSE
6812,j4gvbjifw14_00025,24,0,72,FALSE
6813,j4gvbjifw14_00026,24,0,82,FALSE
6814,j4gvbjifw14_00027,24,0,130,FALSE
6815,j4gvbjifw14_00028,24,0,68,FALSE
6816,j4gvbjifw14_00029,24,0,103,TRUE
6817,j4gvbjifw14_00030,24,0,147,FALSE
6818,j4gvbjifw14_00031,24,0,84,FALSE
6819,j4gvbjifw14_00032,24,0,44,FALSE
6820,j4gvbjifw14_00088,24,0,92,FALSE
6821,j4gvbjifw14_00089,24,0,155,FALSE
6822,j4gvbjifw14_00090,24,0,83,FALSE
6823,j4gvbjifw14_00091,24,0,110,FALSE
6824,j4gvbjifw14_00092,24,0,140,TRUE
6825,j4gvbjifw14_00093,24,0,87,FALSE
6826,j4gvbjifw14_00094,24,0,124,FALSE
6827,j4gvbjifw14_00095,24,0,168,TRUE
6828,j4gvbjifw14_00096,24,0,104,TRUE
6829,j4gvbjifw14_00097,24,0,29,FALSE
6830,j4gvbjifw14_00098,24,0,157,FALSE
6831,j4gvbjifw14_00099,24,0,99,FALSE
6832,j4gvbjifw14_00122,24,0,99,TRUE
6833,j4gvbjifw14_00123,24,0,162,FALSE
6834,j4gvbjifw14_00124,24,0,101,FALSE
6835,j4gvbjifw14_00178,24,0,69,FALSE
6836,j4gvbjifw14_00179,24,0,126,TRUE
6837,j4gvbjifw14_00180,24,0,65,FALSE
6838,mGbuP7nT2ck_00126,24,0,81,TRUE
6839,mGbuP7nT2ck_00127,24,0,108,TRUE
6840,mGbuP7nT2ck_00128,24,0,84,FALSE
6841,mGbuP7nT2ck_00129,24,0,130,TRUE
6842,mGbuP7nT2ck_00132,24,0,101,TRUE
6843,mGbuP7nT2ck_00133,24,0,122,TRUE
6844,mGbuP7nT2ck_00134,24,0,48,FALSE
6845,mGbuP7nT2ck_00135,24,0,106,TRUE
6846,mGbuP7nT2ck_00136,24,0,84,FALSE
6847,mGbuP7nT2ck_00137,24,0,132,TRUE
6848,mGbuP7nT2ck_00138,24,0,99,TRUE
6849,mGbuP7nT2ck_00139,24,0,126,TRUE
6850,mGbuP7nT2ck_00146,24,0,71,TRUE
6851,mGbuP7nT2ck_00147,24,0,93,TRUE
6852,mGbuP7nT2ck_00148,24,0,96,TRUE
6853,mGbuP7nT2ck_00161,24,0,47,TRUE
6854,mGbuP7nT2ck_00162,24,0,97,FALSE
6855,mGbuP7nT2ck_00163,24,0,82,FALSE
6856,mGbuP7nT2ck_00164,24,0,140,TRUE
6857,mGbuP7nT2ck_00175,24,0,115,TRUE
6858,mGbuP7nT2ck_00176,24,0,112,TRUE
6859,nOlRwoxsDJ0_00288,24,0,101,TRUE
6860,nOlRwoxsDJ0_00289,24,0,199,FALSE
6861,nOlRwoxsDJ0_00322,24,0,289,FALSE
6862,nOlRwoxsDJ0_00323,24,0,226,FALSE
6863,nOlRwoxsDJ0_00338,24,0,189,FALSE
6864,nOlRwoxsDJ0_00339,24,0,247,FALSE
6865,nOlRwoxsDJ0_00340,24,0,195,FALSE
6866,nOlRwoxsDJ0_00341,24,0,232,FALSE
6867,nOlRwoxsDJ0_00348,24,0,212,FALSE
6868,nOlRwoxsDJ0_00349,24,0,251,FALSE
6869,nOlRwoxsDJ0_00354,24,0,121,TRUE
6870,nOlRwoxsDJ0_00355,24,0,181,FALSE
6871,nOlRwoxsDJ0_00358,24,0,295,FALSE
6872,nOlRwoxsDJ0_00359,24,0,222,FALSE
6873,nOlRwoxsDJ0_00366,24,0,211,FALSE
6874,nOlRwoxsDJ0_00367,24,0,172,FALSE
6875,nOlRwoxsDJ0_00418,24,0,195,FALSE
6876,nOlRwoxsDJ0_00419,24,0,199,FALSE
6877,nOlRwoxsDJ0_00803,24,0,227,FALSE
6878,nOlRwoxsDJ0_00899,24,0,279,FALSE
6879,siEI_jaSmd4_00017,24,0,119,FALSE
6880,siEI_jaSmd4_00063,24,0,181,FALSE
6881,siEI_jaSmd4_00071,24,0,73,TRUE
6882,siEI_jaSmd4_00080,24,0,53,TRUE
6883,siEI_jaSmd4_00085,24,0,69,FALSE
6884,siEI_jaSmd4_00089,24,0,112,TRUE
6885,siEI_jaSmd4_00095,24,0,158,TRUE
6886,sk8TafuB3lU_00332,24,0,207,FALSE
6887,sk8TafuB3lU_00333,24,0,235,FALSE
6888,sk8TafuB3lU_00339,24,0,212,FALSE
6889,sk8TafuB3lU_00340,24,0,215,FALSE
6890,sk8TafuB3lU_00341,24,0,182,FALSE
6891,sk8TafuB3lU_00342,24,0,237,FALSE
6892,sk8TafuB3lU_00343,24,0,120,TRUE
6893,sk8TafuB3lU_00344,24,0,200,FALSE
6894,sk8TafuB3lU_00349,24,0,105,FALSE
6895,sk8TafuB3lU_00350,24,0,220,FALSE
6896,sk8TafuB3lU_00363,24,0,240,FALSE
6897,sk8TafuB3lU_00364,24,0,245,FALSE
6898,sk8TafuB3lU_00381,24,0,202,FALSE
6899,sk8TafuB3lU_00382,24,0,312,FALSE
6900,sk8TafuB3lU_00383,24,0,254,FALSE
6901,sk8TafuB3lU_00384,24,0,236,FALSE
6902,sk8TafuB3lU_00385,24,0,144,FALSE
6903,sk8TafuB3lU_00386,24,0,214,FALSE
6904,sk8TafuB3lU_00389,24,0,152,FALSE
6905,sk8TafuB3lU_00390,24,0,240,FALSE
6906,sk8TafuB3lU_00391,24,0,174,FALSE
6907,sk8TafuB3lU_00392,24,0,213,FALSE
6908,sk8TafuB3lU_00393,24,0,146,TRUE
6909,sk8TafuB3lU_00394,24,0,227,FALSE
6910,sk8TafuB3lU_00395,24,0,164,TRUE
6911,sk8TafuB3lU_00396,24,0,238,FALSE
6912,sk8TafuB3lU_00413,24,0,285,FALSE
6913,sk8TafuB3lU_00414,24,0,260,FALSE
6914,sk8TafuB3lU_00418,24,0,255,FALSE
6915,sk8TafuB3lU_00423,24,0,255,FALSE
6916,sk8TafuB3lU_00424,24,0,206,FALSE
6917,sk8TafuB3lU_00433,24,0,134,TRUE
6918,sk8TafuB3lU_00434,24,0,236,FALSE
6919,sk8TafuB3lU_00501,24,0,264,FALSE
6920,sk8TafuB3lU_00502,24,0,266,FALSE
6921,sk8TafuB3lU_00946,24,0,185,FALSE
6922,sk8TafuB3lU_00947,24,0,229,FALSE
6923,sk8TafuB3lU_01065,24,0,213,FALSE
6924,sk8TafuB3lU_01066,24,0,247,FALSE
6925,sk8TafuB3lU_01067,24,0,207,FALSE
6926,uDESPUxbjnI_00058,24,0,68,TRUE
6927,uDESPUxbjnI_00059,24,0,92,FALSE
6928,uDESPUxbjnI_00060,24,0,150,TRUE
6929,uDESPUxbjnI_00061,24,0,97,TRUE
6930,uDESPUxbjnI_00062,24,0,91,FALSE
6931,uDESPUxbjnI_00063,24,0,133,FALSE
6932,uDESPUxbjnI_00064,24,0,73,TRUE
6933,uDESPUxbjnI_00066,24,0,150,TRUE
6934,uDESPUxbjnI_00091,24,0,92,TRUE
6935,uDESPUxbjnI_00092,24,0,137,TRUE
6936,uDESPUxbjnI_00093,24,0,170,TRUE
6937,uDESPUxbjnI_00189,24,0,126,TRUE
6938,uDESPUxbjnI_00190,24,0,105,FALSE
6939,uDESPUxbjnI_00191,24,0,152,TRUE
6940,uDESPUxbjnI_00192,24,0,97,FALSE
6941,uDESPUxbjnI_00193,24,0,98,FALSE
6942,uDESPUxbjnI_00194,24,0,142,FALSE
6943,zYHstCxnAPA_00159,24,0,173,FALSE
6944,zYHstCxnAPA_00176,24,0,418,FALSE
6945,zYHstCxnAPA_00177,24,0,303,FALSE
6946,zYHstCxnAPA_00180,24,0,139,FALSE
6947,zYHstCxnAPA_00181,24,0,211,FALSE
6948,zYHstCxnAPA_00188,24,0,306,FALSE
6949,zYHstCxnAPA_00189,24,0,554,FALSE
6950,zYHstCxnAPA_00190,24,0,407,FALSE
6951,zYHstCxnAPA_00191,24,0,252,FALSE
6952,zYHstCxnAPA_00196,24,0,148,TRUE
6953,zYHstCxnAPA_00197,24,0,221,FALSE
6954,zYHstCxnAPA_00202,24,0,374,FALSE
6955,zYHstCxnAPA_00203,24,0,271,FALSE
6956,zYHstCxnAPA_00204,24,0,223,FALSE
6957,zYHstCxnAPA_00205,24,0,218,FALSE
6958,zYHstCxnAPA_00210,24,0,281,FALSE
6959,zYHstCxnAPA_00211,24,0,214,FALSE
6960,zYHstCxnAPA_00214,24,0,281,FALSE
6961,zYHstCxnAPA_00215,24,0,270,FALSE
6962,zYHstCxnAPA_00216,24,0,162,TRUE
6963,zYHstCxnAPA_00217,24,0,260,FALSE
6964,zYHstCxnAPA_00222,24,0,90,FALSE
6965,zYHstCxnAPA_00223,24,0,201,FALSE
6966,zYHstCxnAPA_00240,24,0,242,FALSE
6967,zYHstCxnAPA_00241,24,0,254,FALSE
6968,zYHstCxnAPA_00246,24,0,200,FALSE
6969,zYHstCxnAPA_00247,24,0,220,FALSE
6970,zYHstCxnAPA_00252,24,0,107,TRUE
6971,zYHstCxnAPA_00253,24,0,212,FALSE
6972,zYHstCxnAPA_00254,24,0,162,FALSE
6973,zYHstCxnAPA_00255,24,0,245,FALSE
6974,zYHstCxnAPA_00260,24,0,244,FALSE
6975,zYHstCxnAPA_00261,24,0,224,FALSE
6976,zYHstCxnAPA_00278,24,0,139,TRUE
6977,zYHstCxnAPA_00279,24,0,183,FALSE
6978,zYHstCxnAPA_00280,24,0,110,FALSE
6979,zYHstCxnAPA_00282,24,0,435,FALSE
6980,zYHstCxnAPA_00283,24,0,276,FALSE
6981,zYHstCxnAPA_00314,24,0,87,FALSE
6982,zYHstCxnAPA_00315,24,0,199,FALSE
6983,zYHstCxnAPA_00326,24,0,117,FALSE
6984,zYHstCxnAPA_00327,24,0,200,FALSE
6985,zYHstCxnAPA_00343,24,0,244,FALSE
6986,zYHstCxnAPA_00344,24,0,235,FALSE
6987,zYHstCxnAPA_00354,24,0,110,FALSE
6988,zYHstCxnAPA_00355,24,0,220,FALSE
6989,zYHstCxnAPA_00574,24,0,136,TRUE
6990,zYHstCxnAPA_00575,24,0,190,FALSE
6991,zYHstCxnAPA_00588,24,0,121,FALSE
6992,zYHstCxnAPA_00589,24,0,276,FALSE
6993,zYHstCxnAPA_00590,24,0,133,FALSE
6994,zYHstCxnAPA_00591,24,0,315,FALSE
6995,zYHstCxnAPA_00600,24,0,234,FALSE
6996,zYHstCxnAPA_00601,24,0,266,FALSE
6997,zYHstCxnAPA_00604,24,0,151,TRUE
6998,zYHstCxnAPA_00605,24,0,508,FALSE
6999,zYHstCxnAPA_00608,24,0,143,FALSE
7000,zYHstCxnAPA_00609,24,0,271,FALSE
7001,zYHstCxnAPA_00619,24,0,249,FALSE
7002,zYHstCxnAPA_00620,24,0,305,FALSE
7003,zYHstCxnAPA_00627,24,0,99,FALSE
7004,zYHstCxnAPA_00628,24,0,195,FALSE
7005,zYHstCxnAPA_00629,24,0,158,TRUE
7006,zYHstCxnAPA_00630,24,0,249,FALSE
7007,zYHstCxnAPA_00631,24,0,153,TRUE
7008,zYHstCxnAPA_00632,24,0,301,FALSE
7009,zYHstCxnAPA_00637,24,0,137,TRUE
7010,zYHstCxnAPA_00638,24,0,233,FALSE
7011,zYHstCxnAPA_00671,24,0,134,FALSE
7012,zYHstCxnAPA_00672,24,0,304,FALSE
7013,zbAC7t15q3k_00103,24,0,84,TRUE
7014,9jZYYtzYqwE_00087,25,0,103,TRUE
7015,9jZYYtzYqwE_00088,25,0,196,FALSE
7016,D8YKHC5hmUs_00188,25,0,55,TRUE
7017,D8YKHC5hmUs_00189,25,0,113,TRUE
7018,D8YKHC5hmUs_00211,25,0,91,TRUE
7019,D8YKHC5hmUs_00212,25,0,160,TRUE
7020,D8YKHC5hmUs_00223,25,0,55,TRUE
7021,D8YKHC5hmUs_00224,25,0,85,TRUE
7022,D8YKHC5hmUs_00242,25,0,77,TRUE
7023,D8YKHC5hmUs_00243,25,0,111,TRUE
7024,D8YKHC5hmUs_00246,25,0,64,TRUE
7025,D8YKHC5hmUs_00247,25,0,95,FALSE
7026,D8YKHC5hmUs_00256,25,0,78,TRUE
7027,D8YKHC5hmUs_00257,25,0,161,FALSE
7028,D8YKHC5hmUs_00258,25,0,92,TRUE
7029,D8YKHC5hmUs_00260,25,0,108,TRUE
7030,S9aCrmtAV8o_00006,25,0,143,TRUE
7031,Y7QZcr24ye0_00324,25,0,155,FALSE
7032,Y7QZcr24ye0_00325,25,0,191,FALSE
7033,Y7QZcr24ye0_00413,25,0,134,TRUE
7034,Y7QZcr24ye0_00414,25,0,198,FALSE
7035,Y7QZcr24ye0_00962,25,0,189,FALSE
7036,Y7QZcr24ye0_00963,25,0,297,FALSE
7037,Y7QZcr24ye0_00964,25,0,298,FALSE
7038,eN8umEok9U8_00118,25,0,65,TRUE
7039,eN8umEok9U8_00119,25,0,83,TRUE
7040,eN8umEok9U8_00153,25,0,123,TRUE
7041,eN8umEok9U8_00154,25,0,99,TRUE
7042,fohMq9tOn6E_00062,25,0,58,TRUE
7043,fohMq9tOn6E_00063,25,0,109,TRUE
7044,fohMq9tOn6E_00066,25,0,136,FALSE
7045,fohMq9tOn6E_00067,25,0,112,TRUE
7046,fohMq9tOn6E_00089,25,0,61,TRUE
7047,fohMq9tOn6E_00090,25,0,92,TRUE
7048,fohMq9tOn6E_00101,25,0,69,FALSE
7049,fohMq9tOn6E_00102,25,0,78,TRUE
7050,fohMq9tOn6E_00116,25,0,225,FALSE
7051,fohMq9tOn6E_00117,25,0,153,TRUE
7052,nOlRwoxsDJ0_00410,25,0,175,TRUE
7053,nOlRwoxsDJ0_00411,25,0,211,FALSE
7054,zYHstCxnAPA_00178,25,0,203,FALSE
7055,zYHstCxnAPA_00179,25,0,188,FALSE
7056,zYHstCxnAPA_00182,25,0,217,FALSE
7057,zYHstCxnAPA_00183,25,0,224,FALSE
7058,zYHstCxnAPA_00212,25,0,228,FALSE
7059,zYHstCxnAPA_00213,25,0,264,FALSE
7060,2x00lRzlTVQ_00053,26,0,129,TRUE
7061,2x00lRzlTVQ_00054,26,0,213,FALSE
7062,2x00lRzlTVQ_00055,26,0,141,FALSE
7063,2x00lRzlTVQ_00062,26,0,116,TRUE
7064,2x00lRzlTVQ_00063,26,0,189,FALSE
7065,2x00lRzlTVQ_00064,26,0,101,TRUE
7066,3N1kUtqJ25A_00039,26,0,156,TRUE
7067,3N1kUtqJ25A_00040,26,0,207,FALSE
7068,3N1kUtqJ25A_00041,26,0,226,FALSE
7069,3N1kUtqJ25A_00045,26,0,215,FALSE
7070,3N1kUtqJ25A_00046,26,0,223,FALSE
7071,3N1kUtqJ25A_00047,26,0,247,FALSE
7072,3N1kUtqJ25A_00051,26,0,205,FALSE
7073,3N1kUtqJ25A_00052,26,0,248,FALSE
7074,3N1kUtqJ25A_00053,26,0,266,FALSE
7075,3N1kUtqJ25A_00054,26,0,337,FALSE
7076,3N1kUtqJ25A_00055,26,0,272,FALSE
7077,3N1kUtqJ25A_00056,26,0,230,FALSE
7078,3N1kUtqJ25A_00057,26,0,165,TRUE
7079,3N1kUtqJ25A_00058,26,0,224,FALSE
7080,3N1kUtqJ25A_00059,26,0,247,FALSE
7081,3N1kUtqJ25A_00063,26,0,205,FALSE
7082,3N1kUtqJ25A_00064,26,0,240,FALSE
7083,3N1kUtqJ25A_00065,26,0,205,FALSE
7084,3N1kUtqJ25A_00069,26,0,251,FALSE
7085,3N1kUtqJ25A_00070,26,0,260,FALSE
7086,3N1kUtqJ25A_00071,26,0,259,FALSE
7087,3N1kUtqJ25A_00142,26,0,147,FALSE
7088,3N1kUtqJ25A_00143,26,0,250,FALSE
7089,3N1kUtqJ25A_00144,26,0,277,FALSE
7090,3N1kUtqJ25A_00154,26,0,258,FALSE
7091,3N1kUtqJ25A_00155,26,0,257,FALSE
7092,3N1kUtqJ25A_00156,26,0,272,FALSE
7093,3N1kUtqJ25A_00160,26,0,135,FALSE
7094,3N1kUtqJ25A_00161,26,0,233,FALSE
7095,3N1kUtqJ25A_00162,26,0,227,FALSE
7096,3N1kUtqJ25A_00169,26,0,271,FALSE
7097,3N1kUtqJ25A_00170,26,0,309,FALSE
7098,3N1kUtqJ25A_00171,26,0,287,FALSE
7099,3N1kUtqJ25A_00181,26,0,176,TRUE
7100,3N1kUtqJ25A_00182,26,0,254,FALSE
7101,3N1kUtqJ25A_00183,26,0,320,FALSE
7102,3N1kUtqJ25A_00196,26,0,113,FALSE
7103,3N1kUtqJ25A_00197,26,0,235,FALSE
7104,3N1kUtqJ25A_00198,26,0,229,FALSE
7105,3N1kUtqJ25A_00199,26,0,143,FALSE
7106,3N1kUtqJ25A_00200,26,0,241,FALSE
7107,3N1kUtqJ25A_00201,26,0,272,FALSE
7108,3N1kUtqJ25A_00205,26,0,107,FALSE
7109,3N1kUtqJ25A_00206,26,0,214,FALSE
7110,3N1kUtqJ25A_00207,26,0,215,FALSE
7111,3N1kUtqJ25A_00226,26,0,106,FALSE
7112,3N1kUtqJ25A_00227,26,0,224,FALSE
7113,3N1kUtqJ25A_00228,26,0,221,FALSE
7114,3PLiUG_DuC8_00001,26,0,154,TRUE
7115,3PLiUG_DuC8_00003,26,0,160,FALSE
7116,3PLiUG_DuC8_00005,26,0,173,TRUE
7117,3PLiUG_DuC8_00052,26,0,151,TRUE
7118,3PLiUG_DuC8_00053,26,0,214,FALSE
7119,3PLiUG_DuC8_00054,26,0,183,FALSE
7120,3PLiUG_DuC8_00055,26,0,47,FALSE
7121,3PLiUG_DuC8_00064,26,0,125,TRUE
7122,3PLiUG_DuC8_00065,26,0,193,FALSE
7123,3PLiUG_DuC8_00066,26,0,130,FALSE
7124,3PLiUG_DuC8_00133,26,0,130,TRUE
7125,3PLiUG_DuC8_00134,26,0,220,FALSE
7126,3PLiUG_DuC8_00157,26,0,87,TRUE
7127,3PLiUG_DuC8_00159,26,0,156,FALSE
7128,3PLiUG_DuC8_00177,26,0,68,TRUE
7129,3PLiUG_DuC8_00178,26,0,176,FALSE
7130,3PLiUG_DuC8_00194,26,0,153,FALSE
7131,3PLiUG_DuC8_00273,26,0,112,TRUE
7132,3PLiUG_DuC8_00274,26,0,160,FALSE
7133,3PLiUG_DuC8_00275,26,0,150,FALSE
7134,3PLiUG_DuC8_00276,26,0,109,TRUE
7135,3PLiUG_DuC8_00277,26,0,182,FALSE
7136,3PLiUG_DuC8_00279,26,0,106,FALSE
7137,3PLiUG_DuC8_00286,26,0,100,FALSE
7138,3PLiUG_DuC8_00291,26,0,126,TRUE
7139,3PLiUG_DuC8_00292,26,0,209,FALSE
7140,3PLiUG_DuC8_00316,26,0,164,TRUE
7141,3PLiUG_DuC8_00321,26,0,184,FALSE
7142,3PLiUG_DuC8_00322,26,0,109,FALSE
7143,3qq031609lA_00022,26,0,159,TRUE
7144,5V-dKBtmKLI_00072,26,0,55,TRUE
7145,5V-dKBtmKLI_00073,26,0,143,TRUE
7146,5V-dKBtmKLI_00074,26,0,84,TRUE
7147,5V-dKBtmKLI_00075,26,0,115,TRUE
7148,5hXbclLNSNA_00026,26,0,97,TRUE
7149,5hXbclLNSNA_00027,26,0,123,TRUE
7150,5hXbclLNSNA_00043,26,0,122,TRUE
7151,5hXbclLNSNA_00044,26,0,219,FALSE
7152,5i1begTTucc_00023,26,0,146,TRUE
7153,5i1begTTucc_00024,26,0,202,FALSE
7154,5i1begTTucc_00027,26,0,126,TRUE
7155,5i1begTTucc_00028,26,0,197,FALSE
7156,5i1begTTucc_00033,26,0,143,TRUE
7157,6wVdnLa3Tes_00060,26,0,66,TRUE
7158,6wVdnLa3Tes_00061,26,0,140,TRUE
7159,6wVdnLa3Tes_00062,26,0,84,FALSE
7160,6wVdnLa3Tes_00072,26,0,60,TRUE
7161,6wVdnLa3Tes_00073,26,0,26,TRUE
7162,6wVdnLa3Tes_00074,26,0,134,TRUE
7163,6wVdnLa3Tes_00075,26,0,151,FALSE
7164,6wVdnLa3Tes_00076,26,0,69,TRUE
7165,6wVdnLa3Tes_00077,26,0,129,TRUE
7166,6wVdnLa3Tes_00078,26,0,98,FALSE
7167,6wVdnLa3Tes_00079,26,0,144,TRUE
7168,6wVdnLa3Tes_00080,26,0,172,TRUE
7169,6wVdnLa3Tes_00081,26,0,87,TRUE
7170,6wVdnLa3Tes_00082,26,0,134,TRUE
7171,6wVdnLa3Tes_00083,26,0,175,FALSE
7172,6wVdnLa3Tes_00084,26,0,102,FALSE
7173,6wVdnLa3Tes_00101,26,0,75,FALSE
7174,6wVdnLa3Tes_00102,26,0,142,TRUE
7175,6wVdnLa3Tes_00103,26,0,81,FALSE
7176,6wVdnLa3Tes_00107,26,0,71,FALSE
7177,6wVdnLa3Tes_00108,26,0,127,FALSE
7178,6wVdnLa3Tes_00109,26,0,73,FALSE
7179,6wVdnLa3Tes_00119,26,0,99,TRUE
7180,6wVdnLa3Tes_00120,26,0,181,FALSE
7181,6wVdnLa3Tes_00121,26,0,195,FALSE
7182,6wVdnLa3Tes_00152,26,0,100,TRUE
7183,6wVdnLa3Tes_00153,26,0,123,TRUE
7184,6wVdnLa3Tes_00154,26,0,183,FALSE
7185,6wVdnLa3Tes_00158,26,0,91,TRUE
7186,6wVdnLa3Tes_00159,26,0,194,FALSE
7187,6wVdnLa3Tes_00164,26,0,78,TRUE
7188,6wVdnLa3Tes_00165,26,0,125,FALSE
7189,6wVdnLa3Tes_00166,26,0,155,TRUE
7190,6wVdnLa3Tes_00167,26,0,129,TRUE
7191,6wVdnLa3Tes_00168,26,0,158,TRUE
7192,6wVdnLa3Tes_00169,26,0,87,FALSE
7193,6wVdnLa3Tes_00195,26,0,68,TRUE
7194,6wVdnLa3Tes_00196,26,0,148,TRUE
7195,6wVdnLa3Tes_00197,26,0,103,TRUE
7196,6wVdnLa3Tes_00202,26,0,141,TRUE
7197,6wVdnLa3Tes_00203,26,0,167,TRUE
7198,6wVdnLa3Tes_00204,26,0,203,FALSE
7199,9BC6ssCjyfg_00018,26,0,136,TRUE
7200,9BC6ssCjyfg_00020,26,0,207,FALSE
7201,9BC6ssCjyfg_00025,26,0,77,TRUE
7202,9BC6ssCjyfg_00026,26,0,104,FALSE
7203,9BC6ssCjyfg_00027,26,0,187,FALSE
7204,9BC6ssCjyfg_00040,26,0,85,FALSE
7205,9BC6ssCjyfg_00041,26,0,231,FALSE
7206,9BC6ssCjyfg_00042,26,0,188,FALSE
7207,9BC6ssCjyfg_00063,26,0,132,FALSE
7208,9BC6ssCjyfg_00064,26,0,149,TRUE
7209,9BC6ssCjyfg_00066,26,0,64,TRUE
7210,9BC6ssCjyfg_00067,26,0,108,TRUE
7211,9BC6ssCjyfg_00068,26,0,124,TRUE
7212,9BC6ssCjyfg_00069,26,0,87,FALSE
7213,9BC6ssCjyfg_00070,26,0,232,FALSE
7214,9BC6ssCjyfg_00099,26,0,75,TRUE
7215,9BC6ssCjyfg_00100,26,0,179,FALSE
7216,9BC6ssCjyfg_00101,26,0,227,FALSE
7217,9BC6ssCjyfg_00147,26,0,56,TRUE
7218,9BC6ssCjyfg_00148,26,0,132,TRUE
7219,9BC6ssCjyfg_00149,26,0,138,FALSE
7220,9BC6ssCjyfg_00227,26,0,70,TRUE
7221,9BC6ssCjyfg_00228,26,0,187,FALSE
7222,9BC6ssCjyfg_00229,26,0,166,TRUE
7223,9BC6ssCjyfg_00230,26,0,122,TRUE
7224,9BC6ssCjyfg_00231,26,0,420,FALSE
7225,9BC6ssCjyfg_00235,26,0,108,TRUE
7226,9BC6ssCjyfg_00236,26,0,303,FALSE
7227,9BC6ssCjyfg_00237,26,0,61,TRUE
7228,9BC6ssCjyfg_00238,26,0,152,TRUE
7229,9BC6ssCjyfg_00239,26,0,174,FALSE
7230,9jZYYtzYqwE_00043,26,0,133,TRUE
7231,9jZYYtzYqwE_00044,26,0,163,TRUE
7232,9jZYYtzYqwE_00061,26,0,99,TRUE
7233,9jZYYtzYqwE_00062,26,0,220,FALSE
7234,9jZYYtzYqwE_00067,26,0,92,TRUE
7235,9jZYYtzYqwE_00068,26,0,134,TRUE
7236,Bb0ZiYVNtDs_00000,26,0,105,TRUE
7237,Bb0ZiYVNtDs_00001,26,0,194,FALSE
7238,Bb0ZiYVNtDs_00020,26,0,98,TRUE
7239,Bb0ZiYVNtDs_00021,26,0,145,TRUE
7240,Bb0ZiYVNtDs_00022,26,0,89,FALSE
7241,Bb0ZiYVNtDs_00039,26,0,108,TRUE
7242,Bb0ZiYVNtDs_00040,26,0,170,TRUE
7243,Bb0ZiYVNtDs_00041,26,0,111,FALSE
7244,Bb0ZiYVNtDs_00054,26,0,149,TRUE
7245,Bb0ZiYVNtDs_00055,26,0,235,FALSE
7246,Bb0ZiYVNtDs_00056,26,0,159,FALSE
7247,D6zILEKIJbk_00000,26,0,200,FALSE
7248,D6zILEKIJbk_00001,26,0,171,TRUE
7249,D6zILEKIJbk_00002,26,0,114,TRUE
7250,D6zILEKIJbk_00003,26,0,88,TRUE
7251,D6zILEKIJbk_00004,26,0,180,FALSE
7252,D6zILEKIJbk_00005,26,0,101,FALSE
7253,D6zILEKIJbk_00006,26,0,92,TRUE
7254,D6zILEKIJbk_00007,26,0,145,TRUE
7255,D6zILEKIJbk_00008,26,0,115,FALSE
7256,D6zILEKIJbk_00009,26,0,139,TRUE
7257,D6zILEKIJbk_00010,26,0,173,FALSE
7258,D6zILEKIJbk_00011,26,0,144,TRUE
7259,D6zILEKIJbk_00012,26,0,129,TRUE
7260,D6zILEKIJbk_00013,26,0,174,FALSE
7261,D6zILEKIJbk_00014,26,0,118,TRUE
7262,D6zILEKIJbk_00015,26,0,94,TRUE
7263,D6zILEKIJbk_00016,26,0,165,FALSE
7264,D6zILEKIJbk_00017,26,0,114,TRUE
7265,D6zILEKIJbk_00018,26,0,114,TRUE
7266,D6zILEKIJbk_00019,26,0,171,TRUE
7267,D6zILEKIJbk_00020,26,0,164,FALSE
7268,D6zILEKIJbk_00021,26,0,111,TRUE
7269,D6zILEKIJbk_00022,26,0,177,TRUE
7270,D6zILEKIJbk_00023,26,0,302,FALSE
7271,D6zILEKIJbk_00024,26,0,104,TRUE
7272,D6zILEKIJbk_00025,26,0,168,TRUE
7273,D6zILEKIJbk_00026,26,0,158,FALSE
7274,D6zILEKIJbk_00027,26,0,125,TRUE
7275,D6zILEKIJbk_00028,26,0,177,TRUE
7276,D6zILEKIJbk_00029,26,0,130,FALSE
7277,D6zILEKIJbk_00036,26,0,127,TRUE
7278,D6zILEKIJbk_00037,26,0,204,FALSE
7279,D6zILEKIJbk_00038,26,0,113,FALSE
7280,D6zILEKIJbk_00039,26,0,107,TRUE
7281,D6zILEKIJbk_00040,26,0,155,TRUE
7282,D6zILEKIJbk_00041,26,0,143,FALSE
7283,D6zILEKIJbk_00048,26,0,113,TRUE
7284,D6zILEKIJbk_00049,26,0,188,FALSE
7285,D6zILEKIJbk_00050,26,0,134,TRUE
7286,D6zILEKIJbk_00081,26,0,103,TRUE
7287,D6zILEKIJbk_00082,26,0,193,FALSE
7288,D6zILEKIJbk_00083,26,0,116,FALSE
7289,D6zILEKIJbk_00138,26,0,84,FALSE
7290,D6zILEKIJbk_00139,26,0,176,TRUE
7291,D6zILEKIJbk_00260,26,0,127,TRUE
7292,D6zILEKIJbk_00261,26,0,188,FALSE
7293,D6zILEKIJbk_00262,26,0,140,TRUE
7294,JzOshOJgofw_00143,26,0,107,TRUE
7295,JzOshOJgofw_00144,26,0,130,TRUE
7296,JzOshOJgofw_00147,26,0,66,TRUE
7297,JzOshOJgofw_00151,26,0,162,TRUE
7298,JzOshOJgofw_00170,26,0,131,TRUE
7299,JzOshOJgofw_00171,26,0,152,TRUE
7300,JzOshOJgofw_00196,26,0,151,TRUE
7301,JzOshOJgofw_00197,26,0,197,FALSE
7302,LNMISxO35S0_00003,26,0,160,TRUE
7303,LNMISxO35S0_00004,26,0,56,TRUE
7304,LNMISxO35S0_00005,26,0,136,TRUE
7305,LNMISxO35S0_00006,26,0,140,FALSE
7306,LNMISxO35S0_00007,26,0,115,FALSE
7307,LNMISxO35S0_00008,26,0,109,FALSE
7308,LNMISxO35S0_00009,26,0,132,TRUE
7309,LNMISxO35S0_00010,26,0,167,TRUE
7310,LNMISxO35S0_00011,26,0,154,TRUE
7311,LNMISxO35S0_00012,26,0,180,FALSE
7312,LNMISxO35S0_00016,26,0,133,TRUE
7313,LNMISxO35S0_00017,26,0,95,FALSE
7314,LNMISxO35S0_00018,26,0,175,FALSE
7315,LNMISxO35S0_00022,26,0,148,TRUE
7316,LNMISxO35S0_00023,26,0,133,TRUE
7317,LNMISxO35S0_00024,26,0,153,FALSE
7318,LNMISxO35S0_00058,26,0,103,TRUE
7319,LNMISxO35S0_00059,26,0,89,FALSE
7320,LNMISxO35S0_00085,26,0,143,FALSE
7321,LNMISxO35S0_00086,26,0,127,FALSE
7322,LNMISxO35S0_00087,26,0,172,TRUE
7323,LNMISxO35S0_00100,26,0,99,FALSE
7324,LNMISxO35S0_00101,26,0,98,FALSE
7325,LNMISxO35S0_00102,26,0,152,FALSE
7326,LNMISxO35S0_00142,26,0,88,FALSE
7327,LNMISxO35S0_00144,26,0,144,FALSE
7328,LNMISxO35S0_00145,26,0,192,FALSE
7329,LNMISxO35S0_00177,26,0,117,TRUE
7330,LNMISxO35S0_00178,26,0,136,TRUE
7331,LNMISxO35S0_00179,26,0,182,FALSE
7332,LNMISxO35S0_00180,26,0,207,FALSE
7333,LNMISxO35S0_00181,26,0,141,FALSE
7334,LNMISxO35S0_00182,26,0,187,FALSE
7335,LNMISxO35S0_00183,26,0,155,FALSE
7336,LNMISxO35S0_00184,26,0,165,TRUE
7337,LNMISxO35S0_00185,26,0,205,FALSE
7338,LNMISxO35S0_00189,26,0,93,TRUE
7339,LNMISxO35S0_00191,26,0,147,FALSE
7340,LNMISxO35S0_00195,26,0,107,TRUE
7341,LNMISxO35S0_00196,26,0,144,TRUE
7342,LNMISxO35S0_00197,26,0,161,TRUE
7343,LNMISxO35S0_00212,26,0,119,TRUE
7344,LNMISxO35S0_00213,26,0,107,FALSE
7345,LNMISxO35S0_00214,26,0,161,FALSE
7346,LNMISxO35S0_00228,26,0,136,TRUE
7347,LNMISxO35S0_00229,26,0,106,FALSE
7348,LNMISxO35S0_00230,26,0,163,TRUE
7349,LNMISxO35S0_00286,26,0,70,FALSE
7350,LNMISxO35S0_00287,26,0,81,FALSE
7351,LNMISxO35S0_00288,26,0,158,TRUE
7352,LkluZoNfKu8_00033,26,0,118,TRUE
7353,LkluZoNfKu8_00034,26,0,233,FALSE
7354,LkluZoNfKu8_00039,26,0,90,TRUE
7355,LkluZoNfKu8_00040,26,0,196,FALSE
7356,LkluZoNfKu8_00060,26,0,103,TRUE
7357,LkluZoNfKu8_00061,26,0,279,FALSE
7358,LkluZoNfKu8_00113,26,0,114,TRUE
7359,LkluZoNfKu8_00114,26,0,185,FALSE
7360,LkluZoNfKu8_00129,26,0,78,TRUE
7361,LkluZoNfKu8_00130,26,0,202,FALSE
7362,OFxuiqI5G44_00068,26,0,154,TRUE
7363,OFxuiqI5G44_00069,26,0,264,FALSE
7364,OFxuiqI5G44_00070,26,0,258,FALSE
7365,OFxuiqI5G44_00071,26,0,226,FALSE
7366,OFxuiqI5G44_00072,26,0,305,FALSE
7367,OFxuiqI5G44_00073,26,0,285,FALSE
7368,OFxuiqI5G44_00074,26,0,140,FALSE
7369,OFxuiqI5G44_00075,26,0,242,FALSE
7370,OFxuiqI5G44_00076,26,0,253,FALSE
7371,OFxuiqI5G44_00080,26,0,249,FALSE
7372,OFxuiqI5G44_00081,26,0,262,FALSE
7373,OFxuiqI5G44_00082,26,0,263,FALSE
7374,OFxuiqI5G44_00083,26,0,109,FALSE
7375,OFxuiqI5G44_00084,26,0,211,FALSE
7376,OFxuiqI5G44_00085,26,0,228,FALSE
7377,OFxuiqI5G44_00086,26,0,285,FALSE
7378,OFxuiqI5G44_00087,26,0,266,FALSE
7379,OFxuiqI5G44_00100,26,0,167,FALSE
7380,OFxuiqI5G44_00101,26,0,280,FALSE
7381,OFxuiqI5G44_00102,26,0,265,FALSE
7382,OFxuiqI5G44_00129,26,0,164,TRUE
7383,OFxuiqI5G44_00130,26,0,261,FALSE
7384,OFxuiqI5G44_00131,26,0,258,FALSE
7385,OVzt2rsfMc0_00091,26,0,121,TRUE
7386,OVzt2rsfMc0_00092,26,0,131,TRUE
7387,OVzt2rsfMc0_00097,26,0,81,TRUE
7388,OVzt2rsfMc0_00098,26,0,142,TRUE
7389,OVzt2rsfMc0_00103,26,0,98,TRUE
7390,OVzt2rsfMc0_00104,26,0,171,TRUE
7391,OVzt2rsfMc0_00105,26,0,83,TRUE
7392,OVzt2rsfMc0_00106,26,0,82,FALSE
7393,OVzt2rsfMc0_00107,26,0,163,TRUE
7394,OVzt2rsfMc0_00108,26,0,110,TRUE
7395,OVzt2rsfMc0_00109,26,0,160,TRUE
7396,OVzt2rsfMc0_00110,26,0,111,FALSE
7397,OVzt2rsfMc0_00117,26,0,52,TRUE
7398,OVzt2rsfMc0_00118,26,0,117,TRUE
7399,OVzt2rsfMc0_00125,26,0,87,FALSE
7400,OVzt2rsfMc0_00126,26,0,165,TRUE
7401,OVzt2rsfMc0_00127,26,0,146,FALSE
7402,OVzt2rsfMc0_00132,26,0,136,TRUE
7403,OVzt2rsfMc0_00133,26,0,159,TRUE
7404,OVzt2rsfMc0_00134,26,0,131,FALSE
7405,OVzt2rsfMc0_00135,26,0,99,TRUE
7406,OVzt2rsfMc0_00169,26,0,63,FALSE
7407,OVzt2rsfMc0_00170,26,0,125,TRUE
7408,OVzt2rsfMc0_00171,26,0,79,TRUE
7409,OVzt2rsfMc0_00205,26,0,104,TRUE
7410,OVzt2rsfMc0_00206,26,0,149,TRUE
7411,OVzt2rsfMc0_00207,26,0,128,FALSE
7412,OVzt2rsfMc0_00229,26,0,100,FALSE
7413,OVzt2rsfMc0_00230,26,0,33,FALSE
7414,OVzt2rsfMc0_00231,26,0,184,FALSE
7415,OVzt2rsfMc0_00232,26,0,103,FALSE
7416,OVzt2rsfMc0_00233,26,0,75,FALSE
7417,OVzt2rsfMc0_00234,26,0,141,TRUE
7418,OVzt2rsfMc0_00235,26,0,96,FALSE
7419,OVzt2rsfMc0_00236,26,0,71,TRUE
7420,OVzt2rsfMc0_00237,26,0,137,TRUE
7421,OVzt2rsfMc0_00238,26,0,71,FALSE
7422,OVzt2rsfMc0_00287,26,0,84,FALSE
7423,OVzt2rsfMc0_00288,26,0,143,FALSE
7424,OVzt2rsfMc0_00289,26,0,108,FALSE
7425,OVzt2rsfMc0_00290,26,0,102,TRUE
7426,OVzt2rsfMc0_00291,26,0,155,TRUE
7427,OVzt2rsfMc0_00292,26,0,106,TRUE
7428,OVzt2rsfMc0_00308,26,0,121,TRUE
7429,OVzt2rsfMc0_00309,26,0,210,FALSE
7430,OVzt2rsfMc0_00420,26,0,99,FALSE
7431,OVzt2rsfMc0_00421,26,0,174,TRUE
7432,Q--70-ELqLw_00000,26,0,76,TRUE
7433,Q--70-ELqLw_00001,26,0,175,TRUE
7434,Q--70-ELqLw_00002,26,0,165,TRUE
7435,Q--70-ELqLw_00003,26,0,87,TRUE
7436,Q--70-ELqLw_00004,26,0,108,FALSE
7437,Q--70-ELqLw_00005,26,0,201,FALSE
7438,Q--70-ELqLw_00006,26,0,181,FALSE
7439,Q--70-ELqLw_00007,26,0,106,FALSE
7440,Q--70-ELqLw_00008,26,0,191,FALSE
7441,Q--70-ELqLw_00009,26,0,51,FALSE
7442,Q--70-ELqLw_00010,26,0,139,TRUE
7443,Q--70-ELqLw_00011,26,0,153,TRUE
7444,Q--70-ELqLw_00014,26,0,53,FALSE
7445,Q--70-ELqLw_00015,26,0,114,TRUE
7446,Q--70-ELqLw_00016,26,0,136,TRUE
7447,Q--70-ELqLw_00029,26,0,45,FALSE
7448,Q--70-ELqLw_00030,26,0,122,FALSE
7449,Q--70-ELqLw_00031,26,0,114,TRUE
7450,Q--70-ELqLw_00084,26,0,74,FALSE
7451,Q--70-ELqLw_00115,26,0,94,FALSE
7452,Q--70-ELqLw_00116,26,0,159,TRUE
7453,Q--70-ELqLw_00117,26,0,155,TRUE
7454,Q--70-ELqLw_00205,26,0,94,TRUE
7455,Q--70-ELqLw_00206,26,0,155,TRUE
7456,Q--70-ELqLw_00207,26,0,145,TRUE
7457,Q--70-ELqLw_00208,26,0,67,TRUE
7458,Q--70-ELqLw_00209,26,0,148,TRUE
7459,Q--70-ELqLw_00210,26,0,254,FALSE
7460,Q--70-ELqLw_00211,26,0,85,TRUE
7461,Q--70-ELqLw_00212,26,0,158,TRUE
7462,Q--70-ELqLw_00213,26,0,166,TRUE
7463,Q--70-ELqLw_00214,26,0,67,FALSE
7464,Q--70-ELqLw_00215,26,0,151,TRUE
7465,Q--70-ELqLw_00216,26,0,158,TRUE
7466,Q--70-ELqLw_00217,26,0,82,TRUE
7467,Q--70-ELqLw_00218,26,0,153,TRUE
7468,Q--70-ELqLw_00219,26,0,332,FALSE
7469,RWNrARSbRCY_00000,26,0,84,FALSE
7470,RWNrARSbRCY_00001,26,0,113,TRUE
7471,RWNrARSbRCY_00002,26,0,180,FALSE
7472,RWNrARSbRCY_00006,26,0,140,TRUE
7473,RWNrARSbRCY_00007,26,0,150,TRUE
7474,RWNrARSbRCY_00008,26,0,229,FALSE
7475,RWNrARSbRCY_00009,26,0,95,TRUE
7476,RWNrARSbRCY_00010,26,0,94,FALSE
7477,RWNrARSbRCY_00011,26,0,150,TRUE
7478,RWNrARSbRCY_00012,26,0,70,TRUE
7479,RWNrARSbRCY_00013,26,0,98,FALSE
7480,RWNrARSbRCY_00014,26,0,178,TRUE
7481,RWNrARSbRCY_00015,26,0,92,TRUE
7482,RWNrARSbRCY_00016,26,0,98,FALSE
7483,RWNrARSbRCY_00017,26,0,171,TRUE
7484,RWNrARSbRCY_00040,26,0,201,FALSE
7485,RWNrARSbRCY_00041,26,0,112,TRUE
7486,RWNrARSbRCY_00042,26,0,173,TRUE
7487,RWNrARSbRCY_00112,26,0,100,TRUE
7488,RWNrARSbRCY_00113,26,0,122,TRUE
7489,RWNrARSbRCY_00114,26,0,187,FALSE
7490,RWNrARSbRCY_00118,26,0,165,TRUE
7491,RWNrARSbRCY_00119,26,0,150,TRUE
7492,RWNrARSbRCY_00120,26,0,191,FALSE
7493,RWNrARSbRCY_00131,26,0,63,TRUE
7494,RWNrARSbRCY_00132,26,0,93,TRUE
7495,RWNrARSbRCY_00133,26,0,133,TRUE
7496,RWNrARSbRCY_00134,26,0,117,TRUE
7497,RWNrARSbRCY_00135,26,0,154,FALSE
7498,RWNrARSbRCY_00136,26,0,213,FALSE
7499,RWNrARSbRCY_00137,26,0,196,FALSE
7500,RWNrARSbRCY_00138,26,0,134,TRUE
7501,RWNrARSbRCY_00139,26,0,205,FALSE
7502,RWNrARSbRCY_00140,26,0,105,TRUE
7503,S9aCrmtAV8o_00127,26,0,159,TRUE
7504,S9aCrmtAV8o_00129,26,0,221,FALSE
7505,S9aCrmtAV8o_00139,26,0,146,TRUE
7506,S9aCrmtAV8o_00140,26,0,252,FALSE
7507,S9aCrmtAV8o_00157,26,0,225,FALSE
7508,S9aCrmtAV8o_00158,26,0,231,FALSE
7509,TeboS8s_00w_00021,26,0,307,FALSE
7510,TeboS8s_00w_00022,26,0,231,FALSE
7511,TeboS8s_00w_00039,26,0,267,FALSE
7512,TeboS8s_00w_00040,26,0,235,FALSE
7513,TeboS8s_00w_00073,26,0,138,FALSE
7514,TeboS8s_00w_00074,26,0,256,FALSE
7515,TeboS8s_00w_00081,26,0,194,FALSE
7516,TeboS8s_00w_00082,26,0,265,FALSE
7517,TeboS8s_00w_00108,26,0,198,FALSE
7518,TeboS8s_00w_00109,26,0,235,FALSE
7519,TeboS8s_00w_00126,26,0,132,FALSE
7520,TeboS8s_00w_00127,26,0,239,FALSE
7521,TeboS8s_00w_00152,26,0,170,TRUE
7522,TeboS8s_00w_00153,26,0,274,FALSE
7523,TeboS8s_00w_00166,26,0,206,FALSE
7524,TeboS8s_00w_00167,26,0,268,FALSE
7525,TeboS8s_00w_00168,26,0,123,FALSE
7526,TeboS8s_00w_00169,26,0,242,FALSE
7527,TeboS8s_00w_00172,26,0,220,FALSE
7528,TeboS8s_00w_00173,26,0,277,FALSE
7529,V5parOfpuEQ_00012,26,0,84,TRUE
7530,V5parOfpuEQ_00013,26,0,159,TRUE
7531,V5parOfpuEQ_00014,26,0,111,FALSE
7532,V5parOfpuEQ_00015,26,0,115,TRUE
7533,V5parOfpuEQ_00016,26,0,155,TRUE
7534,V5parOfpuEQ_00017,26,0,149,TRUE
7535,V5parOfpuEQ_00018,26,0,146,TRUE
7536,V5parOfpuEQ_00019,26,0,215,FALSE
7537,V5parOfpuEQ_00020,26,0,205,FALSE
7538,V5parOfpuEQ_00057,26,0,99,TRUE
7539,V5parOfpuEQ_00058,26,0,179,TRUE
7540,V5parOfpuEQ_00095,26,0,72,FALSE
7541,V5parOfpuEQ_00096,26,0,167,FALSE
7542,V5parOfpuEQ_00097,26,0,113,TRUE
7543,VNvb5oLOpLg_00328,26,0,211,FALSE
7544,VNvb5oLOpLg_00358,26,0,241,FALSE
7545,VNvb5oLOpLg_00359,26,0,251,FALSE
7546,VNvb5oLOpLg_00382,26,0,143,TRUE
7547,VNvb5oLOpLg_00383,26,0,263,FALSE
7548,VNvb5oLOpLg_00398,26,0,259,FALSE
7549,VNvb5oLOpLg_00399,26,0,246,FALSE
7550,VNvb5oLOpLg_00400,26,0,120,TRUE
7551,VNvb5oLOpLg_00401,26,0,219,FALSE
7552,VNvb5oLOpLg_00404,26,0,243,FALSE
7553,VNvb5oLOpLg_00405,26,0,274,FALSE
7554,VNvb5oLOpLg_00408,26,0,296,FALSE
7555,VNvb5oLOpLg_00409,26,0,279,FALSE
7556,VNvb5oLOpLg_00420,26,0,219,FALSE
7557,VNvb5oLOpLg_00421,26,0,289,FALSE
7558,VNvb5oLOpLg_00424,26,0,164,TRUE
7559,VNvb5oLOpLg_00434,26,0,174,FALSE
7560,VNvb5oLOpLg_00435,26,0,271,FALSE
7561,VNvb5oLOpLg_00454,26,0,274,FALSE
7562,VNvb5oLOpLg_00478,26,0,119,TRUE
7563,VNvb5oLOpLg_00479,26,0,232,FALSE
7564,VNvb5oLOpLg_00539,26,0,162,FALSE
7565,VNvb5oLOpLg_00540,26,0,265,FALSE
7566,VNvb5oLOpLg_00869,26,0,105,FALSE
7567,VNvb5oLOpLg_00870,26,0,229,FALSE
7568,VNvb5oLOpLg_00871,26,0,220,FALSE
7569,VNvb5oLOpLg_00873,26,0,271,FALSE
7570,VNvb5oLOpLg_00874,26,0,284,FALSE
7571,VNvb5oLOpLg_00888,26,0,148,FALSE
7572,VNvb5oLOpLg_00889,26,0,253,FALSE
7573,VNvb5oLOpLg_00890,26,0,224,FALSE
7574,VNvb5oLOpLg_00907,26,0,150,FALSE
7575,VNvb5oLOpLg_00908,26,0,253,FALSE
7576,VNvb5oLOpLg_00909,26,0,241,FALSE
7577,VNvb5oLOpLg_00910,26,0,224,FALSE
7578,VNvb5oLOpLg_00911,26,0,276,FALSE
7579,VNvb5oLOpLg_00952,26,0,117,FALSE
7580,VNvb5oLOpLg_00953,26,0,218,FALSE
7581,VNvb5oLOpLg_00954,26,0,209,FALSE
7582,VNvb5oLOpLg_00973,26,0,237,FALSE
7583,VNvb5oLOpLg_00974,26,0,266,FALSE
7584,VNvb5oLOpLg_00975,26,0,277,FALSE
7585,VNvb5oLOpLg_00994,26,0,104,FALSE
7586,VNvb5oLOpLg_00995,26,0,219,FALSE
7587,VNvb5oLOpLg_00996,26,0,233,FALSE
7588,VNvb5oLOpLg_01012,26,0,166,TRUE
7589,VNvb5oLOpLg_01013,26,0,245,FALSE
7590,VNvb5oLOpLg_01014,26,0,246,FALSE
7591,VNvb5oLOpLg_01018,26,0,134,FALSE
7592,VNvb5oLOpLg_01019,26,0,237,FALSE
7593,VNvb5oLOpLg_01020,26,0,249,FALSE
7594,VNvb5oLOpLg_01053,26,0,143,FALSE
7595,VNvb5oLOpLg_01054,26,0,274,FALSE
7596,VNvb5oLOpLg_01070,26,0,161,TRUE
7597,VNvb5oLOpLg_01071,26,0,294,FALSE
7598,VNvb5oLOpLg_01072,26,0,246,FALSE
7599,VNvb5oLOpLg_01081,26,0,258,FALSE
7600,VNvb5oLOpLg_01082,26,0,191,FALSE
7601,VNvb5oLOpLg_01083,26,0,281,FALSE
7602,VNvb5oLOpLg_01084,26,0,233,FALSE
7603,VNvb5oLOpLg_01110,26,0,228,FALSE
7604,VNvb5oLOpLg_01111,26,0,228,FALSE
7605,Y4ARBzok9aU_00000,26,0,133,TRUE
7606,Y4ARBzok9aU_00001,26,0,182,FALSE
7607,Y4ARBzok9aU_00002,26,0,101,FALSE
7608,Y4ARBzok9aU_00009,26,0,87,TRUE
7609,Y4ARBzok9aU_00010,26,0,171,TRUE
7610,Y7QZcr24ye0_00876,26,0,215,FALSE
7611,Y7QZcr24ye0_00877,26,0,253,FALSE
7612,Y7QZcr24ye0_00878,26,0,318,FALSE
7613,Y7QZcr24ye0_00879,26,0,118,FALSE
7614,Y7QZcr24ye0_00880,26,0,234,FALSE
7615,Y7QZcr24ye0_00881,26,0,245,FALSE
7616,Y7QZcr24ye0_00882,26,0,243,FALSE
7617,Y7QZcr24ye0_00883,26,0,222,FALSE
7618,Y7QZcr24ye0_00884,26,0,278,FALSE
7619,Y7QZcr24ye0_00897,26,0,272,FALSE
7620,Y7QZcr24ye0_00898,26,0,248,FALSE
7621,Y7QZcr24ye0_00899,26,0,261,FALSE
7622,Y7QZcr24ye0_00912,26,0,229,FALSE
7623,Y7QZcr24ye0_00913,26,0,273,FALSE
7624,Y7QZcr24ye0_00935,26,0,359,FALSE
7625,Y7QZcr24ye0_00936,26,0,286,FALSE
7626,Y7QZcr24ye0_00937,26,0,318,FALSE
7627,Y7QZcr24ye0_00938,26,0,132,FALSE
7628,Y7QZcr24ye0_00939,26,0,265,FALSE
7629,Y7QZcr24ye0_00940,26,0,263,FALSE
7630,ZAmJsIcfFOA_00000,26,0,67,TRUE
7631,ZAmJsIcfFOA_00001,26,0,159,TRUE
7632,ZAmJsIcfFOA_00002,26,0,134,FALSE
7633,ZAmJsIcfFOA_00003,26,0,155,FALSE
7634,ZAmJsIcfFOA_00004,26,0,134,TRUE
7635,ZAmJsIcfFOA_00005,26,0,84,TRUE
7636,ZAmJsIcfFOA_00006,26,0,124,TRUE
7637,ZAmJsIcfFOA_00007,26,0,168,TRUE
7638,ZAmJsIcfFOA_00009,26,0,102,TRUE
7639,ZAmJsIcfFOA_00010,26,0,176,FALSE
7640,ZAmJsIcfFOA_00011,26,0,101,FALSE
7641,ZAmJsIcfFOA_00015,26,0,100,TRUE
7642,ZAmJsIcfFOA_00016,26,0,189,FALSE
7643,ZAmJsIcfFOA_00017,26,0,190,FALSE
7644,ZAmJsIcfFOA_00021,26,0,101,TRUE
7645,ZAmJsIcfFOA_00022,26,0,195,FALSE
7646,ZAmJsIcfFOA_00024,26,0,84,TRUE
7647,ZAmJsIcfFOA_00025,26,0,153,TRUE
7648,ZAmJsIcfFOA_00026,26,0,165,FALSE
7649,ZAmJsIcfFOA_00030,26,0,120,TRUE
7650,ZAmJsIcfFOA_00031,26,0,177,FALSE
7651,ZAmJsIcfFOA_00033,26,0,125,TRUE
7652,ZAmJsIcfFOA_00034,26,0,186,FALSE
7653,ZAmJsIcfFOA_00035,26,0,150,TRUE
7654,ZAmJsIcfFOA_00036,26,0,121,TRUE
7655,ZAmJsIcfFOA_00037,26,0,200,FALSE
7656,ZAmJsIcfFOA_00038,26,0,173,FALSE
7657,ZAmJsIcfFOA_00039,26,0,102,TRUE
7658,ZAmJsIcfFOA_00040,26,0,187,FALSE
7659,ZAmJsIcfFOA_00041,26,0,128,TRUE
7660,ZAmJsIcfFOA_00042,26,0,90,TRUE
7661,ZAmJsIcfFOA_00043,26,0,149,TRUE
7662,ZAmJsIcfFOA_00044,26,0,107,TRUE
7663,ZAmJsIcfFOA_00048,26,0,81,TRUE
7664,ZAmJsIcfFOA_00049,26,0,152,FALSE
7665,ZAmJsIcfFOA_00051,26,0,100,TRUE
7666,ZAmJsIcfFOA_00052,26,0,200,FALSE
7667,ZAmJsIcfFOA_00053,26,0,158,TRUE
7668,ZAmJsIcfFOA_00054,26,0,122,TRUE
7669,ZAmJsIcfFOA_00055,26,0,170,FALSE
7670,ZAmJsIcfFOA_00063,26,0,91,FALSE
7671,ZAmJsIcfFOA_00064,26,0,217,FALSE
7672,ZAmJsIcfFOA_00065,26,0,129,TRUE
7673,ZAmJsIcfFOA_00101,26,0,64,FALSE
7674,ZAmJsIcfFOA_00102,26,0,139,TRUE
7675,ZAmJsIcfFOA_00119,26,0,96,TRUE
7676,ZAmJsIcfFOA_00120,26,0,184,FALSE
7677,ZAmJsIcfFOA_00134,26,0,117,TRUE
7678,ZAmJsIcfFOA_00135,26,0,169,TRUE
7679,ZAmJsIcfFOA_00136,26,0,128,FALSE
7680,ZAmJsIcfFOA_00153,26,0,135,TRUE
7681,ZAmJsIcfFOA_00154,26,0,173,TRUE
7682,ZAmJsIcfFOA_00155,26,0,117,TRUE
7683,ZAmJsIcfFOA_00205,26,0,137,TRUE
7684,ZAmJsIcfFOA_00206,26,0,89,FALSE
7685,ZAmJsIcfFOA_00216,26,0,112,FALSE
7686,ZAmJsIcfFOA_00217,26,0,228,FALSE
7687,ZAmJsIcfFOA_00218,26,0,132,FALSE
7688,ZAmJsIcfFOA_00311,26,0,80,TRUE
7689,ZAmJsIcfFOA_00312,26,0,287,FALSE
7690,ZAmJsIcfFOA_00314,26,0,147,TRUE
7691,ZAmJsIcfFOA_00315,26,0,167,TRUE
7692,Z_uFnDg-a4I_00027,26,0,72,FALSE
7693,Z_uFnDg-a4I_00028,26,0,132,TRUE
7694,Z_uFnDg-a4I_00029,26,0,174,TRUE
7695,Z_uFnDg-a4I_00030,26,0,81,FALSE
7696,Z_uFnDg-a4I_00031,26,0,136,TRUE
7697,Z_uFnDg-a4I_00032,26,0,169,TRUE
7698,Z_uFnDg-a4I_00063,26,0,170,TRUE
7699,Z_uFnDg-a4I_00064,26,0,157,FALSE
7700,Z_uFnDg-a4I_00090,26,0,106,FALSE
7701,Z_uFnDg-a4I_00091,26,0,154,TRUE
7702,Z_uFnDg-a4I_00092,26,0,190,FALSE
7703,Z_uFnDg-a4I_00093,26,0,99,TRUE
7704,Z_uFnDg-a4I_00094,26,0,153,FALSE
7705,Z_uFnDg-a4I_00095,26,0,177,TRUE
7706,_8Vy3dlHg2w_00048,26,0,48,FALSE
7707,_8Vy3dlHg2w_00050,26,0,95,FALSE
7708,_8Vy3dlHg2w_00136,26,0,86,FALSE
7709,_8Vy3dlHg2w_00138,26,0,107,FALSE
7710,_8Vy3dlHg2w_00171,26,0,54,TRUE
7711,_lmT4WlK7G0_00082,26,0,64,FALSE
7712,_lmT4WlK7G0_00083,26,0,134,TRUE
7713,_lmT4WlK7G0_00084,26,0,207,FALSE
7714,_tigfCJFLZg_00028,26,0,83,TRUE
7715,_tigfCJFLZg_00029,26,0,162,FALSE
7716,_tigfCJFLZg_00030,26,0,102,FALSE
7717,_tigfCJFLZg_00066,26,0,56,TRUE
7718,_tigfCJFLZg_00067,26,0,136,TRUE
7719,_tigfCJFLZg_00082,26,0,137,TRUE
7720,_tigfCJFLZg_00083,26,0,173,TRUE
7721,_tigfCJFLZg_00084,26,0,131,FALSE
7722,_tigfCJFLZg_00095,26,0,120,TRUE
7723,_tigfCJFLZg_00096,26,0,176,TRUE
7724,_tigfCJFLZg_00114,26,0,73,FALSE
7725,_tigfCJFLZg_00115,26,0,156,TRUE
7726,_tigfCJFLZg_00116,26,0,110,TRUE
7727,_tigfCJFLZg_00117,26,0,145,TRUE
7728,_tigfCJFLZg_00118,26,0,190,FALSE
7729,_tigfCJFLZg_00119,26,0,155,FALSE
7730,_tigfCJFLZg_00123,26,0,124,TRUE
7731,_tigfCJFLZg_00124,26,0,218,FALSE
7732,_tigfCJFLZg_00125,26,0,115,TRUE
7733,_tigfCJFLZg_00133,26,0,108,FALSE
7734,_tigfCJFLZg_00134,26,0,80,TRUE
7735,_tigfCJFLZg_00138,26,0,154,TRUE
7736,_tigfCJFLZg_00139,26,0,130,TRUE
7737,_tigfCJFLZg_00140,26,0,75,FALSE
7738,_tigfCJFLZg_00160,26,0,83,FALSE
7739,_tigfCJFLZg_00161,26,0,161,TRUE
7740,_tigfCJFLZg_00162,26,0,86,FALSE
7741,_tigfCJFLZg_00163,26,0,90,TRUE
7742,_tigfCJFLZg_00164,26,0,150,FALSE
7743,_tigfCJFLZg_00175,26,0,125,TRUE
7744,_tigfCJFLZg_00176,26,0,143,TRUE
7745,_tigfCJFLZg_00178,26,0,50,FALSE
7746,_tigfCJFLZg_00179,26,0,143,FALSE
7747,_tigfCJFLZg_00180,26,0,106,FALSE
7748,_tigfCJFLZg_00184,26,0,91,FALSE
7749,_tigfCJFLZg_00185,26,0,174,TRUE
7750,_tigfCJFLZg_00215,26,0,122,TRUE
7751,_tigfCJFLZg_00216,26,0,168,FALSE
7752,_tigfCJFLZg_00217,26,0,176,TRUE
7753,_tigfCJFLZg_00332,26,0,92,TRUE
7754,_tigfCJFLZg_00333,26,0,86,TRUE
7755,_tigfCJFLZg_00335,26,0,87,FALSE
7756,_tigfCJFLZg_00406,26,0,132,TRUE
7757,_tigfCJFLZg_00407,26,0,176,TRUE
7758,_tigfCJFLZg_00409,26,0,106,FALSE
7759,aektxm8cLdo_00026,26,0,69,TRUE
7760,aektxm8cLdo_00027,26,0,95,TRUE
7761,aektxm8cLdo_00028,26,0,102,TRUE
7762,c7FHotPDZIw_00000,26,0,111,TRUE
7763,c7FHotPDZIw_00007,26,0,85,TRUE
7764,c7FHotPDZIw_00008,26,0,118,FALSE
7765,c7FHotPDZIw_00009,26,0,108,FALSE
7766,c7FHotPDZIw_00028,26,0,61,FALSE
7767,c7FHotPDZIw_00029,26,0,102,TRUE
7768,c7FHotPDZIw_00030,26,0,86,FALSE
7769,c7FHotPDZIw_00034,26,0,66,TRUE
7770,c7FHotPDZIw_00035,26,0,94,TRUE
7771,c7FHotPDZIw_00048,26,0,77,TRUE
7772,cYkUl8MrXgA_00015,26,0,157,TRUE
7773,cYkUl8MrXgA_00016,26,0,142,TRUE
7774,cYkUl8MrXgA_00017,26,0,110,FALSE
7775,cYkUl8MrXgA_00018,26,0,92,TRUE
7776,cYkUl8MrXgA_00019,26,0,124,FALSE
7777,cYkUl8MrXgA_00020,26,0,102,TRUE
7778,cYkUl8MrXgA_00024,26,0,96,TRUE
7779,cYkUl8MrXgA_00025,26,0,138,FALSE
7780,cYkUl8MrXgA_00026,26,0,111,FALSE
7781,cYkUl8MrXgA_00030,26,0,81,TRUE
7782,cYkUl8MrXgA_00031,26,0,140,TRUE
7783,cYkUl8MrXgA_00032,26,0,105,FALSE
7784,cYkUl8MrXgA_00039,26,0,56,TRUE
7785,cYkUl8MrXgA_00040,26,0,131,FALSE
7786,cYkUl8MrXgA_00042,26,0,123,FALSE
7787,cYkUl8MrXgA_00043,26,0,173,TRUE
7788,cYkUl8MrXgA_00044,26,0,233,FALSE
7789,cYkUl8MrXgA_00066,26,0,77,FALSE
7790,cYkUl8MrXgA_00067,26,0,169,TRUE
7791,cYkUl8MrXgA_00068,26,0,91,TRUE
7792,cYkUl8MrXgA_00081,26,0,81,TRUE
7793,cYkUl8MrXgA_00082,26,0,152,FALSE
7794,cYkUl8MrXgA_00089,26,0,47,TRUE
7795,cYkUl8MrXgA_00090,26,0,137,FALSE
7796,cYkUl8MrXgA_00097,26,0,80,FALSE
7797,cYkUl8MrXgA_00098,26,0,184,FALSE
7798,cYkUl8MrXgA_00099,26,0,115,TRUE
7799,cYkUl8MrXgA_00128,26,0,176,TRUE
7800,cYkUl8MrXgA_00129,26,0,113,TRUE
7801,cYkUl8MrXgA_00130,26,0,80,TRUE
7802,cYkUl8MrXgA_00131,26,0,180,FALSE
7803,cYkUl8MrXgA_00132,26,0,162,TRUE
7804,cYkUl8MrXgA_00175,26,0,74,TRUE
7805,cYkUl8MrXgA_00176,26,0,174,TRUE
7806,cYkUl8MrXgA_00177,26,0,128,TRUE
7807,cYkUl8MrXgA_00187,26,0,65,TRUE
7808,cYkUl8MrXgA_00188,26,0,139,TRUE
7809,cYkUl8MrXgA_00308,26,0,123,TRUE
7810,cYkUl8MrXgA_00309,26,0,216,FALSE
7811,cYkUl8MrXgA_00310,26,0,141,TRUE
7812,cYkUl8MrXgA_00427,26,0,48,FALSE
7813,cYkUl8MrXgA_00428,26,0,133,TRUE
7814,czXA41QTops_00002,26,0,97,FALSE
7815,czXA41QTops_00003,26,0,185,FALSE
7816,czXA41QTops_00006,26,0,139,TRUE
7817,czXA41QTops_00007,26,0,203,FALSE
7818,czXA41QTops_00008,26,0,64,TRUE
7819,czXA41QTops_00009,26,0,145,TRUE
7820,czXA41QTops_00027,26,0,88,TRUE
7821,czXA41QTops_00028,26,0,183,FALSE
7822,czXA41QTops_00029,26,0,115,TRUE
7823,czXA41QTops_00032,26,0,122,TRUE
7824,czXA41QTops_00033,26,0,169,FALSE
7825,czXA41QTops_00034,26,0,100,FALSE
7826,czXA41QTops_00094,26,0,73,FALSE
7827,czXA41QTops_00095,26,0,160,TRUE
7828,czXA41QTops_00098,26,0,84,FALSE
7829,czXA41QTops_00099,26,0,190,FALSE
7830,czXA41QTops_00100,26,0,120,FALSE
7831,czXA41QTops_00103,26,0,82,FALSE
7832,czXA41QTops_00104,26,0,173,TRUE
7833,czXA41QTops_00105,26,0,105,FALSE
7834,czXA41QTops_00108,26,0,118,TRUE
7835,czXA41QTops_00109,26,0,274,FALSE
7836,czXA41QTops_00110,26,0,104,TRUE
7837,czXA41QTops_00111,26,0,197,FALSE
7838,czXA41QTops_00112,26,0,98,TRUE
7839,db7DmpqzGmc_00076,26,0,159,TRUE
7840,db7DmpqzGmc_00077,26,0,219,FALSE
7841,db7DmpqzGmc_00078,26,0,236,FALSE
7842,db7DmpqzGmc_00183,26,0,76,TRUE
7843,db7DmpqzGmc_00184,26,0,118,FALSE
7844,db7DmpqzGmc_00185,26,0,175,TRUE
7845,ddV_Cpszpls_00046,26,0,91,TRUE
7846,ddV_Cpszpls_00047,26,0,196,FALSE
7847,ddV_Cpszpls_00052,26,0,68,TRUE
7848,ddV_Cpszpls_00053,26,0,169,TRUE
7849,ddV_Cpszpls_00054,26,0,108,FALSE
7850,ddV_Cpszpls_00061,26,0,87,FALSE
7851,ddV_Cpszpls_00062,26,0,193,FALSE
7852,ddV_Cpszpls_00074,26,0,89,TRUE
7853,ddV_Cpszpls_00075,26,0,187,FALSE
7854,ddV_Cpszpls_00076,26,0,113,FALSE
7855,ddV_Cpszpls_00080,26,0,80,TRUE
7856,ddV_Cpszpls_00081,26,0,181,FALSE
7857,ddV_Cpszpls_00082,26,0,177,TRUE
7858,ddV_Cpszpls_00083,26,0,122,TRUE
7859,ddV_Cpszpls_00084,26,0,178,TRUE
7860,ddV_Cpszpls_00085,26,0,126,FALSE
7861,ddV_Cpszpls_00114,26,0,72,FALSE
7862,ddV_Cpszpls_00115,26,0,160,TRUE
7863,ddV_Cpszpls_00116,26,0,109,FALSE
7864,ddV_Cpszpls_00169,26,0,149,TRUE
7865,ddV_Cpszpls_00170,26,0,199,FALSE
7866,ddV_Cpszpls_00175,26,0,70,TRUE
7867,ddV_Cpszpls_00176,26,0,170,TRUE
7868,ddV_Cpszpls_00184,26,0,106,TRUE
7869,ddV_Cpszpls_00185,26,0,188,FALSE
7870,ddV_Cpszpls_00196,26,0,155,TRUE
7871,ddV_Cpszpls_00197,26,0,173,FALSE
7872,ddV_Cpszpls_00202,26,0,90,TRUE
7873,ddV_Cpszpls_00203,26,0,158,TRUE
7874,ddV_Cpszpls_00204,26,0,165,FALSE
7875,ddV_Cpszpls_00205,26,0,151,TRUE
7876,egsanPCCIzQ_00000,26,0,139,TRUE
7877,egsanPCCIzQ_00001,26,0,176,TRUE
7878,egsanPCCIzQ_00002,26,0,165,FALSE
7879,egsanPCCIzQ_00003,26,0,213,FALSE
7880,egsanPCCIzQ_00004,26,0,156,TRUE
7881,egsanPCCIzQ_00005,26,0,92,FALSE
7882,egsanPCCIzQ_00006,26,0,182,FALSE
7883,egsanPCCIzQ_00007,26,0,129,TRUE
7884,egsanPCCIzQ_00016,26,0,164,TRUE
7885,egsanPCCIzQ_00017,26,0,226,FALSE
7886,egsanPCCIzQ_00026,26,0,139,FALSE
7887,egsanPCCIzQ_00027,26,0,179,TRUE
7888,egsanPCCIzQ_00049,26,0,99,FALSE
7889,egsanPCCIzQ_00050,26,0,219,FALSE
7890,egsanPCCIzQ_00051,26,0,152,FALSE
7891,egsanPCCIzQ_00059,26,0,142,TRUE
7892,egsanPCCIzQ_00060,26,0,187,FALSE
7893,egsanPCCIzQ_00098,26,0,155,TRUE
7894,egsanPCCIzQ_00099,26,0,202,FALSE
7895,egsanPCCIzQ_00128,26,0,63,FALSE
7896,egsanPCCIzQ_00129,26,0,187,FALSE
7897,egsanPCCIzQ_00133,26,0,135,TRUE
7898,egsanPCCIzQ_00134,26,0,198,FALSE
7899,egsanPCCIzQ_00135,26,0,151,FALSE
7900,egsanPCCIzQ_00136,26,0,157,TRUE
7901,egsanPCCIzQ_00137,26,0,155,TRUE
7902,egsanPCCIzQ_00138,26,0,130,TRUE
7903,egsanPCCIzQ_00139,26,0,177,FALSE
7904,egsanPCCIzQ_00140,26,0,137,FALSE
7905,egsanPCCIzQ_00148,26,0,125,TRUE
7906,egsanPCCIzQ_00149,26,0,163,FALSE
7907,egsanPCCIzQ_00186,26,0,124,TRUE
7908,egsanPCCIzQ_00187,26,0,216,FALSE
7909,egsanPCCIzQ_00188,26,0,173,FALSE
7910,fB1Pc3CylrQ_00012,26,0,115,FALSE
7911,iv0Gu1VXAgc_00063,26,0,112,TRUE
7912,iv0Gu1VXAgc_00064,26,0,134,FALSE
7913,iv0Gu1VXAgc_00065,26,0,186,FALSE
7914,iv0Gu1VXAgc_00109,26,0,101,TRUE
7915,iv0Gu1VXAgc_00110,26,0,97,FALSE
7916,iv0Gu1VXAgc_00111,26,0,161,TRUE
7917,iv0Gu1VXAgc_00115,26,0,128,TRUE
7918,iv0Gu1VXAgc_00116,26,0,111,FALSE
7919,iv0Gu1VXAgc_00117,26,0,171,FALSE
7920,iv0Gu1VXAgc_00124,26,0,143,TRUE
7921,iv0Gu1VXAgc_00125,26,0,118,TRUE
7922,iv0Gu1VXAgc_00126,26,0,177,TRUE
7923,iv0Gu1VXAgc_00172,26,0,48,FALSE
7924,iv0Gu1VXAgc_00173,26,0,80,FALSE
7925,iv0Gu1VXAgc_00174,26,0,145,FALSE
7926,iv0Gu1VXAgc_00254,26,0,97,FALSE
7927,iv0Gu1VXAgc_00255,26,0,92,FALSE
7928,iv0Gu1VXAgc_00256,26,0,155,TRUE
7929,k1F4LHeYhBs_00014,26,0,201,FALSE
7930,k1F4LHeYhBs_00015,26,0,276,FALSE
7931,k1F4LHeYhBs_00016,26,0,286,FALSE
7932,k1F4LHeYhBs_00035,26,0,242,FALSE
7933,k1F4LHeYhBs_00036,26,0,314,FALSE
7934,k1F4LHeYhBs_00037,26,0,274,FALSE
7935,k1F4LHeYhBs_00041,26,0,224,FALSE
7936,k1F4LHeYhBs_00042,26,0,310,FALSE
7937,k1F4LHeYhBs_00043,26,0,286,FALSE
7938,k1F4LHeYhBs_00044,26,0,146,FALSE
7939,k1F4LHeYhBs_00045,26,0,255,FALSE
7940,k1F4LHeYhBs_00046,26,0,255,FALSE
7941,k1F4LHeYhBs_00134,26,0,164,TRUE
7942,k1F4LHeYhBs_00135,26,0,220,FALSE
7943,k1F4LHeYhBs_00136,26,0,239,FALSE
7944,k1F4LHeYhBs_00137,26,0,230,FALSE
7945,k1F4LHeYhBs_00138,26,0,268,FALSE
7946,k1F4LHeYhBs_00139,26,0,272,FALSE
7947,k1F4LHeYhBs_00146,26,0,152,TRUE
7948,k1F4LHeYhBs_00147,26,0,252,FALSE
7949,k1F4LHeYhBs_00148,26,0,247,FALSE
7950,k1F4LHeYhBs_00149,26,0,239,FALSE
7951,k1F4LHeYhBs_00150,26,0,267,FALSE
7952,k1F4LHeYhBs_00151,26,0,227,FALSE
7953,k1F4LHeYhBs_00158,26,0,175,TRUE
7954,k1F4LHeYhBs_00159,26,0,263,FALSE
7955,k1F4LHeYhBs_00160,26,0,292,FALSE
7956,k1F4LHeYhBs_00170,26,0,304,FALSE
7957,k1F4LHeYhBs_00171,26,0,264,FALSE
7958,k1F4LHeYhBs_00172,26,0,334,FALSE
7959,k1F4LHeYhBs_00190,26,0,143,TRUE
7960,k1F4LHeYhBs_00191,26,0,259,FALSE
7961,k1F4LHeYhBs_00192,26,0,260,FALSE
7962,k1F4LHeYhBs_00199,26,0,353,FALSE
7963,k1F4LHeYhBs_00200,26,0,257,FALSE
7964,k1F4LHeYhBs_00201,26,0,163,FALSE
7965,k1F4LHeYhBs_00209,26,0,368,FALSE
7966,k1F4LHeYhBs_00210,26,0,254,FALSE
7967,k1F4LHeYhBs_00211,26,0,243,FALSE
7968,k1F4LHeYhBs_00216,26,0,273,FALSE
7969,k1F4LHeYhBs_00217,26,0,296,FALSE
7970,k1F4LHeYhBs_00218,26,0,320,FALSE
7971,mGbuP7nT2ck_00005,26,0,195,FALSE
7972,mGbuP7nT2ck_00006,26,0,140,TRUE
7973,mGbuP7nT2ck_00007,26,0,153,FALSE
7974,mGbuP7nT2ck_00008,26,0,84,TRUE
7975,mGbuP7nT2ck_00009,26,0,121,TRUE
7976,mGbuP7nT2ck_00010,26,0,53,TRUE
7977,mGbuP7nT2ck_00011,26,0,117,FALSE
7978,mGbuP7nT2ck_00024,26,0,193,FALSE
7979,mGbuP7nT2ck_00025,26,0,138,TRUE
7980,mGbuP7nT2ck_00026,26,0,160,TRUE
7981,mGbuP7nT2ck_00027,26,0,142,TRUE
7982,mGbuP7nT2ck_00044,26,0,74,TRUE
7983,mGbuP7nT2ck_00045,26,0,126,TRUE
7984,mGbuP7nT2ck_00046,26,0,131,TRUE
7985,mGbuP7nT2ck_00047,26,0,138,TRUE
7986,mGbuP7nT2ck_00078,26,0,70,FALSE
7987,mGbuP7nT2ck_00079,26,0,119,FALSE
7988,mGbuP7nT2ck_00100,26,0,118,TRUE
7989,mGbuP7nT2ck_00101,26,0,112,TRUE
7990,mGbuP7nT2ck_00110,26,0,116,TRUE
7991,mGbuP7nT2ck_00111,26,0,117,FALSE
7992,nOlRwoxsDJ0_00336,26,0,121,FALSE
7993,nOlRwoxsDJ0_00337,26,0,215,FALSE
7994,nOlRwoxsDJ0_00392,26,0,274,FALSE
7995,nOlRwoxsDJ0_00393,26,0,247,FALSE
7996,nOlRwoxsDJ0_00672,26,0,292,FALSE
7997,nOlRwoxsDJ0_00681,26,0,108,FALSE
7998,nOlRwoxsDJ0_00682,26,0,253,FALSE
7999,nOlRwoxsDJ0_00683,26,0,613,FALSE
8000,nOlRwoxsDJ0_00686,26,0,268,FALSE
8001,nOlRwoxsDJ0_00705,26,0,199,FALSE
8002,nOlRwoxsDJ0_00706,26,0,285,FALSE
8003,nOlRwoxsDJ0_00709,26,0,155,FALSE
8004,nOlRwoxsDJ0_00710,26,0,267,FALSE
8005,nOlRwoxsDJ0_00715,26,0,119,FALSE
8006,nOlRwoxsDJ0_00716,26,0,238,FALSE
8007,nOlRwoxsDJ0_00725,26,0,102,FALSE
8008,nOlRwoxsDJ0_00726,26,0,203,FALSE
8009,nOlRwoxsDJ0_00738,26,0,262,FALSE
8010,nOlRwoxsDJ0_00739,26,0,117,TRUE
8011,nOlRwoxsDJ0_00740,26,0,212,FALSE
8012,nOlRwoxsDJ0_00743,26,0,550,FALSE
8013,nOlRwoxsDJ0_00744,26,0,268,FALSE
8014,nOlRwoxsDJ0_00745,26,0,350,FALSE
8015,nOlRwoxsDJ0_00746,26,0,293,FALSE
8016,nOlRwoxsDJ0_00761,26,0,225,FALSE
8017,nOlRwoxsDJ0_00762,26,0,237,FALSE
8018,nOlRwoxsDJ0_00777,26,0,175,FALSE
8019,nOlRwoxsDJ0_00778,26,0,254,FALSE
8020,nOlRwoxsDJ0_00791,26,0,110,FALSE
8021,nOlRwoxsDJ0_00792,26,0,206,FALSE
8022,nOlRwoxsDJ0_00802,26,0,196,FALSE
8023,nOlRwoxsDJ0_00820,26,0,168,FALSE
8024,nOlRwoxsDJ0_00821,26,0,240,FALSE
8025,nOlRwoxsDJ0_00894,26,0,158,FALSE
8026,nOlRwoxsDJ0_00895,26,0,290,FALSE
8027,nOlRwoxsDJ0_00898,26,0,160,TRUE
8028,ozbr742-Trc_00007,26,0,116,TRUE
8029,ozbr742-Trc_00009,26,0,115,FALSE
8030,ozbr742-Trc_00011,26,0,77,TRUE
8031,ozbr742-Trc_00014,26,0,107,TRUE
8032,sk8TafuB3lU_00435,26,0,135,TRUE
8033,sk8TafuB3lU_00436,26,0,219,FALSE
8034,sk8TafuB3lU_00953,26,0,217,FALSE
8035,sk8TafuB3lU_00955,26,0,240,FALSE
8036,sk8TafuB3lU_00959,26,0,103,FALSE
8037,sk8TafuB3lU_00960,26,0,184,FALSE
8038,sk8TafuB3lU_00971,26,0,123,FALSE
8039,sk8TafuB3lU_00972,26,0,243,FALSE
8040,sk8TafuB3lU_00973,26,0,260,FALSE
8041,sk8TafuB3lU_00977,26,0,144,FALSE
8042,sk8TafuB3lU_00978,26,0,219,FALSE
8043,sk8TafuB3lU_00979,26,0,262,FALSE
8044,sk8TafuB3lU_00983,26,0,120,FALSE
8045,sk8TafuB3lU_00984,26,0,231,FALSE
8046,sk8TafuB3lU_00985,26,0,225,FALSE
8047,sk8TafuB3lU_00986,26,0,266,FALSE
8048,sk8TafuB3lU_00987,26,0,237,FALSE
8049,sk8TafuB3lU_00993,26,0,166,FALSE
8050,sk8TafuB3lU_00994,26,0,224,FALSE
8051,sk8TafuB3lU_00995,26,0,250,FALSE
8052,sk8TafuB3lU_01004,26,0,155,FALSE
8053,sk8TafuB3lU_01005,26,0,268,FALSE
8054,sk8TafuB3lU_01006,26,0,244,FALSE
8055,sk8TafuB3lU_01046,26,0,179,FALSE
8056,sk8TafuB3lU_01047,26,0,232,FALSE
8057,sk8TafuB3lU_01068,26,0,151,FALSE
8058,sk8TafuB3lU_01069,26,0,265,FALSE
8059,sk8TafuB3lU_01070,26,0,167,FALSE
8060,sk8TafuB3lU_01071,26,0,273,FALSE
8061,sk8TafuB3lU_01072,26,0,253,FALSE
8062,sk8TafuB3lU_01084,26,0,108,FALSE
8063,sk8TafuB3lU_01095,26,0,125,FALSE
8064,sk8TafuB3lU_01096,26,0,236,FALSE
8065,sk8TafuB3lU_01097,26,0,225,FALSE
8066,sk8TafuB3lU_01112,26,0,150,TRUE
8067,sk8TafuB3lU_01113,26,0,258,FALSE
8068,sk8TafuB3lU_01119,26,0,129,FALSE
8069,sk8TafuB3lU_01120,26,0,268,FALSE
8070,sk8TafuB3lU_01121,26,0,229,FALSE
8071,sk8TafuB3lU_01168,26,0,272,FALSE
8072,sk8TafuB3lU_01169,26,0,269,FALSE
8073,vlfy4cny75s_00049,26,0,78,TRUE
8074,vlfy4cny75s_00050,26,0,123,TRUE
8075,vlfy4cny75s_00051,26,0,168,TRUE
8076,xbQCwTHcGN8_00025,26,0,133,TRUE
8077,xbQCwTHcGN8_00026,26,0,199,FALSE
8078,xbQCwTHcGN8_00027,26,0,122,FALSE
8079,xbQCwTHcGN8_00046,26,0,47,FALSE
8080,xbQCwTHcGN8_00047,26,0,121,FALSE
8081,xbQCwTHcGN8_00064,26,0,78,FALSE
8082,xbQCwTHcGN8_00065,26,0,172,TRUE
8083,xbQCwTHcGN8_00066,26,0,100,FALSE
8084,xbQCwTHcGN8_00067,26,0,97,TRUE
8085,xbQCwTHcGN8_00068,26,0,183,FALSE
8086,xbQCwTHcGN8_00069,26,0,129,FALSE
8087,xbQCwTHcGN8_00073,26,0,111,TRUE
8088,xbQCwTHcGN8_00074,26,0,155,TRUE
8089,xbQCwTHcGN8_00075,26,0,110,FALSE
8090,xbQCwTHcGN8_00088,26,0,56,FALSE
8091,xbQCwTHcGN8_00089,26,0,128,FALSE
8092,xbQCwTHcGN8_00090,26,0,86,FALSE
8093,xbQCwTHcGN8_00097,26,0,76,FALSE
8094,xbQCwTHcGN8_00098,26,0,143,TRUE
8095,xbQCwTHcGN8_00139,26,0,50,TRUE
8096,xbQCwTHcGN8_00140,26,0,127,TRUE
8097,xbQCwTHcGN8_00141,26,0,192,FALSE
8098,xbQCwTHcGN8_00247,26,0,47,TRUE
8099,xbQCwTHcGN8_00248,26,0,124,TRUE
8100,zYHstCxnAPA_00281,26,0,239,FALSE
8101,zYHstCxnAPA_00653,26,0,203,FALSE
8102,zYHstCxnAPA_00654,26,0,272,FALSE
8103,zYHstCxnAPA_00656,26,0,302,FALSE
8104,zYHstCxnAPA_00680,26,0,241,FALSE
8105,zYHstCxnAPA_00681,26,0,144,FALSE
8106,zYHstCxnAPA_00682,26,0,262,FALSE
8107,zYHstCxnAPA_00691,26,0,428,FALSE
8108,zYHstCxnAPA_00692,26,0,367,FALSE
8109,zYHstCxnAPA_00717,26,0,227,FALSE
8110,zYHstCxnAPA_00718,26,0,234,FALSE
8111,zbAC7t15q3k_00101,26,0,55,TRUE
8112,zbAC7t15q3k_00102,26,0,130,FALSE
8113,3N1kUtqJ25A_00214,27,0,124,TRUE
8114,3N1kUtqJ25A_00215,27,0,253,FALSE
8115,3N1kUtqJ25A_00216,27,0,253,FALSE
8116,5hXbclLNSNA_00000,27,0,90,TRUE
8117,5hXbclLNSNA_00002,27,0,162,FALSE
8118,5hXbclLNSNA_00009,27,0,111,TRUE
8119,5hXbclLNSNA_00010,27,0,103,TRUE
8120,5hXbclLNSNA_00011,27,0,80,FALSE
8121,5hXbclLNSNA_00017,27,0,182,FALSE
8122,5hXbclLNSNA_00018,27,0,271,FALSE
8123,5i1begTTucc_00038,27,0,109,TRUE
8124,5i1begTTucc_00039,27,0,163,TRUE
8125,6wVdnLa3Tes_00012,27,0,117,TRUE
8126,6wVdnLa3Tes_00013,27,0,150,TRUE
8127,6wVdnLa3Tes_00014,27,0,191,FALSE
8128,6wVdnLa3Tes_00066,27,0,124,TRUE
8129,6wVdnLa3Tes_00067,27,0,187,FALSE
8130,6wVdnLa3Tes_00068,27,0,137,FALSE
8131,6wVdnLa3Tes_00089,27,0,131,TRUE
8132,6wVdnLa3Tes_00090,27,0,166,TRUE
8133,6wVdnLa3Tes_00091,27,0,94,FALSE
8134,6wVdnLa3Tes_00095,27,0,54,TRUE
8135,6wVdnLa3Tes_00096,27,0,151,TRUE
8136,6wVdnLa3Tes_00097,27,0,83,FALSE
8137,9jZYYtzYqwE_00065,27,0,99,TRUE
8138,9jZYYtzYqwE_00066,27,0,132,FALSE
8139,9jZYYtzYqwE_00093,27,0,130,TRUE
8140,9jZYYtzYqwE_00094,27,0,211,FALSE
8141,D8YKHC5hmUs_00196,27,0,79,FALSE
8142,D8YKHC5hmUs_00197,27,0,142,FALSE
8143,DB4lpBDPnTY_00012,27,0,86,TRUE
8144,DB4lpBDPnTY_00017,27,0,183,FALSE
8145,DB4lpBDPnTY_00018,27,0,132,TRUE
8146,JzOshOJgofw_00145,27,0,124,TRUE
8147,JzOshOJgofw_00146,27,0,153,TRUE
8148,JzOshOJgofw_00156,27,0,131,TRUE
8149,JzOshOJgofw_00157,27,0,147,TRUE
8150,JzOshOJgofw_00158,27,0,123,TRUE
8151,JzOshOJgofw_00159,27,0,146,TRUE
8152,JzOshOJgofw_00190,27,0,98,TRUE
8153,JzOshOJgofw_00191,27,0,123,TRUE
8154,JzOshOJgofw_00229,27,0,117,TRUE
8155,OFxuiqI5G44_00024,27,0,310,FALSE
8156,OFxuiqI5G44_00025,27,0,289,FALSE
8157,OFxuiqI5G44_00309,27,0,214,FALSE
8158,OFxuiqI5G44_00310,27,0,228,FALSE
8159,OFxuiqI5G44_00311,27,0,247,FALSE
8160,OFxuiqI5G44_00366,27,0,370,FALSE
8161,OFxuiqI5G44_00367,27,0,241,FALSE
8162,OFxuiqI5G44_00368,27,0,228,FALSE
8163,OVzt2rsfMc0_00089,27,0,153,TRUE
8164,OVzt2rsfMc0_00090,27,0,223,FALSE
8165,OVzt2rsfMc0_00094,27,0,86,TRUE
8166,OVzt2rsfMc0_00095,27,0,180,FALSE
8167,OVzt2rsfMc0_00096,27,0,61,FALSE
8168,OVzt2rsfMc0_00100,27,0,60,TRUE
8169,OVzt2rsfMc0_00101,27,0,147,TRUE
8170,OVzt2rsfMc0_00102,27,0,115,TRUE
8171,OVzt2rsfMc0_00123,27,0,116,FALSE
8172,OVzt2rsfMc0_00124,27,0,161,FALSE
8173,OVzt2rsfMc0_00128,27,0,159,TRUE
8174,OVzt2rsfMc0_00129,27,0,183,FALSE
8175,OVzt2rsfMc0_00136,27,0,157,TRUE
8176,OVzt2rsfMc0_00137,27,0,82,TRUE
8177,OVzt2rsfMc0_00138,27,0,135,TRUE
8178,OVzt2rsfMc0_00139,27,0,144,TRUE
8179,OVzt2rsfMc0_00163,27,0,149,TRUE
8180,OVzt2rsfMc0_00164,27,0,190,FALSE
8181,OVzt2rsfMc0_00165,27,0,158,FALSE
8182,S9aCrmtAV8o_00097,27,0,210,FALSE
8183,S9aCrmtAV8o_00098,27,0,202,FALSE
8184,S9aCrmtAV8o_00103,27,0,254,FALSE
8185,S9aCrmtAV8o_00104,27,0,253,FALSE
8186,S9aCrmtAV8o_00134,27,0,628,FALSE
8187,S9aCrmtAV8o_00136,27,0,254,FALSE
8188,TeboS8s_00w_00006,27,0,260,FALSE
8189,TeboS8s_00w_00007,27,0,243,FALSE
8190,VNvb5oLOpLg_00326,27,0,159,TRUE
8191,VNvb5oLOpLg_00327,27,0,245,FALSE
8192,VNvb5oLOpLg_00364,27,0,224,FALSE
8193,VNvb5oLOpLg_00365,27,0,247,FALSE
8194,VNvb5oLOpLg_00386,27,0,234,FALSE
8195,VNvb5oLOpLg_00387,27,0,249,FALSE
8196,VNvb5oLOpLg_00396,27,0,270,FALSE
8197,VNvb5oLOpLg_00397,27,0,325,FALSE
8198,VNvb5oLOpLg_00508,27,0,202,FALSE
8199,VNvb5oLOpLg_00509,27,0,227,FALSE
8200,VNvb5oLOpLg_00513,27,0,125,FALSE
8201,VNvb5oLOpLg_00514,27,0,220,FALSE
8202,VNvb5oLOpLg_00545,27,0,132,TRUE
8203,VNvb5oLOpLg_00546,27,0,208,FALSE
8204,VNvb5oLOpLg_00565,27,0,123,TRUE
8205,VNvb5oLOpLg_00566,27,0,226,FALSE
8206,VNvb5oLOpLg_00913,27,0,140,FALSE
8207,VNvb5oLOpLg_00914,27,0,224,FALSE
8208,VNvb5oLOpLg_00915,27,0,223,FALSE
8209,VNvb5oLOpLg_01073,27,0,175,TRUE
8210,VNvb5oLOpLg_01074,27,0,251,FALSE
8211,VNvb5oLOpLg_01075,27,0,281,FALSE
8212,VNvb5oLOpLg_01106,27,0,134,FALSE
8213,VNvb5oLOpLg_01107,27,0,263,FALSE
8214,VNvb5oLOpLg_01108,27,0,247,FALSE
8215,Y7QZcr24ye0_00850,27,0,149,FALSE
8216,Y7QZcr24ye0_00851,27,0,237,FALSE
8217,Y7QZcr24ye0_00852,27,0,230,FALSE
8218,Y7QZcr24ye0_00900,27,0,125,FALSE
8219,Y7QZcr24ye0_00901,27,0,266,FALSE
8220,Y7QZcr24ye0_00902,27,0,262,FALSE
8221,Y7QZcr24ye0_00914,27,0,124,FALSE
8222,Y7QZcr24ye0_00915,27,0,211,FALSE
8223,Y7QZcr24ye0_00916,27,0,253,FALSE
8224,Y7QZcr24ye0_00932,27,0,161,TRUE
8225,Y7QZcr24ye0_00933,27,0,238,FALSE
8226,Y7QZcr24ye0_00934,27,0,294,FALSE
8227,Y7QZcr24ye0_00941,27,0,177,TRUE
8228,Y7QZcr24ye0_00942,27,0,221,FALSE
8229,Y7QZcr24ye0_00943,27,0,223,FALSE
8230,_8Vy3dlHg2w_00044,27,0,191,FALSE
8231,_8Vy3dlHg2w_00045,27,0,70,FALSE
8232,_8Vy3dlHg2w_00046,27,0,94,TRUE
8233,_8Vy3dlHg2w_00073,27,0,66,FALSE
8234,_8Vy3dlHg2w_00074,27,0,69,FALSE
8235,_8Vy3dlHg2w_00075,27,0,109,TRUE
8236,_8Vy3dlHg2w_00076,27,0,148,TRUE
8237,_8Vy3dlHg2w_00077,27,0,86,FALSE
8238,_8Vy3dlHg2w_00078,27,0,65,TRUE
8239,_8Vy3dlHg2w_00105,27,0,78,FALSE
8240,_8Vy3dlHg2w_00106,27,0,74,FALSE
8241,_8Vy3dlHg2w_00107,27,0,62,FALSE
8242,_8Vy3dlHg2w_00108,27,0,52,FALSE
8243,_8Vy3dlHg2w_00109,27,0,123,FALSE
8244,_8Vy3dlHg2w_00125,27,0,103,TRUE
8245,_8Vy3dlHg2w_00126,27,0,119,FALSE
8246,_tigfCJFLZg_00165,27,0,185,FALSE
8247,aektxm8cLdo_00041,27,0,131,TRUE
8248,aektxm8cLdo_00042,27,0,179,TRUE
8249,aektxm8cLdo_00043,27,0,221,FALSE
8250,c7FHotPDZIw_00020,27,0,54,TRUE
8251,c7FHotPDZIw_00021,27,0,79,TRUE
8252,c7FHotPDZIw_00022,27,0,77,TRUE
8253,c7FHotPDZIw_00036,27,0,57,FALSE
8254,c7FHotPDZIw_00037,27,0,96,FALSE
8255,cYkUl8MrXgA_00142,27,0,126,TRUE
8256,cYkUl8MrXgA_00417,27,0,105,TRUE
8257,eN8umEok9U8_00088,27,0,74,TRUE
8258,eN8umEok9U8_00089,27,0,141,TRUE
8259,eN8umEok9U8_00150,27,0,79,TRUE
8260,eN8umEok9U8_00151,27,0,30,FALSE
8261,eN8umEok9U8_00152,27,0,53,TRUE
8262,fohMq9tOn6E_00120,27,0,106,FALSE
8263,fohMq9tOn6E_00121,27,0,142,FALSE
8264,iv0Gu1VXAgc_00033,27,0,70,FALSE
8265,iv0Gu1VXAgc_00034,27,0,107,FALSE
8266,iv0Gu1VXAgc_00035,27,0,143,FALSE
8267,iv0Gu1VXAgc_00054,27,0,65,FALSE
8268,iv0Gu1VXAgc_00055,27,0,96,FALSE
8269,iv0Gu1VXAgc_00056,27,0,163,FALSE
8270,iv0Gu1VXAgc_00118,27,0,70,TRUE
8271,iv0Gu1VXAgc_00119,27,0,91,TRUE
8272,iv0Gu1VXAgc_00120,27,0,129,FALSE
8273,iv0Gu1VXAgc_00162,27,0,70,TRUE
8274,iv0Gu1VXAgc_00163,27,0,98,FALSE
8275,iv0Gu1VXAgc_00164,27,0,143,TRUE
8276,iv0Gu1VXAgc_00190,27,0,116,TRUE
8277,iv0Gu1VXAgc_00191,27,0,119,FALSE
8278,iv0Gu1VXAgc_00192,27,0,149,FALSE
8279,k1F4LHeYhBs_00002,27,0,108,TRUE
8280,k1F4LHeYhBs_00003,27,0,242,FALSE
8281,k1F4LHeYhBs_00004,27,0,238,FALSE
8282,k1F4LHeYhBs_00026,27,0,199,FALSE
8283,k1F4LHeYhBs_00027,27,0,132,FALSE
8284,k1F4LHeYhBs_00028,27,0,269,FALSE
8285,k1F4LHeYhBs_00125,27,0,196,FALSE
8286,k1F4LHeYhBs_00126,27,0,279,FALSE
8287,k1F4LHeYhBs_00127,27,0,360,FALSE
8288,k1F4LHeYhBs_00240,27,0,243,FALSE
8289,k1F4LHeYhBs_00241,27,0,249,FALSE
8290,k1F4LHeYhBs_00242,27,0,217,FALSE
8291,nOlRwoxsDJ0_00298,27,0,368,FALSE
8292,nOlRwoxsDJ0_00299,27,0,297,FALSE
8293,nOlRwoxsDJ0_00318,27,0,316,FALSE
8294,nOlRwoxsDJ0_00319,27,0,204,FALSE
8295,nOlRwoxsDJ0_00324,27,0,231,FALSE
8296,nOlRwoxsDJ0_00325,27,0,160,FALSE
8297,nOlRwoxsDJ0_00364,27,0,120,TRUE
8298,nOlRwoxsDJ0_00365,27,0,224,FALSE
8299,nOlRwoxsDJ0_00684,27,0,297,FALSE
8300,nOlRwoxsDJ0_00718,27,0,190,FALSE
8301,nOlRwoxsDJ0_00832,27,0,239,FALSE
8302,nOlRwoxsDJ0_00833,27,0,290,FALSE
8303,nOlRwoxsDJ0_00846,27,0,124,FALSE
8304,nOlRwoxsDJ0_00847,27,0,227,FALSE
8305,ozbr742-Trc_00012,27,0,86,FALSE
8306,ozbr742-Trc_00016,27,0,124,TRUE
8307,siEI_jaSmd4_00075,27,0,69,FALSE
8308,sk8TafuB3lU_00338,27,0,132,TRUE
8309,sk8TafuB3lU_00345,27,0,285,FALSE
8310,sk8TafuB3lU_00346,27,0,205,FALSE
8311,sk8TafuB3lU_00359,27,0,222,FALSE
8312,sk8TafuB3lU_00360,27,0,254,FALSE
8313,sk8TafuB3lU_00361,27,0,187,FALSE
8314,sk8TafuB3lU_00362,27,0,229,FALSE
8315,sk8TafuB3lU_00365,27,0,183,FALSE
8316,sk8TafuB3lU_00366,27,0,270,FALSE
8317,sk8TafuB3lU_00377,27,0,239,FALSE
8318,sk8TafuB3lU_00378,27,0,218,FALSE
8319,sk8TafuB3lU_00399,27,0,154,FALSE
8320,sk8TafuB3lU_00400,27,0,237,FALSE
8321,sk8TafuB3lU_00401,27,0,277,FALSE
8322,sk8TafuB3lU_00402,27,0,286,FALSE
8323,sk8TafuB3lU_00417,27,0,156,TRUE
8324,sk8TafuB3lU_00419,27,0,297,FALSE
8325,sk8TafuB3lU_00420,27,0,249,FALSE
8326,sk8TafuB3lU_00421,27,0,113,TRUE
8327,sk8TafuB3lU_00422,27,0,171,FALSE
8328,sk8TafuB3lU_00439,27,0,221,FALSE
8329,sk8TafuB3lU_00440,27,0,264,FALSE
8330,sk8TafuB3lU_00451,27,0,235,FALSE
8331,sk8TafuB3lU_00452,27,0,242,FALSE
8332,sk8TafuB3lU_00561,27,0,126,TRUE
8333,sk8TafuB3lU_00562,27,0,198,FALSE
8334,sk8TafuB3lU_00573,27,0,206,FALSE
8335,sk8TafuB3lU_00574,27,0,222,FALSE
8336,sk8TafuB3lU_00988,27,0,158,TRUE
8337,sk8TafuB3lU_00989,27,0,231,FALSE
8338,sk8TafuB3lU_00990,27,0,221,FALSE
8339,sk8TafuB3lU_01031,27,0,179,TRUE
8340,sk8TafuB3lU_01032,27,0,235,FALSE
8341,sk8TafuB3lU_01033,27,0,257,FALSE
8342,sk8TafuB3lU_01059,27,0,106,TRUE
8343,sk8TafuB3lU_01060,27,0,218,FALSE
8344,sk8TafuB3lU_01061,27,0,193,FALSE
8345,sk8TafuB3lU_01085,27,0,231,FALSE
8346,vlfy4cny75s_00084,27,0,180,FALSE
8347,vlfy4cny75s_00085,27,0,238,FALSE
8348,vlfy4cny75s_00087,27,0,131,TRUE
8349,vlfy4cny75s_00115,27,0,163,TRUE
8350,zYHstCxnAPA_00594,27,0,304,FALSE
8351,zYHstCxnAPA_00595,27,0,349,FALSE
8352,zYHstCxnAPA_00606,27,0,302,FALSE
8353,zYHstCxnAPA_00607,27,0,299,FALSE
8354,zYHstCxnAPA_00618,27,0,291,FALSE
8355,zYHstCxnAPA_00647,27,0,104,TRUE
8356,zYHstCxnAPA_00648,27,0,271,FALSE
8357,zYHstCxnAPA_00655,27,0,180,FALSE
8358,zYHstCxnAPA_00679,27,0,177,FALSE
8359,zYHstCxnAPA_00713,27,0,143,TRUE
8360,zYHstCxnAPA_00714,27,0,229,FALSE
8361,zYHstCxnAPA_00733,27,0,206,FALSE
8362,zYHstCxnAPA_00734,27,0,256,FALSE
8363,2x00lRzlTVQ_00083,28,0,57,TRUE
8364,2x00lRzlTVQ_00084,28,0,152,TRUE
8365,2x00lRzlTVQ_00085,28,0,96,FALSE
8366,2x00lRzlTVQ_00113,28,0,96,TRUE
8367,2x00lRzlTVQ_00114,28,0,181,FALSE
8368,2x00lRzlTVQ_00115,28,0,128,FALSE
8369,2x00lRzlTVQ_00122,28,0,129,TRUE
8370,2x00lRzlTVQ_00123,28,0,203,FALSE
8371,2x00lRzlTVQ_00124,28,0,106,FALSE
8372,2x00lRzlTVQ_00128,28,0,89,TRUE
8373,2x00lRzlTVQ_00129,28,0,180,FALSE
8374,3N1kUtqJ25A_00220,28,0,111,FALSE
8375,3N1kUtqJ25A_00221,28,0,222,FALSE
8376,3N1kUtqJ25A_00222,28,0,281,FALSE
8377,3PLiUG_DuC8_00185,28,0,78,TRUE
8378,3PLiUG_DuC8_00186,28,0,187,FALSE
8379,3PLiUG_DuC8_00187,28,0,84,FALSE
8380,3PLiUG_DuC8_00208,28,0,114,TRUE
8381,3PLiUG_DuC8_00209,28,0,197,FALSE
8382,3PLiUG_DuC8_00210,28,0,117,FALSE
8383,3PLiUG_DuC8_00214,28,0,86,FALSE
8384,3PLiUG_DuC8_00215,28,0,172,TRUE
8385,3PLiUG_DuC8_00216,28,0,72,TRUE
8386,3PLiUG_DuC8_00217,28,0,92,FALSE
8387,3PLiUG_DuC8_00218,28,0,162,FALSE
8388,3PLiUG_DuC8_00219,28,0,99,FALSE
8389,5V-dKBtmKLI_00034,28,0,84,TRUE
8390,5V-dKBtmKLI_00035,28,0,196,FALSE
8391,5V-dKBtmKLI_00042,28,0,100,FALSE
8392,5V-dKBtmKLI_00043,28,0,215,FALSE
8393,5V-dKBtmKLI_00052,28,0,112,TRUE
8394,5V-dKBtmKLI_00053,28,0,215,FALSE
8395,5V-dKBtmKLI_00082,28,0,49,FALSE
8396,5V-dKBtmKLI_00083,28,0,126,FALSE
8397,5V-dKBtmKLI_00084,28,0,84,FALSE
8398,5V-dKBtmKLI_00098,28,0,83,FALSE
8399,5V-dKBtmKLI_00099,28,0,181,FALSE
8400,5V-dKBtmKLI_00131,28,0,114,FALSE
8401,5V-dKBtmKLI_00132,28,0,193,FALSE
8402,9BC6ssCjyfg_00150,28,0,88,TRUE
8403,9BC6ssCjyfg_00159,28,0,76,TRUE
8404,9BC6ssCjyfg_00160,28,0,189,FALSE
8405,9BC6ssCjyfg_00161,28,0,200,FALSE
8406,9BC6ssCjyfg_00165,28,0,64,TRUE
8407,9BC6ssCjyfg_00166,28,0,164,FALSE
8408,9BC6ssCjyfg_00167,28,0,168,TRUE
8409,9BC6ssCjyfg_00168,28,0,164,TRUE
8410,9BC6ssCjyfg_00169,28,0,181,FALSE
8411,9BC6ssCjyfg_00170,28,0,73,TRUE
8412,9BC6ssCjyfg_00171,28,0,152,TRUE
8413,9BC6ssCjyfg_00172,28,0,111,FALSE
8414,9BC6ssCjyfg_00173,28,0,70,TRUE
8415,9BC6ssCjyfg_00174,28,0,179,TRUE
8416,9BC6ssCjyfg_00175,28,0,223,FALSE
8417,Bb0ZiYVNtDs_00051,28,0,144,TRUE
8418,Bb0ZiYVNtDs_00052,28,0,187,FALSE
8419,Bb0ZiYVNtDs_00053,28,0,118,FALSE
8420,Bb0ZiYVNtDs_00076,28,0,48,TRUE
8421,Bb0ZiYVNtDs_00077,28,0,146,TRUE
8422,Bb0ZiYVNtDs_00078,28,0,127,FALSE
8423,Bb0ZiYVNtDs_00079,28,0,83,FALSE
8424,Bb0ZiYVNtDs_00082,28,0,163,TRUE
8425,Bb0ZiYVNtDs_00100,28,0,133,TRUE
8426,Bb0ZiYVNtDs_00101,28,0,227,FALSE
8427,Bb0ZiYVNtDs_00102,28,0,109,FALSE
8428,Bb0ZiYVNtDs_00160,28,0,131,TRUE
8429,Bb0ZiYVNtDs_00161,28,0,200,FALSE
8430,Bb0ZiYVNtDs_00162,28,0,152,FALSE
8431,Bb0ZiYVNtDs_00177,28,0,74,TRUE
8432,Bb0ZiYVNtDs_00178,28,0,152,TRUE
8433,Bb0ZiYVNtDs_00179,28,0,107,FALSE
8434,Bb0ZiYVNtDs_00183,28,0,78,TRUE
8435,Bb0ZiYVNtDs_00184,28,0,183,FALSE
8436,Bb0ZiYVNtDs_00185,28,0,103,FALSE
8437,Bb0ZiYVNtDs_00193,28,0,149,TRUE
8438,Bb0ZiYVNtDs_00194,28,0,209,FALSE
8439,Bb0ZiYVNtDs_00207,28,0,140,TRUE
8440,Bb0ZiYVNtDs_00208,28,0,128,TRUE
8441,LNMISxO35S0_00136,28,0,129,FALSE
8442,LNMISxO35S0_00137,28,0,148,FALSE
8443,LNMISxO35S0_00138,28,0,202,FALSE
8444,Q--70-ELqLw_00107,28,0,147,TRUE
8445,Q--70-ELqLw_00108,28,0,193,FALSE
8446,Q--70-ELqLw_00141,28,0,159,TRUE
8447,Q--70-ELqLw_00152,28,0,111,FALSE
8448,Q--70-ELqLw_00153,28,0,187,FALSE
8449,Q--70-ELqLw_00154,28,0,300,FALSE
8450,Q--70-ELqLw_00161,28,0,83,TRUE
8451,Q--70-ELqLw_00162,28,0,122,TRUE
8452,Q--70-ELqLw_00163,28,0,209,FALSE
8453,TeboS8s_00w_00110,28,0,149,FALSE
8454,TeboS8s_00w_00111,28,0,266,FALSE
8455,TeboS8s_00w_00112,28,0,142,FALSE
8456,TeboS8s_00w_00113,28,0,259,FALSE
8457,TeboS8s_00w_00162,28,0,114,FALSE
8458,TeboS8s_00w_00163,28,0,235,FALSE
8459,TeboS8s_00w_00164,28,0,250,FALSE
8460,TeboS8s_00w_00165,28,0,271,FALSE
8461,V5parOfpuEQ_00027,28,0,119,TRUE
8462,V5parOfpuEQ_00028,28,0,383,FALSE
8463,V5parOfpuEQ_00054,28,0,104,TRUE
8464,V5parOfpuEQ_00055,28,0,191,FALSE
8465,V5parOfpuEQ_00056,28,0,145,FALSE
8466,V5parOfpuEQ_00071,28,0,79,TRUE
8467,V5parOfpuEQ_00072,28,0,199,FALSE
8468,V5parOfpuEQ_00073,28,0,117,TRUE
8469,V5parOfpuEQ_00080,28,0,88,FALSE
8470,V5parOfpuEQ_00081,28,0,193,FALSE
8471,V5parOfpuEQ_00082,28,0,158,TRUE
8472,V5parOfpuEQ_00089,28,0,103,TRUE
8473,V5parOfpuEQ_00090,28,0,197,FALSE
8474,V5parOfpuEQ_00091,28,0,118,FALSE
8475,V5parOfpuEQ_00107,28,0,71,TRUE
8476,V5parOfpuEQ_00108,28,0,204,FALSE
8477,V5parOfpuEQ_00109,28,0,96,FALSE
8478,V5parOfpuEQ_00118,28,0,88,TRUE
8479,V5parOfpuEQ_00119,28,0,274,FALSE
8480,V5parOfpuEQ_00120,28,0,110,TRUE
8481,V5parOfpuEQ_00148,28,0,92,TRUE
8482,V5parOfpuEQ_00149,28,0,190,FALSE
8483,V5parOfpuEQ_00187,28,0,103,TRUE
8484,V5parOfpuEQ_00188,28,0,161,TRUE
8485,V5parOfpuEQ_00189,28,0,370,FALSE
8486,V5parOfpuEQ_00240,28,0,126,TRUE
8487,V5parOfpuEQ_00241,28,0,194,FALSE
8488,V5parOfpuEQ_00242,28,0,152,TRUE
8489,V5parOfpuEQ_00283,28,0,99,TRUE
8490,V5parOfpuEQ_00284,28,0,174,TRUE
8491,V5parOfpuEQ_00285,28,0,234,FALSE
8492,V5parOfpuEQ_00286,28,0,126,TRUE
8493,V5parOfpuEQ_00287,28,0,184,FALSE
8494,Y4ARBzok9aU_00006,28,0,111,TRUE
8495,Y4ARBzok9aU_00007,28,0,183,FALSE
8496,Y4ARBzok9aU_00008,28,0,118,TRUE
8497,Y4ARBzok9aU_00036,28,0,125,TRUE
8498,Y4ARBzok9aU_00037,28,0,160,TRUE
8499,Y4ARBzok9aU_00038,28,0,110,TRUE
8500,Y4ARBzok9aU_00044,28,0,90,FALSE
8501,Y4ARBzok9aU_00045,28,0,190,FALSE
8502,Y4ARBzok9aU_00047,28,0,132,TRUE
8503,Y4ARBzok9aU_00051,28,0,124,TRUE
8504,Y4ARBzok9aU_00052,28,0,212,FALSE
8505,Y4ARBzok9aU_00053,28,0,126,FALSE
8506,Y4ARBzok9aU_00083,28,0,175,TRUE
8507,Y4ARBzok9aU_00084,28,0,177,TRUE
8508,Y4ARBzok9aU_00092,28,0,92,TRUE
8509,Y4ARBzok9aU_00093,28,0,195,FALSE
8510,Y4ARBzok9aU_00094,28,0,112,FALSE
8511,Y4ARBzok9aU_00121,28,0,42,TRUE
8512,Y4ARBzok9aU_00123,28,0,135,TRUE
8513,Y4ARBzok9aU_00124,28,0,233,FALSE
8514,Y4ARBzok9aU_00127,28,0,112,TRUE
8515,Y4ARBzok9aU_00128,28,0,183,FALSE
8516,Y4ARBzok9aU_00166,28,0,82,TRUE
8517,Y4ARBzok9aU_00167,28,0,163,TRUE
8518,Y4ARBzok9aU_00169,28,0,105,FALSE
8519,Y4ARBzok9aU_00191,28,0,120,TRUE
8520,Y4ARBzok9aU_00192,28,0,180,FALSE
8521,_tigfCJFLZg_00126,28,0,85,FALSE
8522,_tigfCJFLZg_00127,28,0,156,FALSE
8523,_tigfCJFLZg_00128,28,0,91,FALSE
8524,_tigfCJFLZg_00148,28,0,101,FALSE
8525,_tigfCJFLZg_00149,28,0,163,TRUE
8526,_tigfCJFLZg_00150,28,0,103,FALSE
8527,_tigfCJFLZg_00181,28,0,132,TRUE
8528,_tigfCJFLZg_00182,28,0,160,FALSE
8529,_tigfCJFLZg_00183,28,0,83,FALSE
8530,_tigfCJFLZg_00222,28,0,177,TRUE
8531,_tigfCJFLZg_00223,28,0,128,FALSE
8532,_tigfCJFLZg_00261,28,0,113,TRUE
8533,_tigfCJFLZg_00262,28,0,230,FALSE
8534,_tigfCJFLZg_00263,28,0,159,TRUE
8535,_tigfCJFLZg_00363,28,0,67,TRUE
8536,_tigfCJFLZg_00364,28,0,110,FALSE
8537,_tigfCJFLZg_00365,28,0,105,FALSE
8538,_tigfCJFLZg_00431,28,0,191,FALSE
8539,_tigfCJFLZg_00432,28,0,42,FALSE
8540,_tigfCJFLZg_00433,28,0,213,FALSE
8541,_tigfCJFLZg_00434,28,0,191,FALSE
8542,_tigfCJFLZg_00456,28,0,97,TRUE
8543,_tigfCJFLZg_00457,28,0,161,TRUE
8544,_tigfCJFLZg_00458,28,0,108,FALSE
8545,_tigfCJFLZg_00459,28,0,83,FALSE
8546,_tigfCJFLZg_00460,28,0,146,TRUE
8547,_tigfCJFLZg_00461,28,0,68,FALSE
8548,_tigfCJFLZg_00496,28,0,222,FALSE
8549,_tigfCJFLZg_00497,28,0,188,FALSE
8550,_tigfCJFLZg_00498,28,0,257,FALSE
8551,cYkUl8MrXgA_00060,28,0,106,TRUE
8552,cYkUl8MrXgA_00061,28,0,227,FALSE
8553,cYkUl8MrXgA_00062,28,0,137,FALSE
8554,cYkUl8MrXgA_00115,28,0,130,TRUE
8555,cYkUl8MrXgA_00116,28,0,194,FALSE
8556,cYkUl8MrXgA_00117,28,0,130,TRUE
8557,cYkUl8MrXgA_00140,28,0,128,TRUE
8558,cYkUl8MrXgA_00141,28,0,216,FALSE
8559,cYkUl8MrXgA_00157,28,0,78,TRUE
8560,cYkUl8MrXgA_00158,28,0,166,TRUE
8561,cYkUl8MrXgA_00159,28,0,121,TRUE
8562,cYkUl8MrXgA_00184,28,0,105,TRUE
8563,cYkUl8MrXgA_00185,28,0,170,TRUE
8564,cYkUl8MrXgA_00237,28,0,132,TRUE
8565,cYkUl8MrXgA_00238,28,0,194,FALSE
8566,cYkUl8MrXgA_00255,28,0,127,FALSE
8567,cYkUl8MrXgA_00256,28,0,189,FALSE
8568,cYkUl8MrXgA_00262,28,0,92,TRUE
8569,cYkUl8MrXgA_00263,28,0,167,TRUE
8570,cYkUl8MrXgA_00264,28,0,89,FALSE
8571,cYkUl8MrXgA_00321,28,0,122,TRUE
8572,cYkUl8MrXgA_00322,28,0,128,FALSE
8573,cYkUl8MrXgA_00335,28,0,141,TRUE
8574,cYkUl8MrXgA_00336,28,0,178,TRUE
8575,cYkUl8MrXgA_00337,28,0,187,FALSE
8576,cYkUl8MrXgA_00415,28,0,87,TRUE
8577,cYkUl8MrXgA_00416,28,0,147,TRUE
8578,cYkUl8MrXgA_00456,28,0,72,TRUE
8579,cYkUl8MrXgA_00457,28,0,145,TRUE
8580,cYkUl8MrXgA_00469,28,0,131,TRUE
8581,cYkUl8MrXgA_00470,28,0,213,FALSE
8582,cYkUl8MrXgA_00484,28,0,112,TRUE
8583,cYkUl8MrXgA_00485,28,0,142,FALSE
8584,cYkUl8MrXgA_00486,28,0,100,TRUE
8585,ddV_Cpszpls_00071,28,0,104,FALSE
8586,ddV_Cpszpls_00072,28,0,199,FALSE
8587,ddV_Cpszpls_00117,28,0,128,TRUE
8588,ddV_Cpszpls_00118,28,0,199,FALSE
8589,ddV_Cpszpls_00119,28,0,162,FALSE
8590,ddV_Cpszpls_00135,28,0,97,TRUE
8591,ddV_Cpszpls_00136,28,0,190,FALSE
8592,ddV_Cpszpls_00193,28,0,111,TRUE
8593,ddV_Cpszpls_00194,28,0,193,FALSE
8594,kVT_sNgYBAE_00037,28,0,96,TRUE
8595,kVT_sNgYBAE_00038,28,0,221,FALSE
8596,kVT_sNgYBAE_00039,28,0,54,TRUE
8597,kVT_sNgYBAE_00040,28,0,162,TRUE
8598,kVT_sNgYBAE_00052,28,0,130,TRUE
8599,kVT_sNgYBAE_00053,28,0,248,FALSE
8600,kVT_sNgYBAE_00054,28,0,60,FALSE
8601,kVT_sNgYBAE_00055,28,0,221,FALSE
8602,kVT_sNgYBAE_00069,28,0,94,FALSE
8603,kVT_sNgYBAE_00070,28,0,256,FALSE
8604,kVT_sNgYBAE_00071,28,0,103,TRUE
8605,kVT_sNgYBAE_00072,28,0,223,FALSE
8606,kVT_sNgYBAE_00092,28,0,132,TRUE
8607,kVT_sNgYBAE_00093,28,0,254,FALSE
8608,kVT_sNgYBAE_00094,28,0,71,TRUE
8609,kVT_sNgYBAE_00095,28,0,219,FALSE
8610,l6ZoMjD1UtA_00066,28,0,76,FALSE
8611,l6ZoMjD1UtA_00067,28,0,148,TRUE
8612,l6ZoMjD1UtA_00068,28,0,185,FALSE
8613,l6ZoMjD1UtA_00078,28,0,82,FALSE
8614,l6ZoMjD1UtA_00079,28,0,132,TRUE
8615,l6ZoMjD1UtA_00080,28,0,171,TRUE
8616,l6ZoMjD1UtA_00081,28,0,94,FALSE
8617,l6ZoMjD1UtA_00082,28,0,144,FALSE
8618,l6ZoMjD1UtA_00083,28,0,119,TRUE
8619,l6ZoMjD1UtA_00087,28,0,117,TRUE
8620,l6ZoMjD1UtA_00088,28,0,188,FALSE
8621,l6ZoMjD1UtA_00089,28,0,226,FALSE
8622,l6ZoMjD1UtA_00090,28,0,72,FALSE
8623,l6ZoMjD1UtA_00091,28,0,175,TRUE
8624,l6ZoMjD1UtA_00093,28,0,64,TRUE
8625,l6ZoMjD1UtA_00094,28,0,115,TRUE
8626,l6ZoMjD1UtA_00095,28,0,185,FALSE
8627,l6ZoMjD1UtA_00140,28,0,156,TRUE
8628,l6ZoMjD1UtA_00141,28,0,130,TRUE
8629,l6ZoMjD1UtA_00142,28,0,156,TRUE
8630,mGbuP7nT2ck_00040,28,0,161,TRUE
8631,mGbuP7nT2ck_00041,28,0,124,TRUE
8632,mGbuP7nT2ck_00042,28,0,104,FALSE
8633,mGbuP7nT2ck_00043,28,0,119,TRUE
8634,nOlRwoxsDJ0_00717,28,0,106,FALSE
8635,nOlRwoxsDJ0_00757,28,0,197,FALSE
8636,nOlRwoxsDJ0_00758,28,0,264,FALSE
8637,nOlRwoxsDJ0_00818,28,0,135,FALSE
8638,nOlRwoxsDJ0_00819,28,0,214,FALSE
8639,vlfy4cny75s_00083,28,0,110,TRUE
8640,vlfy4cny75s_00086,28,0,80,FALSE
8641,vlfy4cny75s_00088,28,0,102,TRUE
8642,vlfy4cny75s_00114,28,0,93,FALSE
8643,vlfy4cny75s_00116,28,0,258,FALSE
8644,vlfy4cny75s_00118,28,0,101,TRUE
8645,vlfy4cny75s_00119,28,0,131,TRUE
8646,vlfy4cny75s_00120,28,0,121,TRUE
8647,vlfy4cny75s_00121,28,0,147,TRUE
8648,xbQCwTHcGN8_00058,28,0,90,TRUE
8649,xbQCwTHcGN8_00059,28,0,107,TRUE
8650,xbQCwTHcGN8_00060,28,0,143,FALSE
8651,xbQCwTHcGN8_00091,28,0,91,TRUE
8652,xbQCwTHcGN8_00092,28,0,169,FALSE
8653,xbQCwTHcGN8_00093,28,0,189,FALSE
8654,xbQCwTHcGN8_00118,28,0,159,TRUE
8655,xbQCwTHcGN8_00119,28,0,195,FALSE
8656,xbQCwTHcGN8_00120,28,0,168,TRUE
8657,xbQCwTHcGN8_00124,28,0,40,FALSE
8658,xbQCwTHcGN8_00125,28,0,137,TRUE
8659,xbQCwTHcGN8_00126,28,0,81,FALSE
8660,xbQCwTHcGN8_00148,28,0,103,TRUE
8661,xbQCwTHcGN8_00149,28,0,176,TRUE
8662,xbQCwTHcGN8_00150,28,0,115,TRUE
8663,xbQCwTHcGN8_00241,28,0,60,TRUE
8664,xbQCwTHcGN8_00242,28,0,141,TRUE
8665,xbQCwTHcGN8_00243,28,0,75,FALSE
8666,xbQCwTHcGN8_00268,28,0,76,TRUE
8667,xbQCwTHcGN8_00269,28,0,126,TRUE
8668,xbQCwTHcGN8_00270,28,0,84,FALSE
8669,xbQCwTHcGN8_00274,28,0,126,TRUE
8670,xbQCwTHcGN8_00275,28,0,168,FALSE
8671,xbQCwTHcGN8_00276,28,0,95,FALSE
8672,xbQCwTHcGN8_00280,28,0,96,TRUE
8673,xbQCwTHcGN8_00281,28,0,57,FALSE
8674,xbQCwTHcGN8_00282,28,0,138,FALSE
8675,xbQCwTHcGN8_00283,28,0,99,FALSE
8676,zbAC7t15q3k_00064,28,0,83,TRUE
8677,zbAC7t15q3k_00065,28,0,157,TRUE
8678,zbAC7t15q3k_00066,28,0,100,TRUE
8679,zbAC7t15q3k_00086,28,0,29,FALSE
8680,zbAC7t15q3k_00087,28,0,43,FALSE
8681,zbAC7t15q3k_00088,28,0,139,TRUE
8682,zbAC7t15q3k_00089,28,0,92,FALSE
8683,zbAC7t15q3k_00126,28,0,139,TRUE
8684,zbAC7t15q3k_00127,28,0,186,FALSE
8685,zbAC7t15q3k_00128,28,0,106,FALSE
8686,zbAC7t15q3k_00133,28,0,117,TRUE
8687,zbAC7t15q3k_00134,28,0,182,FALSE
8688,zbAC7t15q3k_00135,28,0,142,TRUE
8689,2x00lRzlTVQ_00022,29,0,81,FALSE
8690,2x00lRzlTVQ_00023,29,0,210,FALSE
8691,2x00lRzlTVQ_00024,29,0,114,TRUE
8692,3qq031609lA_00005,29,0,137,TRUE
8693,3qq031609lA_00006,29,0,114,TRUE
8694,3qq031609lA_00009,29,0,145,TRUE
8695,5V-dKBtmKLI_00012,29,0,122,TRUE
8696,5V-dKBtmKLI_00013,29,0,97,FALSE
8697,5V-dKBtmKLI_00121,29,0,54,TRUE
8698,5V-dKBtmKLI_00122,29,0,107,FALSE
8699,9BC6ssCjyfg_00199,29,0,77,FALSE
8700,9BC6ssCjyfg_00200,29,0,179,TRUE
8701,9BC6ssCjyfg_00201,29,0,142,TRUE
8702,9jZYYtzYqwE_00018,29,0,64,FALSE
8703,9jZYYtzYqwE_00019,29,0,116,TRUE
8704,D8YKHC5hmUs_00010,29,0,62,FALSE
8705,D8YKHC5hmUs_00011,29,0,155,FALSE
8706,D8YKHC5hmUs_00022,29,0,99,FALSE
8707,D8YKHC5hmUs_00023,29,0,161,FALSE
8708,LkluZoNfKu8_00008,29,0,45,TRUE
8709,LkluZoNfKu8_00009,29,0,142,TRUE
8710,LkluZoNfKu8_00010,29,0,140,TRUE
8711,LkluZoNfKu8_00011,29,0,272,FALSE
8712,LkluZoNfKu8_00012,29,0,71,TRUE
8713,LkluZoNfKu8_00013,29,0,169,TRUE
8714,LkluZoNfKu8_00014,29,0,100,TRUE
8715,LkluZoNfKu8_00015,29,0,193,FALSE
8716,LkluZoNfKu8_00020,29,0,82,FALSE
8717,LkluZoNfKu8_00021,29,0,199,FALSE
8718,LkluZoNfKu8_00100,29,0,48,TRUE
8719,LkluZoNfKu8_00101,29,0,139,TRUE
8720,LkluZoNfKu8_00102,29,0,135,FALSE
8721,LkluZoNfKu8_00103,29,0,240,FALSE
8722,LkluZoNfKu8_00139,29,0,245,FALSE
8723,LkluZoNfKu8_00140,29,0,111,TRUE
8724,LkluZoNfKu8_00141,29,0,207,FALSE
8725,LkluZoNfKu8_00142,29,0,148,TRUE
8726,LkluZoNfKu8_00143,29,0,214,FALSE
8727,LkluZoNfKu8_00148,29,0,88,FALSE
8728,LkluZoNfKu8_00149,29,0,222,FALSE
8729,OFxuiqI5G44_00197,29,0,258,FALSE
8730,OFxuiqI5G44_00198,29,0,274,FALSE
8731,OFxuiqI5G44_00199,29,0,314,FALSE
8732,OFxuiqI5G44_00206,29,0,250,FALSE
8733,OFxuiqI5G44_00207,29,0,255,FALSE
8734,OFxuiqI5G44_00208,29,0,269,FALSE
8735,OFxuiqI5G44_00248,29,0,280,FALSE
8736,OFxuiqI5G44_00249,29,0,227,FALSE
8737,OFxuiqI5G44_00250,29,0,233,FALSE
8738,OFxuiqI5G44_00266,29,0,320,FALSE
8739,OFxuiqI5G44_00267,29,0,246,FALSE
8740,OFxuiqI5G44_00268,29,0,245,FALSE
8741,Q--70-ELqLw_00187,29,0,49,FALSE
8742,Q--70-ELqLw_00188,29,0,133,TRUE
8743,Q--70-ELqLw_00189,29,0,133,TRUE
8744,VNvb5oLOpLg_00033,29,0,164,TRUE
8745,VNvb5oLOpLg_00034,29,0,269,FALSE
8746,VNvb5oLOpLg_00041,29,0,252,FALSE
8747,VNvb5oLOpLg_00042,29,0,248,FALSE
8748,VNvb5oLOpLg_00045,29,0,240,FALSE
8749,VNvb5oLOpLg_00046,29,0,277,FALSE
8750,VNvb5oLOpLg_00061,29,0,113,TRUE
8751,VNvb5oLOpLg_00062,29,0,204,FALSE
8752,VNvb5oLOpLg_00586,29,0,125,FALSE
8753,VNvb5oLOpLg_00587,29,0,196,FALSE
8754,VNvb5oLOpLg_00588,29,0,206,FALSE
8755,Y7QZcr24ye0_00000,29,0,107,FALSE
8756,Y7QZcr24ye0_00001,29,0,143,TRUE
8757,Y7QZcr24ye0_00004,29,0,197,FALSE
8758,Y7QZcr24ye0_00005,29,0,236,FALSE
8759,Y7QZcr24ye0_00008,29,0,195,FALSE
8760,Y7QZcr24ye0_00009,29,0,206,FALSE
8761,Y7QZcr24ye0_00026,29,0,165,FALSE
8762,Y7QZcr24ye0_00594,29,0,122,FALSE
8763,Y7QZcr24ye0_00595,29,0,212,FALSE
8764,Y7QZcr24ye0_00621,29,0,112,FALSE
8765,Y7QZcr24ye0_00622,29,0,212,FALSE
8766,Y7QZcr24ye0_00623,29,0,219,FALSE
8767,Y7QZcr24ye0_00633,29,0,202,FALSE
8768,Y7QZcr24ye0_00634,29,0,175,FALSE
8769,Y7QZcr24ye0_00635,29,0,254,FALSE
8770,Z_uFnDg-a4I_00128,29,0,102,FALSE
8771,Z_uFnDg-a4I_00129,29,0,183,FALSE
8772,_lmT4WlK7G0_00000,29,0,173,TRUE
8773,_lmT4WlK7G0_00001,29,0,152,TRUE
8774,_lmT4WlK7G0_00002,29,0,105,FALSE
8775,_lmT4WlK7G0_00006,29,0,125,TRUE
8776,_lmT4WlK7G0_00007,29,0,169,TRUE
8777,_lmT4WlK7G0_00008,29,0,62,FALSE
8778,_lmT4WlK7G0_00013,29,0,30,FALSE
8779,_lmT4WlK7G0_00014,29,0,24,FALSE
8780,_lmT4WlK7G0_00015,29,0,132,TRUE
8781,_lmT4WlK7G0_00016,29,0,69,FALSE
8782,_lmT4WlK7G0_00020,29,0,105,TRUE
8783,_lmT4WlK7G0_00021,29,0,126,FALSE
8784,_lmT4WlK7G0_00022,29,0,93,TRUE
8785,_lmT4WlK7G0_00036,29,0,60,TRUE
8786,_lmT4WlK7G0_00037,29,0,151,TRUE
8787,_lmT4WlK7G0_00038,29,0,68,TRUE
8788,_lmT4WlK7G0_00042,29,0,102,TRUE
8789,_lmT4WlK7G0_00043,29,0,40,TRUE
8790,_lmT4WlK7G0_00044,29,0,139,FALSE
8791,_lmT4WlK7G0_00045,29,0,88,FALSE
8792,_lmT4WlK7G0_00046,29,0,31,FALSE
8793,_lmT4WlK7G0_00047,29,0,170,TRUE
8794,_lmT4WlK7G0_00051,29,0,125,TRUE
8795,_lmT4WlK7G0_00052,29,0,164,TRUE
8796,_lmT4WlK7G0_00053,29,0,87,FALSE
8797,db7DmpqzGmc_00003,29,0,35,FALSE
8798,db7DmpqzGmc_00004,29,0,104,TRUE
8799,db7DmpqzGmc_00005,29,0,167,TRUE
8800,db7DmpqzGmc_00009,29,0,69,FALSE
8801,db7DmpqzGmc_00010,29,0,128,TRUE
8802,db7DmpqzGmc_00011,29,0,145,TRUE
8803,db7DmpqzGmc_00012,29,0,55,FALSE
8804,db7DmpqzGmc_00013,29,0,83,TRUE
8805,db7DmpqzGmc_00014,29,0,163,TRUE
8806,db7DmpqzGmc_00015,29,0,50,FALSE
8807,db7DmpqzGmc_00016,29,0,26,FALSE
8808,db7DmpqzGmc_00017,29,0,93,TRUE
8809,db7DmpqzGmc_00018,29,0,145,TRUE
8810,db7DmpqzGmc_00022,29,0,122,TRUE
8811,db7DmpqzGmc_00023,29,0,78,FALSE
8812,db7DmpqzGmc_00024,29,0,92,TRUE
8813,db7DmpqzGmc_00025,29,0,84,FALSE
8814,db7DmpqzGmc_00026,29,0,96,TRUE
8815,db7DmpqzGmc_00027,29,0,156,TRUE
8816,db7DmpqzGmc_00034,29,0,61,FALSE
8817,db7DmpqzGmc_00036,29,0,69,FALSE
8818,db7DmpqzGmc_00037,29,0,143,TRUE
8819,db7DmpqzGmc_00148,29,0,125,TRUE
8820,db7DmpqzGmc_00149,29,0,167,TRUE
8821,db7DmpqzGmc_00150,29,0,219,FALSE
8822,db7DmpqzGmc_00154,29,0,70,FALSE
8823,db7DmpqzGmc_00155,29,0,112,FALSE
8824,db7DmpqzGmc_00156,29,0,140,TRUE
8825,db7DmpqzGmc_00157,29,0,97,TRUE
8826,db7DmpqzGmc_00158,29,0,161,TRUE
8827,db7DmpqzGmc_00159,29,0,174,TRUE
8828,db7DmpqzGmc_00160,29,0,86,FALSE
8829,db7DmpqzGmc_00161,29,0,95,FALSE
8830,db7DmpqzGmc_00162,29,0,205,FALSE
8831,db7DmpqzGmc_00218,29,0,73,FALSE
8832,db7DmpqzGmc_00219,29,0,139,TRUE
8833,db7DmpqzGmc_00220,29,0,136,TRUE
8834,db7DmpqzGmc_00224,29,0,104,TRUE
8835,db7DmpqzGmc_00225,29,0,115,TRUE
8836,db7DmpqzGmc_00226,29,0,132,TRUE
8837,db7DmpqzGmc_00227,29,0,92,FALSE
8838,db7DmpqzGmc_00228,29,0,164,TRUE
8839,db7DmpqzGmc_00229,29,0,188,FALSE
8840,eN8umEok9U8_00017,29,0,100,TRUE
8841,eN8umEok9U8_00018,29,0,147,TRUE
8842,eN8umEok9U8_00019,29,0,150,TRUE
8843,eN8umEok9U8_00026,29,0,45,FALSE
8844,eN8umEok9U8_00027,29,0,78,TRUE
8845,eN8umEok9U8_00028,29,0,91,TRUE
8846,k1F4LHeYhBs_00083,29,0,419,FALSE
8847,k1F4LHeYhBs_00084,29,0,266,FALSE
8848,k1F4LHeYhBs_00085,29,0,237,FALSE
8849,nOlRwoxsDJ0_00004,29,0,107,FALSE
8850,nOlRwoxsDJ0_00005,29,0,237,FALSE
8851,nOlRwoxsDJ0_00014,29,0,344,FALSE
8852,nOlRwoxsDJ0_00015,29,0,289,FALSE
8853,nOlRwoxsDJ0_00016,29,0,127,TRUE
8854,nOlRwoxsDJ0_00017,29,0,221,FALSE
8855,nOlRwoxsDJ0_00024,29,0,212,FALSE
8856,nOlRwoxsDJ0_00025,29,0,280,FALSE
8857,nOlRwoxsDJ0_00499,29,0,148,FALSE
8858,nOlRwoxsDJ0_00501,29,0,236,FALSE
8859,sk8TafuB3lU_00010,29,0,154,FALSE
8860,sk8TafuB3lU_00011,29,0,242,FALSE
8861,sk8TafuB3lU_00022,29,0,248,FALSE
8862,sk8TafuB3lU_00027,29,0,248,FALSE
8863,sk8TafuB3lU_00031,29,0,129,TRUE
8864,sk8TafuB3lU_00032,29,0,160,FALSE
8865,sk8TafuB3lU_00045,29,0,251,FALSE
8866,sk8TafuB3lU_00047,29,0,145,TRUE
8867,sk8TafuB3lU_00048,29,0,244,FALSE
8868,sk8TafuB3lU_00049,29,0,185,FALSE
8869,sk8TafuB3lU_00051,29,0,145,TRUE
8870,sk8TafuB3lU_00052,29,0,206,FALSE
8871,sk8TafuB3lU_00053,29,0,97,FALSE
8872,sk8TafuB3lU_00054,29,0,171,FALSE
8873,sk8TafuB3lU_00103,29,0,194,FALSE
8874,sk8TafuB3lU_00104,29,0,287,FALSE
8875,sk8TafuB3lU_00129,29,0,307,FALSE
8876,sk8TafuB3lU_00130,29,0,312,FALSE
8877,sk8TafuB3lU_00677,29,0,102,FALSE
8878,sk8TafuB3lU_00678,29,0,182,FALSE
8879,sk8TafuB3lU_00679,29,0,203,FALSE
8880,sk8TafuB3lU_00695,29,0,80,FALSE
8881,sk8TafuB3lU_00697,29,0,184,FALSE
8882,uDESPUxbjnI_00021,29,0,53,TRUE
8883,uDESPUxbjnI_00022,29,0,95,FALSE
8884,uDESPUxbjnI_00023,29,0,166,FALSE
8885,uDESPUxbjnI_00027,29,0,66,TRUE
8886,uDESPUxbjnI_00028,29,0,98,FALSE
8887,uDESPUxbjnI_00029,29,0,155,FALSE
8888,uDESPUxbjnI_00142,29,0,209,FALSE
8889,uDESPUxbjnI_00143,29,0,139,FALSE
8890,uDESPUxbjnI_00144,29,0,210,FALSE
8891,uDESPUxbjnI_00148,29,0,131,TRUE
8892,uDESPUxbjnI_00149,29,0,94,FALSE
8893,uDESPUxbjnI_00150,29,0,158,FALSE
8894,vlfy4cny75s_00019,29,0,122,TRUE
8895,vlfy4cny75s_00020,29,0,148,TRUE
8896,vlfy4cny75s_00021,29,0,163,TRUE
8897,vlfy4cny75s_00031,29,0,139,TRUE
8898,vlfy4cny75s_00032,29,0,212,FALSE
8899,vlfy4cny75s_00033,29,0,218,FALSE
8900,vlfy4cny75s_00128,29,0,71,FALSE
8901,vlfy4cny75s_00129,29,0,209,FALSE
8902,vlfy4cny75s_00130,29,0,135,TRUE
8903,vlfy4cny75s_00141,29,0,82,TRUE
8904,vlfy4cny75s_00142,29,0,103,TRUE
8905,vlfy4cny75s_00143,29,0,141,FALSE
8906,zYHstCxnAPA_00012,29,0,195,FALSE
8907,zYHstCxnAPA_00013,29,0,203,FALSE
8908,zYHstCxnAPA_00016,29,0,278,FALSE
8909,zYHstCxnAPA_00017,29,0,205,FALSE
8910,zYHstCxnAPA_00030,29,0,118,TRUE
8911,zYHstCxnAPA_00031,29,0,205,FALSE
8912,zYHstCxnAPA_00032,29,0,128,TRUE
8913,zYHstCxnAPA_00033,29,0,185,FALSE
8914,zYHstCxnAPA_00036,29,0,196,FALSE
8915,zYHstCxnAPA_00037,29,0,238,FALSE
8916,zYHstCxnAPA_00414,29,0,186,FALSE
8917,zbAC7t15q3k_00003,29,0,38,FALSE
8918,zbAC7t15q3k_00004,29,0,129,TRUE
8919,zbAC7t15q3k_00005,29,0,82,FALSE
8920,#NAME?,31,0,34,FALSE
8921,#NAME?,31,0,37,FALSE
8922,#NAME?,31,0,231,FALSE
8923,#NAME?,31,0,77,FALSE
8924,#NAME?,31,0,91,FALSE
8925,#NAME?,31,0,65,FALSE
8926,#NAME?,31,0,40,TRUE
8927,#NAME?,31,0,79,TRUE
8928,#NAME?,31,0,46,FALSE
8929,#NAME?,31,0,102,FALSE
8930,#NAME?,31,0,107,TRUE
8931,#NAME?,31,0,113,TRUE
8932,#NAME?,31,0,41,FALSE
8933,#NAME?,31,0,55,TRUE
8934,#NAME?,31,0,64,FALSE
8935,#NAME?,31,0,106,TRUE
8936,#NAME?,31,0,39,FALSE
8937,#NAME?,31,0,47,TRUE
8938,#NAME?,31,0,104,FALSE
8939,#NAME?,31,0,46,FALSE
8940,#NAME?,31,0,88,TRUE
8941,#NAME?,31,0,89,FALSE
8942,#NAME?,31,0,83,TRUE
8943,#NAME?,31,0,52,TRUE
8944,#NAME?,31,0,64,TRUE
8945,#NAME?,31,0,74,TRUE
8946,#NAME?,31,0,67,FALSE
8947,#NAME?,31,0,101,FALSE
8948,#NAME?,31,0,100,FALSE
8949,2x00lRzlTVQ_00011,31,0,129,TRUE
8950,2x00lRzlTVQ_00012,31,0,135,FALSE
8951,5hXbclLNSNA_00035,31,0,100,TRUE
8952,5i1begTTucc_00010,31,0,115,TRUE
8953,5i1begTTucc_00011,31,0,140,TRUE
8954,9jZYYtzYqwE_00039,31,0,133,TRUE
8955,9jZYYtzYqwE_00040,31,0,178,TRUE
8956,9jZYYtzYqwE_00053,31,0,74,TRUE
8957,9jZYYtzYqwE_00069,31,0,74,TRUE
8958,D8YKHC5hmUs_00036,31,0,96,TRUE
8959,D8YKHC5hmUs_00037,31,0,85,TRUE
8960,D8YKHC5hmUs_00065,31,0,99,FALSE
8961,D8YKHC5hmUs_00066,31,0,179,FALSE
8962,D8YKHC5hmUs_00075,31,0,120,TRUE
8963,D8YKHC5hmUs_00076,31,0,158,TRUE
8964,D8YKHC5hmUs_00079,31,0,190,FALSE
8965,D8YKHC5hmUs_00080,31,0,137,TRUE
8966,D8YKHC5hmUs_00087,31,0,71,TRUE
8967,D8YKHC5hmUs_00088,31,0,99,TRUE
8968,D8YKHC5hmUs_00132,31,0,144,FALSE
8969,D8YKHC5hmUs_00133,31,0,159,TRUE
8970,D8YKHC5hmUs_00137,31,0,112,TRUE
8971,D8YKHC5hmUs_00145,31,0,59,FALSE
8972,D8YKHC5hmUs_00147,31,0,85,FALSE
8973,D8YKHC5hmUs_00156,31,0,124,FALSE
8974,D8YKHC5hmUs_00157,31,0,118,TRUE
8975,D8YKHC5hmUs_00160,31,0,115,TRUE
8976,D8YKHC5hmUs_00219,31,0,47,TRUE
8977,D8YKHC5hmUs_00220,31,0,83,TRUE
8978,DB4lpBDPnTY_00001,31,0,150,TRUE
8979,DB4lpBDPnTY_00006,31,0,213,FALSE
8980,JzOshOJgofw_00008,31,0,118,TRUE
8981,JzOshOJgofw_00009,31,0,109,TRUE
8982,JzOshOJgofw_00012,31,0,69,TRUE
8983,JzOshOJgofw_00013,31,0,96,TRUE
8984,JzOshOJgofw_00067,31,0,90,TRUE
8985,JzOshOJgofw_00068,31,0,111,TRUE
8986,JzOshOJgofw_00071,31,0,95,TRUE
8987,JzOshOJgofw_00072,31,0,98,TRUE
8988,JzOshOJgofw_00073,31,0,83,TRUE
8989,JzOshOJgofw_00074,31,0,127,TRUE
8990,JzOshOJgofw_00075,31,0,92,TRUE
8991,JzOshOJgofw_00076,31,0,134,TRUE
8992,JzOshOJgofw_00077,31,0,131,TRUE
8993,JzOshOJgofw_00078,31,0,155,TRUE
8994,JzOshOJgofw_00079,31,0,96,TRUE
8995,JzOshOJgofw_00080,31,0,97,TRUE
8996,JzOshOJgofw_00085,31,0,114,TRUE
8997,JzOshOJgofw_00086,31,0,156,TRUE
8998,JzOshOJgofw_00087,31,0,62,TRUE
8999,JzOshOJgofw_00088,31,0,103,TRUE
9000,JzOshOJgofw_00089,31,0,68,TRUE
9001,JzOshOJgofw_00090,31,0,103,TRUE
9002,JzOshOJgofw_00093,31,0,90,TRUE
9003,JzOshOJgofw_00094,31,0,80,TRUE
9004,JzOshOJgofw_00095,31,0,169,TRUE
9005,JzOshOJgofw_00096,31,0,115,TRUE
9006,JzOshOJgofw_00097,31,0,70,TRUE
9007,JzOshOJgofw_00098,31,0,100,TRUE
9008,JzOshOJgofw_00099,31,0,98,FALSE
9009,JzOshOJgofw_00103,31,0,176,TRUE
9010,JzOshOJgofw_00104,31,0,98,TRUE
9011,JzOshOJgofw_00117,31,0,168,TRUE
9012,JzOshOJgofw_00118,31,0,112,TRUE
9013,OFxuiqI5G44_00200,31,0,358,FALSE
9014,OFxuiqI5G44_00201,31,0,217,FALSE
9015,OFxuiqI5G44_00202,31,0,219,FALSE
9016,S9aCrmtAV8o_00002,31,0,248,FALSE
9017,S9aCrmtAV8o_00003,31,0,210,FALSE
9018,S9aCrmtAV8o_00008,31,0,98,TRUE
9019,S9aCrmtAV8o_00009,31,0,182,FALSE
9020,S9aCrmtAV8o_00038,31,0,92,FALSE
9021,S9aCrmtAV8o_00039,31,0,153,FALSE
9022,S9aCrmtAV8o_00077,31,0,301,FALSE
9023,S9aCrmtAV8o_00078,31,0,225,FALSE
9024,S9aCrmtAV8o_00105,31,0,254,FALSE
9025,VNvb5oLOpLg_00009,31,0,168,FALSE
9026,VNvb5oLOpLg_00010,31,0,294,FALSE
9027,VNvb5oLOpLg_00063,31,0,247,FALSE
9028,VNvb5oLOpLg_00064,31,0,190,FALSE
9029,VNvb5oLOpLg_00083,31,0,387,FALSE
9030,VNvb5oLOpLg_00084,31,0,249,FALSE
9031,VNvb5oLOpLg_00087,31,0,188,FALSE
9032,VNvb5oLOpLg_00088,31,0,277,FALSE
9033,VNvb5oLOpLg_00099,31,0,214,FALSE
9034,VNvb5oLOpLg_00100,31,0,249,FALSE
9035,VNvb5oLOpLg_00103,31,0,217,FALSE
9036,VNvb5oLOpLg_00104,31,0,233,FALSE
9037,VNvb5oLOpLg_00105,31,0,161,TRUE
9038,VNvb5oLOpLg_00106,31,0,227,FALSE
9039,VNvb5oLOpLg_00111,31,0,133,TRUE
9040,VNvb5oLOpLg_00112,31,0,214,FALSE
9041,VNvb5oLOpLg_00113,31,0,118,FALSE
9042,VNvb5oLOpLg_00114,31,0,220,FALSE
9043,VNvb5oLOpLg_00121,31,0,131,TRUE
9044,VNvb5oLOpLg_00122,31,0,203,FALSE
9045,VNvb5oLOpLg_00129,31,0,251,FALSE
9046,VNvb5oLOpLg_00130,31,0,221,FALSE
9047,VNvb5oLOpLg_00139,31,0,113,TRUE
9048,VNvb5oLOpLg_00140,31,0,221,FALSE
9049,VNvb5oLOpLg_00143,31,0,120,FALSE
9050,VNvb5oLOpLg_00144,31,0,247,FALSE
9051,VNvb5oLOpLg_00149,31,0,117,FALSE
9052,VNvb5oLOpLg_00150,31,0,220,FALSE
9053,VNvb5oLOpLg_00195,31,0,110,FALSE
9054,VNvb5oLOpLg_00196,31,0,243,FALSE
9055,VNvb5oLOpLg_00199,31,0,160,TRUE
9056,VNvb5oLOpLg_00200,31,0,205,FALSE
9057,VNvb5oLOpLg_00205,31,0,163,TRUE
9058,VNvb5oLOpLg_00206,31,0,223,FALSE
9059,VNvb5oLOpLg_00209,31,0,177,TRUE
9060,VNvb5oLOpLg_00210,31,0,247,FALSE
9061,VNvb5oLOpLg_00215,31,0,134,TRUE
9062,VNvb5oLOpLg_00216,31,0,227,FALSE
9063,VNvb5oLOpLg_00217,31,0,166,FALSE
9064,VNvb5oLOpLg_00218,31,0,170,FALSE
9065,VNvb5oLOpLg_00227,31,0,247,FALSE
9066,VNvb5oLOpLg_00228,31,0,291,FALSE
9067,VNvb5oLOpLg_00235,31,0,142,FALSE
9068,VNvb5oLOpLg_00236,31,0,212,FALSE
9069,VNvb5oLOpLg_00241,31,0,407,FALSE
9070,VNvb5oLOpLg_00242,31,0,200,FALSE
9071,VNvb5oLOpLg_00243,31,0,125,TRUE
9072,VNvb5oLOpLg_00244,31,0,213,FALSE
9073,VNvb5oLOpLg_00245,31,0,293,FALSE
9074,VNvb5oLOpLg_00246,31,0,247,FALSE
9075,VNvb5oLOpLg_00249,31,0,272,FALSE
9076,VNvb5oLOpLg_00258,31,0,130,TRUE
9077,VNvb5oLOpLg_00259,31,0,201,FALSE
9078,VNvb5oLOpLg_00282,31,0,247,FALSE
9079,VNvb5oLOpLg_00283,31,0,241,FALSE
9080,VNvb5oLOpLg_00286,31,0,104,TRUE
9081,VNvb5oLOpLg_00287,31,0,181,FALSE
9082,VNvb5oLOpLg_00297,31,0,206,FALSE
9083,VNvb5oLOpLg_00303,31,0,227,FALSE
9084,VNvb5oLOpLg_00643,31,0,178,FALSE
9085,VNvb5oLOpLg_00644,31,0,255,FALSE
9086,VNvb5oLOpLg_00645,31,0,262,FALSE
9087,VNvb5oLOpLg_00646,31,0,139,TRUE
9088,VNvb5oLOpLg_00647,31,0,246,FALSE
9089,VNvb5oLOpLg_00648,31,0,230,FALSE
9090,VNvb5oLOpLg_00649,31,0,238,FALSE
9091,VNvb5oLOpLg_00650,31,0,238,FALSE
9092,VNvb5oLOpLg_00651,31,0,231,FALSE
9093,VNvb5oLOpLg_00652,31,0,157,FALSE
9094,VNvb5oLOpLg_00653,31,0,268,FALSE
9095,VNvb5oLOpLg_00654,31,0,241,FALSE
9096,VNvb5oLOpLg_00655,31,0,122,FALSE
9097,VNvb5oLOpLg_00656,31,0,260,FALSE
9098,VNvb5oLOpLg_00657,31,0,232,FALSE
9099,VNvb5oLOpLg_00661,31,0,147,FALSE
9100,VNvb5oLOpLg_00662,31,0,235,FALSE
9101,VNvb5oLOpLg_00663,31,0,214,FALSE
9102,VNvb5oLOpLg_00664,31,0,127,TRUE
9103,VNvb5oLOpLg_00665,31,0,250,FALSE
9104,VNvb5oLOpLg_00666,31,0,235,FALSE
9105,VNvb5oLOpLg_00673,31,0,122,TRUE
9106,VNvb5oLOpLg_00674,31,0,249,FALSE
9107,VNvb5oLOpLg_00675,31,0,126,FALSE
9108,VNvb5oLOpLg_00676,31,0,357,FALSE
9109,VNvb5oLOpLg_00677,31,0,230,FALSE
9110,VNvb5oLOpLg_00678,31,0,215,FALSE
9111,VNvb5oLOpLg_00685,31,0,164,FALSE
9112,VNvb5oLOpLg_00686,31,0,236,FALSE
9113,VNvb5oLOpLg_00687,31,0,220,FALSE
9114,VNvb5oLOpLg_00688,31,0,166,FALSE
9115,VNvb5oLOpLg_00689,31,0,261,FALSE
9116,VNvb5oLOpLg_00690,31,0,251,FALSE
9117,VNvb5oLOpLg_00694,31,0,119,TRUE
9118,VNvb5oLOpLg_00695,31,0,197,FALSE
9119,VNvb5oLOpLg_00696,31,0,204,FALSE
9120,VNvb5oLOpLg_00697,31,0,138,FALSE
9121,VNvb5oLOpLg_00698,31,0,252,FALSE
9122,VNvb5oLOpLg_00699,31,0,247,FALSE
9123,VNvb5oLOpLg_00700,31,0,134,FALSE
9124,VNvb5oLOpLg_00701,31,0,207,FALSE
9125,VNvb5oLOpLg_00702,31,0,220,FALSE
9126,VNvb5oLOpLg_00715,31,0,107,TRUE
9127,VNvb5oLOpLg_00716,31,0,221,FALSE
9128,VNvb5oLOpLg_00717,31,0,209,FALSE
9129,VNvb5oLOpLg_00754,31,0,145,FALSE
9130,VNvb5oLOpLg_00755,31,0,239,FALSE
9131,VNvb5oLOpLg_00756,31,0,227,FALSE
9132,VNvb5oLOpLg_00776,31,0,131,FALSE
9133,VNvb5oLOpLg_00777,31,0,181,FALSE
9134,VNvb5oLOpLg_00778,31,0,218,FALSE
9135,VNvb5oLOpLg_00807,31,0,204,FALSE
9136,VNvb5oLOpLg_00808,31,0,219,FALSE
9137,VNvb5oLOpLg_00816,31,0,198,FALSE
9138,VNvb5oLOpLg_00817,31,0,182,FALSE
9139,VNvb5oLOpLg_00839,31,0,141,FALSE
9140,VNvb5oLOpLg_00840,31,0,268,FALSE
9141,VNvb5oLOpLg_00841,31,0,245,FALSE
9142,VNvb5oLOpLg_00854,31,0,269,FALSE
9143,VNvb5oLOpLg_00855,31,0,227,FALSE
9144,VNvb5oLOpLg_00856,31,0,236,FALSE
9145,VNvb5oLOpLg_00860,31,0,142,FALSE
9146,VNvb5oLOpLg_00861,31,0,226,FALSE
9147,Y7QZcr24ye0_00328,31,0,320,FALSE
9148,Y7QZcr24ye0_00329,31,0,286,FALSE
9149,Y7QZcr24ye0_00330,31,0,253,FALSE
9150,Y7QZcr24ye0_00331,31,0,202,FALSE
9151,Y7QZcr24ye0_00334,31,0,248,FALSE
9152,Y7QZcr24ye0_00335,31,0,231,FALSE
9153,Y7QZcr24ye0_00345,31,0,238,FALSE
9154,Y7QZcr24ye0_00346,31,0,155,TRUE
9155,Y7QZcr24ye0_00347,31,0,168,TRUE
9156,Y7QZcr24ye0_00350,31,0,142,FALSE
9157,Y7QZcr24ye0_00351,31,0,202,FALSE
9158,Y7QZcr24ye0_00354,31,0,167,FALSE
9159,Y7QZcr24ye0_00355,31,0,193,FALSE
9160,Y7QZcr24ye0_00356,31,0,102,FALSE
9161,Y7QZcr24ye0_00357,31,0,210,FALSE
9162,Y7QZcr24ye0_00368,31,0,87,TRUE
9163,Y7QZcr24ye0_00370,31,0,200,FALSE
9164,Y7QZcr24ye0_00373,31,0,130,TRUE
9165,Y7QZcr24ye0_00374,31,0,223,FALSE
9166,Y7QZcr24ye0_00375,31,0,146,FALSE
9167,Y7QZcr24ye0_00376,31,0,207,FALSE
9168,Y7QZcr24ye0_00381,31,0,216,FALSE
9169,Y7QZcr24ye0_00382,31,0,223,FALSE
9170,Y7QZcr24ye0_00383,31,0,286,FALSE
9171,Y7QZcr24ye0_00384,31,0,210,FALSE
9172,Y7QZcr24ye0_00385,31,0,91,TRUE
9173,Y7QZcr24ye0_00386,31,0,174,TRUE
9174,Y7QZcr24ye0_00392,31,0,155,FALSE
9175,Y7QZcr24ye0_00426,31,0,219,FALSE
9176,Y7QZcr24ye0_00429,31,0,282,FALSE
9177,Y7QZcr24ye0_00470,31,0,248,FALSE
9178,Y7QZcr24ye0_00531,31,0,315,FALSE
9179,Y7QZcr24ye0_00532,31,0,202,FALSE
9180,Y7QZcr24ye0_00537,31,0,95,FALSE
9181,Y7QZcr24ye0_00538,31,0,178,TRUE
9182,Y7QZcr24ye0_00539,31,0,412,FALSE
9183,Y7QZcr24ye0_00540,31,0,172,TRUE
9184,Y7QZcr24ye0_00541,31,0,256,FALSE
9185,Y7QZcr24ye0_00542,31,0,214,FALSE
9186,Y7QZcr24ye0_00551,31,0,115,TRUE
9187,Y7QZcr24ye0_00552,31,0,179,TRUE
9188,Y7QZcr24ye0_00563,31,0,103,TRUE
9189,Y7QZcr24ye0_00564,31,0,170,FALSE
9190,Y7QZcr24ye0_00565,31,0,129,FALSE
9191,Y7QZcr24ye0_00566,31,0,174,TRUE
9192,Y7QZcr24ye0_00570,31,0,100,FALSE
9193,Y7QZcr24ye0_00571,31,0,170,TRUE
9194,Y7QZcr24ye0_00576,31,0,278,FALSE
9195,Y7QZcr24ye0_00577,31,0,225,FALSE
9196,Y7QZcr24ye0_00578,31,0,294,FALSE
9197,Y7QZcr24ye0_00579,31,0,205,FALSE
9198,Y7QZcr24ye0_00657,31,0,118,FALSE
9199,Y7QZcr24ye0_00658,31,0,202,FALSE
9200,Y7QZcr24ye0_00659,31,0,216,FALSE
9201,Y7QZcr24ye0_00666,31,0,157,FALSE
9202,Y7QZcr24ye0_00667,31,0,248,FALSE
9203,Y7QZcr24ye0_00668,31,0,271,FALSE
9204,Y7QZcr24ye0_00672,31,0,320,FALSE
9205,Y7QZcr24ye0_00673,31,0,249,FALSE
9206,Y7QZcr24ye0_00674,31,0,318,FALSE
9207,Y7QZcr24ye0_00675,31,0,99,FALSE
9208,Y7QZcr24ye0_00676,31,0,144,TRUE
9209,Y7QZcr24ye0_00677,31,0,195,FALSE
9210,Y7QZcr24ye0_00681,31,0,277,FALSE
9211,Y7QZcr24ye0_00682,31,0,190,FALSE
9212,Y7QZcr24ye0_00683,31,0,243,FALSE
9213,Y7QZcr24ye0_00684,31,0,103,FALSE
9214,Y7QZcr24ye0_00685,31,0,218,FALSE
9215,Y7QZcr24ye0_00686,31,0,238,FALSE
9216,Y7QZcr24ye0_00687,31,0,155,FALSE
9217,Y7QZcr24ye0_00688,31,0,233,FALSE
9218,Y7QZcr24ye0_00689,31,0,239,FALSE
9219,Y7QZcr24ye0_00690,31,0,143,FALSE
9220,Y7QZcr24ye0_00691,31,0,236,FALSE
9221,Y7QZcr24ye0_00692,31,0,236,FALSE
9222,Y7QZcr24ye0_00693,31,0,87,TRUE
9223,Y7QZcr24ye0_00694,31,0,179,FALSE
9224,Y7QZcr24ye0_00695,31,0,222,FALSE
9225,Y7QZcr24ye0_00696,31,0,192,FALSE
9226,Y7QZcr24ye0_00697,31,0,186,FALSE
9227,Y7QZcr24ye0_00698,31,0,290,FALSE
9228,Y7QZcr24ye0_00707,31,0,105,FALSE
9229,Y7QZcr24ye0_00708,31,0,227,FALSE
9230,Y7QZcr24ye0_00709,31,0,210,FALSE
9231,Y7QZcr24ye0_00710,31,0,231,FALSE
9232,Y7QZcr24ye0_00711,31,0,269,FALSE
9233,Y7QZcr24ye0_00712,31,0,271,FALSE
9234,Y7QZcr24ye0_00713,31,0,94,FALSE
9235,Y7QZcr24ye0_00718,31,0,118,FALSE
9236,Y7QZcr24ye0_00719,31,0,210,FALSE
9237,Y7QZcr24ye0_00720,31,0,220,FALSE
9238,Y7QZcr24ye0_00726,31,0,179,FALSE
9239,Y7QZcr24ye0_00727,31,0,237,FALSE
9240,Y7QZcr24ye0_00728,31,0,225,FALSE
9241,Y7QZcr24ye0_00732,31,0,121,FALSE
9242,Y7QZcr24ye0_00733,31,0,205,FALSE
9243,Y7QZcr24ye0_00734,31,0,212,FALSE
9244,Y7QZcr24ye0_00771,31,0,119,FALSE
9245,Y7QZcr24ye0_00772,31,0,225,FALSE
9246,Y7QZcr24ye0_00773,31,0,231,FALSE
9247,Y7QZcr24ye0_00783,31,0,120,FALSE
9248,Y7QZcr24ye0_00784,31,0,292,FALSE
9249,Y7QZcr24ye0_00792,31,0,310,FALSE
9250,Y7QZcr24ye0_00793,31,0,344,FALSE
9251,Y7QZcr24ye0_00794,31,0,339,FALSE
9252,Y7QZcr24ye0_00809,31,0,132,FALSE
9253,Y7QZcr24ye0_00810,31,0,266,FALSE
9254,Y7QZcr24ye0_00811,31,0,254,FALSE
9255,_8Vy3dlHg2w_00017,31,0,94,FALSE
9256,_8Vy3dlHg2w_00041,31,0,86,FALSE
9257,_8Vy3dlHg2w_00043,31,0,127,TRUE
9258,_8Vy3dlHg2w_00142,31,0,83,FALSE
9259,_8Vy3dlHg2w_00145,31,0,117,TRUE
9260,ddV_Cpszpls_00180,31,0,86,TRUE
9261,eN8umEok9U8_00094,31,0,97,FALSE
9262,eN8umEok9U8_00095,31,0,108,FALSE
9263,eN8umEok9U8_00096,31,0,70,TRUE
9264,eN8umEok9U8_00097,31,0,104,TRUE
9265,eN8umEok9U8_00104,31,0,158,TRUE
9266,eN8umEok9U8_00105,31,0,98,TRUE
9267,eN8umEok9U8_00114,31,0,59,FALSE
9268,eN8umEok9U8_00115,31,0,103,FALSE
9269,eN8umEok9U8_00116,31,0,92,TRUE
9270,eN8umEok9U8_00117,31,0,143,TRUE
9271,eN8umEok9U8_00120,31,0,68,TRUE
9272,eN8umEok9U8_00121,31,0,111,TRUE
9273,eN8umEok9U8_00124,31,0,45,FALSE
9274,eN8umEok9U8_00125,31,0,31,TRUE
9275,eN8umEok9U8_00126,31,0,81,TRUE
9276,eN8umEok9U8_00127,31,0,28,TRUE
9277,eN8umEok9U8_00179,31,0,81,TRUE
9278,eN8umEok9U8_00180,31,0,147,TRUE
9279,fB1Pc3CylrQ_00008,31,0,79,TRUE
9280,fohMq9tOn6E_00004,31,0,126,FALSE
9281,fohMq9tOn6E_00005,31,0,126,FALSE
9282,fohMq9tOn6E_00010,31,0,178,FALSE
9283,fohMq9tOn6E_00011,31,0,118,FALSE
9284,fohMq9tOn6E_00037,31,0,120,TRUE
9285,fohMq9tOn6E_00038,31,0,140,FALSE
9286,fohMq9tOn6E_00060,31,0,129,TRUE
9287,fohMq9tOn6E_00061,31,0,85,TRUE
9288,fohMq9tOn6E_00126,31,0,49,TRUE
9289,fohMq9tOn6E_00127,31,0,69,TRUE
9290,j4gvbjifw14_00000,31,0,97,TRUE
9291,j4gvbjifw14_00001,31,0,156,FALSE
9292,j4gvbjifw14_00002,31,0,105,TRUE
9293,j4gvbjifw14_00003,31,0,112,FALSE
9294,j4gvbjifw14_00004,31,0,80,FALSE
9295,j4gvbjifw14_00010,31,0,88,TRUE
9296,j4gvbjifw14_00011,31,0,145,TRUE
9297,j4gvbjifw14_00012,31,0,52,FALSE
9298,j4gvbjifw14_00013,31,0,149,TRUE
9299,j4gvbjifw14_00014,31,0,132,FALSE
9300,j4gvbjifw14_00015,31,0,68,FALSE
9301,j4gvbjifw14_00016,31,0,55,FALSE
9302,j4gvbjifw14_00018,31,0,78,FALSE
9303,j4gvbjifw14_00019,31,0,84,TRUE
9304,j4gvbjifw14_00020,31,0,120,FALSE
9305,j4gvbjifw14_00021,31,0,79,TRUE
9306,j4gvbjifw14_00084,31,0,50,TRUE
9307,j4gvbjifw14_00086,31,0,117,FALSE
9308,j4gvbjifw14_00087,31,0,77,FALSE
9309,j4gvbjifw14_00106,31,0,37,FALSE
9310,j4gvbjifw14_00108,31,0,155,TRUE
9311,j4gvbjifw14_00109,31,0,97,FALSE
9312,j4gvbjifw14_00166,31,0,92,TRUE
9313,j4gvbjifw14_00167,31,0,145,TRUE
9314,j4gvbjifw14_00169,31,0,96,TRUE
9315,j4gvbjifw14_00170,31,0,156,FALSE
9316,j4gvbjifw14_00171,31,0,108,TRUE
9317,j4gvbjifw14_00172,31,0,62,TRUE
9318,j4gvbjifw14_00174,31,0,85,FALSE
9319,j4gvbjifw14_00175,31,0,141,TRUE
9320,j4gvbjifw14_00176,31,0,125,TRUE
9321,j4gvbjifw14_00177,31,0,74,TRUE
9322,j4gvbjifw14_00182,31,0,66,TRUE
9323,j4gvbjifw14_00183,31,0,151,FALSE
9324,j4gvbjifw14_00184,31,0,60,TRUE
9325,j4gvbjifw14_00185,31,0,93,TRUE
9326,mGbuP7nT2ck_00015,31,0,120,FALSE
9327,mGbuP7nT2ck_00124,31,0,56,TRUE
9328,mGbuP7nT2ck_00125,31,0,124,FALSE
9329,mGbuP7nT2ck_00130,31,0,182,FALSE
9330,mGbuP7nT2ck_00131,31,0,110,FALSE
9331,mGbuP7nT2ck_00140,31,0,132,TRUE
9332,mGbuP7nT2ck_00141,31,0,126,TRUE
9333,mGbuP7nT2ck_00142,31,0,61,TRUE
9334,mGbuP7nT2ck_00143,31,0,103,TRUE
9335,mGbuP7nT2ck_00144,31,0,61,TRUE
9336,mGbuP7nT2ck_00145,31,0,113,TRUE
9337,mGbuP7nT2ck_00153,31,0,73,TRUE
9338,mGbuP7nT2ck_00154,31,0,120,TRUE
9339,mGbuP7nT2ck_00167,31,0,73,TRUE
9340,mGbuP7nT2ck_00168,31,0,148,TRUE
9341,mGbuP7nT2ck_00173,31,0,178,TRUE
9342,mGbuP7nT2ck_00174,31,0,173,TRUE
9343,mGbuP7nT2ck_00179,31,0,60,TRUE
9344,mGbuP7nT2ck_00180,31,0,128,TRUE
9345,nOlRwoxsDJ0_00012,31,0,257,FALSE
9346,nOlRwoxsDJ0_00013,31,0,192,FALSE
9347,nOlRwoxsDJ0_00020,31,0,112,TRUE
9348,nOlRwoxsDJ0_00021,31,0,208,FALSE
9349,nOlRwoxsDJ0_00052,31,0,152,FALSE
9350,nOlRwoxsDJ0_00053,31,0,195,FALSE
9351,nOlRwoxsDJ0_00066,31,0,162,TRUE
9352,nOlRwoxsDJ0_00067,31,0,230,FALSE
9353,nOlRwoxsDJ0_00085,31,0,108,TRUE
9354,nOlRwoxsDJ0_00086,31,0,192,FALSE
9355,nOlRwoxsDJ0_00089,31,0,248,FALSE
9356,nOlRwoxsDJ0_00090,31,0,208,FALSE
9357,nOlRwoxsDJ0_00091,31,0,173,FALSE
9358,nOlRwoxsDJ0_00092,31,0,240,FALSE
9359,nOlRwoxsDJ0_00097,31,0,168,FALSE
9360,nOlRwoxsDJ0_00098,31,0,223,FALSE
9361,nOlRwoxsDJ0_00103,31,0,119,TRUE
9362,nOlRwoxsDJ0_00104,31,0,224,FALSE
9363,nOlRwoxsDJ0_00105,31,0,149,TRUE
9364,nOlRwoxsDJ0_00106,31,0,195,FALSE
9365,nOlRwoxsDJ0_00109,31,0,153,FALSE
9366,nOlRwoxsDJ0_00110,31,0,208,FALSE
9367,nOlRwoxsDJ0_00170,31,0,109,FALSE
9368,nOlRwoxsDJ0_00171,31,0,186,FALSE
9369,nOlRwoxsDJ0_00172,31,0,133,TRUE
9370,nOlRwoxsDJ0_00173,31,0,250,FALSE
9371,nOlRwoxsDJ0_00176,31,0,385,FALSE
9372,nOlRwoxsDJ0_00177,31,0,212,FALSE
9373,nOlRwoxsDJ0_00180,31,0,130,TRUE
9374,nOlRwoxsDJ0_00181,31,0,195,FALSE
9375,nOlRwoxsDJ0_00190,31,0,128,TRUE
9376,nOlRwoxsDJ0_00191,31,0,212,FALSE
9377,nOlRwoxsDJ0_00196,31,0,435,FALSE
9378,nOlRwoxsDJ0_00197,31,0,236,FALSE
9379,nOlRwoxsDJ0_00198,31,0,181,FALSE
9380,nOlRwoxsDJ0_00199,31,0,263,FALSE
9381,nOlRwoxsDJ0_00202,31,0,294,FALSE
9382,nOlRwoxsDJ0_00203,31,0,253,FALSE
9383,nOlRwoxsDJ0_00208,31,0,169,FALSE
9384,nOlRwoxsDJ0_00209,31,0,203,FALSE
9385,nOlRwoxsDJ0_00210,31,0,425,FALSE
9386,nOlRwoxsDJ0_00213,31,0,136,TRUE
9387,nOlRwoxsDJ0_00214,31,0,185,FALSE
9388,nOlRwoxsDJ0_00215,31,0,130,TRUE
9389,nOlRwoxsDJ0_00216,31,0,225,FALSE
9390,nOlRwoxsDJ0_00221,31,0,396,FALSE
9391,nOlRwoxsDJ0_00222,31,0,203,FALSE
9392,nOlRwoxsDJ0_00231,31,0,227,FALSE
9393,nOlRwoxsDJ0_00232,31,0,210,FALSE
9394,nOlRwoxsDJ0_00236,31,0,131,TRUE
9395,nOlRwoxsDJ0_00237,31,0,204,FALSE
9396,nOlRwoxsDJ0_00242,31,0,137,TRUE
9397,nOlRwoxsDJ0_00243,31,0,209,FALSE
9398,nOlRwoxsDJ0_00246,31,0,105,FALSE
9399,nOlRwoxsDJ0_00247,31,0,185,FALSE
9400,nOlRwoxsDJ0_00250,31,0,218,FALSE
9401,nOlRwoxsDJ0_00251,31,0,280,FALSE
9402,nOlRwoxsDJ0_00456,31,0,101,FALSE
9403,nOlRwoxsDJ0_00486,31,0,146,FALSE
9404,nOlRwoxsDJ0_00487,31,0,247,FALSE
9405,nOlRwoxsDJ0_00495,31,0,156,FALSE
9406,nOlRwoxsDJ0_00496,31,0,220,FALSE
9407,nOlRwoxsDJ0_00497,31,0,127,FALSE
9408,nOlRwoxsDJ0_00498,31,0,201,FALSE
9409,nOlRwoxsDJ0_00508,31,0,125,FALSE
9410,nOlRwoxsDJ0_00509,31,0,230,FALSE
9411,nOlRwoxsDJ0_00516,31,0,133,TRUE
9412,nOlRwoxsDJ0_00517,31,0,245,FALSE
9413,nOlRwoxsDJ0_00518,31,0,200,FALSE
9414,nOlRwoxsDJ0_00519,31,0,256,FALSE
9415,nOlRwoxsDJ0_00522,31,0,272,FALSE
9416,nOlRwoxsDJ0_00523,31,0,253,FALSE
9417,nOlRwoxsDJ0_00524,31,0,114,FALSE
9418,nOlRwoxsDJ0_00525,31,0,242,FALSE
9419,nOlRwoxsDJ0_00528,31,0,198,FALSE
9420,nOlRwoxsDJ0_00529,31,0,226,FALSE
9421,nOlRwoxsDJ0_00530,31,0,137,FALSE
9422,nOlRwoxsDJ0_00531,31,0,279,FALSE
9423,nOlRwoxsDJ0_00534,31,0,129,FALSE
9424,nOlRwoxsDJ0_00535,31,0,221,FALSE
9425,nOlRwoxsDJ0_00542,31,0,125,FALSE
9426,nOlRwoxsDJ0_00543,31,0,202,FALSE
9427,nOlRwoxsDJ0_00546,31,0,279,FALSE
9428,nOlRwoxsDJ0_00547,31,0,229,FALSE
9429,nOlRwoxsDJ0_00555,31,0,190,FALSE
9430,nOlRwoxsDJ0_00556,31,0,237,FALSE
9431,nOlRwoxsDJ0_00557,31,0,127,FALSE
9432,nOlRwoxsDJ0_00558,31,0,254,FALSE
9433,nOlRwoxsDJ0_00559,31,0,131,FALSE
9434,nOlRwoxsDJ0_00560,31,0,244,FALSE
9435,nOlRwoxsDJ0_00564,31,0,370,FALSE
9436,nOlRwoxsDJ0_00565,31,0,264,FALSE
9437,nOlRwoxsDJ0_00584,31,0,122,FALSE
9438,nOlRwoxsDJ0_00585,31,0,183,FALSE
9439,nOlRwoxsDJ0_00589,31,0,124,FALSE
9440,nOlRwoxsDJ0_00590,31,0,203,FALSE
9441,nOlRwoxsDJ0_00595,31,0,171,FALSE
9442,nOlRwoxsDJ0_00596,31,0,282,FALSE
9443,nOlRwoxsDJ0_00613,31,0,197,FALSE
9444,nOlRwoxsDJ0_00614,31,0,255,FALSE
9445,nOlRwoxsDJ0_00623,31,0,190,FALSE
9446,nOlRwoxsDJ0_00624,31,0,275,FALSE
9447,nOlRwoxsDJ0_00629,31,0,273,FALSE
9448,nOlRwoxsDJ0_00630,31,0,284,FALSE
9449,siEI_jaSmd4_00012,31,0,180,FALSE
9450,siEI_jaSmd4_00013,31,0,118,TRUE
9451,siEI_jaSmd4_00014,31,0,86,FALSE
9452,siEI_jaSmd4_00021,31,0,112,TRUE
9453,siEI_jaSmd4_00023,31,0,107,FALSE
9454,siEI_jaSmd4_00037,31,0,126,TRUE
9455,siEI_jaSmd4_00039,31,0,123,TRUE
9456,siEI_jaSmd4_00041,31,0,65,FALSE
9457,sk8TafuB3lU_00087,31,0,282,FALSE
9458,sk8TafuB3lU_00088,31,0,230,FALSE
9459,sk8TafuB3lU_00105,31,0,177,TRUE
9460,sk8TafuB3lU_00106,31,0,297,FALSE
9461,sk8TafuB3lU_00214,31,0,189,FALSE
9462,sk8TafuB3lU_00215,31,0,181,FALSE
9463,sk8TafuB3lU_00220,31,0,115,TRUE
9464,sk8TafuB3lU_00221,31,0,204,FALSE
9465,sk8TafuB3lU_00227,31,0,105,FALSE
9466,sk8TafuB3lU_00229,31,0,159,FALSE
9467,sk8TafuB3lU_00230,31,0,232,FALSE
9468,sk8TafuB3lU_00246,31,0,145,TRUE
9469,sk8TafuB3lU_00254,31,0,148,TRUE
9470,sk8TafuB3lU_00600,31,0,149,TRUE
9471,sk8TafuB3lU_00601,31,0,229,FALSE
9472,sk8TafuB3lU_00725,31,0,272,FALSE
9473,sk8TafuB3lU_00726,31,0,230,FALSE
9474,sk8TafuB3lU_00731,31,0,110,FALSE
9475,sk8TafuB3lU_00732,31,0,232,FALSE
9476,sk8TafuB3lU_00733,31,0,224,FALSE
9477,sk8TafuB3lU_00737,31,0,129,FALSE
9478,sk8TafuB3lU_00738,31,0,225,FALSE
9479,sk8TafuB3lU_00739,31,0,232,FALSE
9480,sk8TafuB3lU_00740,31,0,136,TRUE
9481,sk8TafuB3lU_00741,31,0,229,FALSE
9482,sk8TafuB3lU_00742,31,0,200,FALSE
9483,sk8TafuB3lU_00743,31,0,118,FALSE
9484,sk8TafuB3lU_00744,31,0,221,FALSE
9485,sk8TafuB3lU_00745,31,0,203,FALSE
9486,sk8TafuB3lU_00749,31,0,196,FALSE
9487,sk8TafuB3lU_00750,31,0,223,FALSE
9488,sk8TafuB3lU_00751,31,0,211,FALSE
9489,sk8TafuB3lU_00752,31,0,231,FALSE
9490,sk8TafuB3lU_00753,31,0,251,FALSE
9491,sk8TafuB3lU_00754,31,0,275,FALSE
9492,sk8TafuB3lU_00764,31,0,142,FALSE
9493,sk8TafuB3lU_00765,31,0,237,FALSE
9494,sk8TafuB3lU_00766,31,0,251,FALSE
9495,sk8TafuB3lU_00767,31,0,131,FALSE
9496,sk8TafuB3lU_00768,31,0,228,FALSE
9497,sk8TafuB3lU_00769,31,0,234,FALSE
9498,sk8TafuB3lU_00770,31,0,245,FALSE
9499,sk8TafuB3lU_00771,31,0,231,FALSE
9500,sk8TafuB3lU_00772,31,0,232,FALSE
9501,sk8TafuB3lU_00776,31,0,247,FALSE
9502,sk8TafuB3lU_00784,31,0,228,FALSE
9503,sk8TafuB3lU_00785,31,0,234,FALSE
9504,sk8TafuB3lU_00786,31,0,271,FALSE
9505,sk8TafuB3lU_00787,31,0,351,FALSE
9506,sk8TafuB3lU_00788,31,0,284,FALSE
9507,sk8TafuB3lU_00789,31,0,265,FALSE
9508,sk8TafuB3lU_00790,31,0,172,FALSE
9509,sk8TafuB3lU_00791,31,0,229,FALSE
9510,sk8TafuB3lU_00796,31,0,252,FALSE
9511,sk8TafuB3lU_00797,31,0,226,FALSE
9512,sk8TafuB3lU_00798,31,0,214,FALSE
9513,sk8TafuB3lU_00799,31,0,159,FALSE
9514,sk8TafuB3lU_00800,31,0,267,FALSE
9515,sk8TafuB3lU_00810,31,0,126,FALSE
9516,sk8TafuB3lU_00811,31,0,247,FALSE
9517,sk8TafuB3lU_00830,31,0,124,TRUE
9518,sk8TafuB3lU_00831,31,0,226,FALSE
9519,sk8TafuB3lU_00832,31,0,241,FALSE
9520,sk8TafuB3lU_00833,31,0,454,FALSE
9521,sk8TafuB3lU_00835,31,0,202,FALSE
9522,sk8TafuB3lU_00836,31,0,207,FALSE
9523,sk8TafuB3lU_00837,31,0,193,FALSE
9524,sk8TafuB3lU_00838,31,0,281,FALSE
9525,sk8TafuB3lU_00839,31,0,276,FALSE
9526,sk8TafuB3lU_00919,31,0,116,FALSE
9527,sk8TafuB3lU_00920,31,0,217,FALSE
9528,sk8TafuB3lU_00924,31,0,158,FALSE
9529,sk8TafuB3lU_00925,31,0,237,FALSE
9530,sk8TafuB3lU_00926,31,0,253,FALSE
9531,sk8TafuB3lU_00936,31,0,121,FALSE
9532,sk8TafuB3lU_00937,31,0,202,FALSE
9533,zYHstCxnAPA_00045,31,0,128,FALSE
9534,zYHstCxnAPA_00046,31,0,195,FALSE
9535,zYHstCxnAPA_00184,31,0,126,TRUE
9536,zYHstCxnAPA_00185,31,0,177,TRUE
9537,zYHstCxnAPA_00186,31,0,119,TRUE
9538,zYHstCxnAPA_00187,31,0,208,FALSE
9539,zYHstCxnAPA_00192,31,0,159,TRUE
9540,zYHstCxnAPA_00193,31,0,217,FALSE
9541,zYHstCxnAPA_00206,31,0,129,FALSE
9542,zYHstCxnAPA_00207,31,0,263,FALSE
9543,zYHstCxnAPA_00208,31,0,156,FALSE
9544,zYHstCxnAPA_00209,31,0,197,FALSE
9545,zYHstCxnAPA_00224,31,0,257,FALSE
9546,zYHstCxnAPA_00225,31,0,213,FALSE
9547,zYHstCxnAPA_00226,31,0,102,TRUE
9548,zYHstCxnAPA_00227,31,0,187,FALSE
9549,zYHstCxnAPA_00228,31,0,135,TRUE
9550,zYHstCxnAPA_00229,31,0,189,FALSE
9551,zYHstCxnAPA_00304,31,0,159,FALSE
9552,zYHstCxnAPA_00305,31,0,219,FALSE
9553,zYHstCxnAPA_00309,31,0,213,FALSE
9554,zYHstCxnAPA_00316,31,0,107,TRUE
9555,zYHstCxnAPA_00317,31,0,225,FALSE
9556,zYHstCxnAPA_00340,31,0,101,TRUE
9557,zYHstCxnAPA_00341,31,0,124,TRUE
9558,zYHstCxnAPA_00342,31,0,242,FALSE
9559,zYHstCxnAPA_00347,31,0,139,TRUE
9560,zYHstCxnAPA_00348,31,0,236,FALSE
9561,zYHstCxnAPA_00370,31,0,106,TRUE
9562,zYHstCxnAPA_00371,31,0,210,FALSE
9563,zYHstCxnAPA_00389,31,0,192,FALSE
9564,zYHstCxnAPA_00390,31,0,215,FALSE
9565,zYHstCxnAPA_00391,31,0,112,TRUE
9566,zYHstCxnAPA_00392,31,0,197,FALSE
9567,zYHstCxnAPA_00393,31,0,179,FALSE
9568,zYHstCxnAPA_00395,31,0,195,FALSE
9569,zYHstCxnAPA_00396,31,0,184,FALSE
9570,zYHstCxnAPA_00408,31,0,137,TRUE
9571,zYHstCxnAPA_00409,31,0,207,FALSE
9572,zYHstCxnAPA_00410,31,0,184,FALSE
9573,zYHstCxnAPA_00420,31,0,455,FALSE
9574,zYHstCxnAPA_00421,31,0,238,FALSE
9575,zYHstCxnAPA_00422,31,0,281,FALSE
9576,zYHstCxnAPA_00426,31,0,130,TRUE
9577,zYHstCxnAPA_00427,31,0,231,FALSE
9578,zYHstCxnAPA_00428,31,0,217,FALSE
9579,zYHstCxnAPA_00438,31,0,108,TRUE
9580,zYHstCxnAPA_00439,31,0,210,FALSE
9581,zYHstCxnAPA_00440,31,0,181,FALSE
9582,zYHstCxnAPA_00469,31,0,83,TRUE
9583,zYHstCxnAPA_00470,31,0,141,FALSE
9584,zYHstCxnAPA_00474,31,0,170,TRUE
9585,zYHstCxnAPA_00475,31,0,214,FALSE
9586,zYHstCxnAPA_00482,31,0,151,TRUE
9587,zYHstCxnAPA_00483,31,0,272,FALSE
9588,zYHstCxnAPA_00484,31,0,108,FALSE
9589,zYHstCxnAPA_00485,31,0,249,FALSE
9590,zYHstCxnAPA_00486,31,0,343,FALSE
9591,zYHstCxnAPA_00487,31,0,294,FALSE
9592,zYHstCxnAPA_00492,31,0,188,FALSE
9593,zYHstCxnAPA_00493,31,0,246,FALSE
9594,zYHstCxnAPA_00502,31,0,177,FALSE
9595,zYHstCxnAPA_00503,31,0,273,FALSE
9596,zYHstCxnAPA_00534,31,0,99,FALSE
9597,zYHstCxnAPA_00554,31,0,132,TRUE
9598,zYHstCxnAPA_00556,31,0,254,FALSE
9599,zYHstCxnAPA_00566,31,0,148,TRUE
9600,zYHstCxnAPA_00567,31,0,232,FALSE
9601,zYHstCxnAPA_00576,31,0,159,TRUE
9602,zYHstCxnAPA_00577,31,0,278,FALSE
9603,D8YKHC5hmUs_00136,32,0,64,FALSE
9604,D8YKHC5hmUs_00143,32,0,94,TRUE
9605,D8YKHC5hmUs_00144,32,0,66,FALSE
9606,D8YKHC5hmUs_00148,32,0,173,TRUE
9607,D8YKHC5hmUs_00149,32,0,123,FALSE
9608,D8YKHC5hmUs_00164,32,0,125,TRUE
9609,D8YKHC5hmUs_00165,32,0,116,TRUE
9610,D8YKHC5hmUs_00254,32,0,190,FALSE
9611,D8YKHC5hmUs_00255,32,0,134,FALSE
9612,D8YKHC5hmUs_00269,32,0,150,TRUE
9613,D8YKHC5hmUs_00270,32,0,96,FALSE
9614,D8YKHC5hmUs_00271,32,0,81,TRUE
9615,D8YKHC5hmUs_00272,32,0,147,FALSE
9616,JzOshOJgofw_00100,32,0,143,TRUE
9617,JzOshOJgofw_00253,32,0,90,TRUE
9618,VNvb5oLOpLg_00125,32,0,131,TRUE
9619,VNvb5oLOpLg_00126,32,0,221,FALSE
9620,Y7QZcr24ye0_00177,32,0,192,FALSE
9621,Y7QZcr24ye0_00197,32,0,229,FALSE
9622,Y7QZcr24ye0_00198,32,0,168,TRUE
9623,c7FHotPDZIw_00040,32,0,57,TRUE
9624,eN8umEok9U8_00068,32,0,86,TRUE
9625,eN8umEok9U8_00069,32,0,89,FALSE
9626,eN8umEok9U8_00157,32,0,60,TRUE
9627,eN8umEok9U8_00158,32,0,71,TRUE
9628,eN8umEok9U8_00169,32,0,130,TRUE
9629,eN8umEok9U8_00170,32,0,137,TRUE
9630,fohMq9tOn6E_00018,32,0,34,TRUE
9631,fohMq9tOn6E_00019,32,0,28,TRUE
9632,fohMq9tOn6E_00021,32,0,46,TRUE
9633,fohMq9tOn6E_00047,32,0,77,FALSE
9634,fohMq9tOn6E_00048,32,0,118,TRUE
9635,fohMq9tOn6E_00076,32,0,58,TRUE
9636,fohMq9tOn6E_00077,32,0,26,FALSE
9637,fohMq9tOn6E_00078,32,0,43,TRUE
9638,fohMq9tOn6E_00109,32,0,73,TRUE
9639,fohMq9tOn6E_00110,32,0,77,TRUE
9640,fohMq9tOn6E_00130,32,0,121,TRUE
9641,fohMq9tOn6E_00131,32,0,118,TRUE
9642,fohMq9tOn6E_00140,32,0,102,TRUE
9643,fohMq9tOn6E_00141,32,0,117,TRUE
9644,iv0Gu1VXAgc_00203,32,0,37,FALSE
9645,siEI_jaSmd4_00070,32,0,67,TRUE
9646,siEI_jaSmd4_00098,32,0,43,FALSE
9647,siEI_jaSmd4_00099,32,0,182,FALSE
9648,sk8TafuB3lU_00141,32,0,180,FALSE
9649,sk8TafuB3lU_00142,32,0,235,FALSE
9650,sk8TafuB3lU_00231,32,0,212,FALSE
9651,sk8TafuB3lU_00232,32,0,253,FALSE
9652,sk8TafuB3lU_00247,32,0,259,FALSE
9653,sk8TafuB3lU_00248,32,0,134,TRUE
9654,sk8TafuB3lU_00249,32,0,201,FALSE
9655,sk8TafuB3lU_00250,32,0,99,TRUE
9656,sk8TafuB3lU_00251,32,0,212,FALSE
9657,sk8TafuB3lU_00255,32,0,228,FALSE
9658,zYHstCxnAPA_00088,32,0,95,TRUE
9659,zYHstCxnAPA_00089,32,0,202,FALSE
9660,zYHstCxnAPA_00110,32,0,161,TRUE
9661,zYHstCxnAPA_00111,32,0,169,TRUE
9662,zYHstCxnAPA_00146,32,0,143,FALSE
9663,zYHstCxnAPA_00147,32,0,204,FALSE
9664,3N1kUtqJ25A_00024,33,0,116,TRUE
9665,3N1kUtqJ25A_00025,33,0,175,FALSE
9666,3N1kUtqJ25A_00026,33,0,191,FALSE
9667,3N1kUtqJ25A_00027,33,0,95,TRUE
9668,3N1kUtqJ25A_00028,33,0,171,TRUE
9669,3N1kUtqJ25A_00029,33,0,172,FALSE
9670,3N1kUtqJ25A_00106,33,0,100,FALSE
9671,3N1kUtqJ25A_00107,33,0,199,FALSE
9672,3N1kUtqJ25A_00108,33,0,201,FALSE
9673,3N1kUtqJ25A_00109,33,0,130,TRUE
9674,3N1kUtqJ25A_00110,33,0,219,FALSE
9675,3N1kUtqJ25A_00111,33,0,187,FALSE
9676,3N1kUtqJ25A_00118,33,0,334,FALSE
9677,3N1kUtqJ25A_00119,33,0,242,FALSE
9678,3N1kUtqJ25A_00120,33,0,219,FALSE
9679,3N1kUtqJ25A_00157,33,0,130,FALSE
9680,3N1kUtqJ25A_00158,33,0,258,FALSE
9681,3N1kUtqJ25A_00159,33,0,233,FALSE
9682,3N1kUtqJ25A_00163,33,0,222,FALSE
9683,3N1kUtqJ25A_00164,33,0,261,FALSE
9684,3N1kUtqJ25A_00165,33,0,286,FALSE
9685,3N1kUtqJ25A_00178,33,0,125,TRUE
9686,3N1kUtqJ25A_00179,33,0,224,FALSE
9687,3N1kUtqJ25A_00180,33,0,234,FALSE
9688,3N1kUtqJ25A_00265,33,0,157,FALSE
9689,3N1kUtqJ25A_00266,33,0,275,FALSE
9690,3N1kUtqJ25A_00267,33,0,247,FALSE
9691,3PLiUG_DuC8_00007,33,0,139,TRUE
9692,3PLiUG_DuC8_00008,33,0,152,FALSE
9693,3PLiUG_DuC8_00009,33,0,79,FALSE
9694,3PLiUG_DuC8_00012,33,0,137,TRUE
9695,3PLiUG_DuC8_00014,33,0,82,FALSE
9696,3PLiUG_DuC8_00015,33,0,168,TRUE
9697,3PLiUG_DuC8_00016,33,0,119,FALSE
9698,3PLiUG_DuC8_00017,33,0,52,FALSE
9699,3PLiUG_DuC8_00018,33,0,122,TRUE
9700,3PLiUG_DuC8_00020,33,0,71,FALSE
9701,3PLiUG_DuC8_00021,33,0,151,TRUE
9702,3PLiUG_DuC8_00151,33,0,51,FALSE
9703,3PLiUG_DuC8_00152,33,0,134,FALSE
9704,3PLiUG_DuC8_00288,33,0,154,TRUE
9705,3PLiUG_DuC8_00308,33,0,71,TRUE
9706,3PLiUG_DuC8_00309,33,0,127,FALSE
9707,3PLiUG_DuC8_00323,33,0,75,TRUE
9708,3PLiUG_DuC8_00324,33,0,157,FALSE
9709,3PLiUG_DuC8_00325,33,0,94,FALSE
9710,3PLiUG_DuC8_00326,33,0,171,TRUE
9711,3PLiUG_DuC8_00327,33,0,165,TRUE
9712,3PLiUG_DuC8_00328,33,0,99,FALSE
9713,3PLiUG_DuC8_00329,33,0,177,TRUE
9714,3PLiUG_DuC8_00330,33,0,115,TRUE
9715,3PLiUG_DuC8_00332,33,0,90,FALSE
9716,3PLiUG_DuC8_00333,33,0,161,TRUE
9717,3PLiUG_DuC8_00334,33,0,112,FALSE
9718,3PLiUG_DuC8_00335,33,0,114,TRUE
9719,3PLiUG_DuC8_00336,33,0,164,TRUE
9720,3qq031609lA_00015,33,0,49,TRUE
9721,3qq031609lA_00027,33,0,126,TRUE
9722,3qq031609lA_00029,33,0,102,TRUE
9723,5hXbclLNSNA_00015,33,0,82,TRUE
9724,5hXbclLNSNA_00016,33,0,126,TRUE
9725,5hXbclLNSNA_00032,33,0,119,TRUE
9726,5hXbclLNSNA_00033,33,0,135,TRUE
9727,5i1begTTucc_00006,33,0,65,TRUE
9728,5i1begTTucc_00007,33,0,97,TRUE
9729,5i1begTTucc_00036,33,0,143,TRUE
9730,5i1begTTucc_00037,33,0,169,TRUE
9731,5i1begTTucc_00040,33,0,199,FALSE
9732,5i1begTTucc_00041,33,0,119,TRUE
9733,5i1begTTucc_00048,33,0,83,TRUE
9734,5i1begTTucc_00049,33,0,114,TRUE
9735,6wVdnLa3Tes_00003,33,0,88,FALSE
9736,6wVdnLa3Tes_00004,33,0,130,TRUE
9737,6wVdnLa3Tes_00005,33,0,109,FALSE
9738,6wVdnLa3Tes_00015,33,0,72,TRUE
9739,6wVdnLa3Tes_00016,33,0,177,TRUE
9740,6wVdnLa3Tes_00017,33,0,88,FALSE
9741,6wVdnLa3Tes_00025,33,0,74,TRUE
9742,6wVdnLa3Tes_00026,33,0,173,TRUE
9743,6wVdnLa3Tes_00027,33,0,103,FALSE
9744,6wVdnLa3Tes_00028,33,0,67,TRUE
9745,6wVdnLa3Tes_00029,33,0,148,TRUE
9746,6wVdnLa3Tes_00030,33,0,72,FALSE
9747,6wVdnLa3Tes_00031,33,0,48,TRUE
9748,6wVdnLa3Tes_00032,33,0,130,TRUE
9749,6wVdnLa3Tes_00033,33,0,72,FALSE
9750,6wVdnLa3Tes_00050,33,0,204,FALSE
9751,6wVdnLa3Tes_00051,33,0,144,TRUE
9752,6wVdnLa3Tes_00052,33,0,126,TRUE
9753,6wVdnLa3Tes_00053,33,0,75,TRUE
9754,6wVdnLa3Tes_00054,33,0,26,TRUE
9755,6wVdnLa3Tes_00055,33,0,107,TRUE
9756,6wVdnLa3Tes_00056,33,0,107,FALSE
9757,6wVdnLa3Tes_00146,33,0,66,TRUE
9758,6wVdnLa3Tes_00147,33,0,150,TRUE
9759,6wVdnLa3Tes_00148,33,0,129,FALSE
9760,6wVdnLa3Tes_00174,33,0,39,TRUE
9761,6wVdnLa3Tes_00175,33,0,109,FALSE
9762,6wVdnLa3Tes_00176,33,0,101,FALSE
9763,6wVdnLa3Tes_00180,33,0,99,TRUE
9764,6wVdnLa3Tes_00181,33,0,162,FALSE
9765,6wVdnLa3Tes_00182,33,0,257,FALSE
9766,6wVdnLa3Tes_00189,33,0,83,TRUE
9767,6wVdnLa3Tes_00190,33,0,176,TRUE
9768,6wVdnLa3Tes_00191,33,0,116,FALSE
9769,6wVdnLa3Tes_00211,33,0,66,FALSE
9770,6wVdnLa3Tes_00212,33,0,164,TRUE
9771,6wVdnLa3Tes_00213,33,0,120,TRUE
9772,6wVdnLa3Tes_00214,33,0,84,TRUE
9773,6wVdnLa3Tes_00215,33,0,122,TRUE
9774,6wVdnLa3Tes_00216,33,0,101,FALSE
9775,6wVdnLa3Tes_00220,33,0,41,TRUE
9776,6wVdnLa3Tes_00222,33,0,123,TRUE
9777,6wVdnLa3Tes_00223,33,0,88,FALSE
9778,6wVdnLa3Tes_00230,33,0,182,FALSE
9779,6wVdnLa3Tes_00231,33,0,210,FALSE
9780,6wVdnLa3Tes_00232,33,0,106,FALSE
9781,6wVdnLa3Tes_00261,33,0,80,TRUE
9782,6wVdnLa3Tes_00262,33,0,161,TRUE
9783,6wVdnLa3Tes_00263,33,0,102,FALSE
9784,9BC6ssCjyfg_00000,33,0,210,FALSE
9785,9BC6ssCjyfg_00001,33,0,134,TRUE
9786,9BC6ssCjyfg_00002,33,0,141,TRUE
9787,9BC6ssCjyfg_00003,33,0,95,FALSE
9788,9BC6ssCjyfg_00004,33,0,99,TRUE
9789,9BC6ssCjyfg_00005,33,0,140,FALSE
9790,9BC6ssCjyfg_00006,33,0,167,FALSE
9791,9BC6ssCjyfg_00007,33,0,193,FALSE
9792,9BC6ssCjyfg_00008,33,0,293,FALSE
9793,9BC6ssCjyfg_00009,33,0,223,FALSE
9794,9BC6ssCjyfg_00010,33,0,204,FALSE
9795,9BC6ssCjyfg_00011,33,0,162,TRUE
9796,9BC6ssCjyfg_00015,33,0,85,TRUE
9797,9BC6ssCjyfg_00016,33,0,189,FALSE
9798,9BC6ssCjyfg_00019,33,0,139,TRUE
9799,9BC6ssCjyfg_00049,33,0,48,TRUE
9800,9BC6ssCjyfg_00050,33,0,118,FALSE
9801,9BC6ssCjyfg_00051,33,0,93,FALSE
9802,9BC6ssCjyfg_00211,33,0,50,TRUE
9803,9BC6ssCjyfg_00212,33,0,258,FALSE
9804,9BC6ssCjyfg_00219,33,0,60,TRUE
9805,9BC6ssCjyfg_00220,33,0,117,TRUE
9806,9BC6ssCjyfg_00221,33,0,134,TRUE
9807,9BC6ssCjyfg_00222,33,0,51,TRUE
9808,9BC6ssCjyfg_00223,33,0,184,FALSE
9809,9BC6ssCjyfg_00224,33,0,120,TRUE
9810,9BC6ssCjyfg_00226,33,0,240,FALSE
9811,9jZYYtzYqwE_00054,33,0,120,FALSE
9812,9jZYYtzYqwE_00079,33,0,69,TRUE
9813,9jZYYtzYqwE_00080,33,0,143,TRUE
9814,D6zILEKIJbk_00031,33,0,191,FALSE
9815,D6zILEKIJbk_00032,33,0,157,TRUE
9816,D6zILEKIJbk_00045,33,0,85,FALSE
9817,D6zILEKIJbk_00046,33,0,191,FALSE
9818,D6zILEKIJbk_00047,33,0,114,FALSE
9819,D6zILEKIJbk_00112,33,0,63,TRUE
9820,D6zILEKIJbk_00113,33,0,186,FALSE
9821,D6zILEKIJbk_00114,33,0,146,FALSE
9822,DB4lpBDPnTY_00022,33,0,43,TRUE
9823,DB4lpBDPnTY_00029,33,0,171,TRUE
9824,JzOshOJgofw_00166,33,0,108,TRUE
9825,JzOshOJgofw_00167,33,0,104,TRUE
9826,JzOshOJgofw_00176,33,0,142,TRUE
9827,JzOshOJgofw_00177,33,0,107,TRUE
9828,JzOshOJgofw_00212,33,0,150,TRUE
9829,JzOshOJgofw_00213,33,0,128,FALSE
9830,LNMISxO35S0_00021,33,0,158,FALSE
9831,LkluZoNfKu8_00047,33,0,41,FALSE
9832,LkluZoNfKu8_00048,33,0,107,TRUE
9833,LkluZoNfKu8_00049,33,0,37,TRUE
9834,LkluZoNfKu8_00050,33,0,98,TRUE
9835,LkluZoNfKu8_00054,33,0,104,TRUE
9836,LkluZoNfKu8_00055,33,0,150,TRUE
9837,LkluZoNfKu8_00080,33,0,282,FALSE
9838,LkluZoNfKu8_00081,33,0,201,FALSE
9839,LkluZoNfKu8_00082,33,0,137,TRUE
9840,LkluZoNfKu8_00083,33,0,207,FALSE
9841,LkluZoNfKu8_00115,33,0,77,TRUE
9842,LkluZoNfKu8_00116,33,0,184,FALSE
9843,LkluZoNfKu8_00120,33,0,55,TRUE
9844,LkluZoNfKu8_00121,33,0,234,FALSE
9845,LkluZoNfKu8_00137,33,0,108,TRUE
9846,LkluZoNfKu8_00138,33,0,128,TRUE
9847,OFxuiqI5G44_00036,33,0,302,FALSE
9848,OFxuiqI5G44_00097,33,0,104,FALSE
9849,OFxuiqI5G44_00098,33,0,205,FALSE
9850,OFxuiqI5G44_00099,33,0,241,FALSE
9851,OFxuiqI5G44_00287,33,0,119,TRUE
9852,OFxuiqI5G44_00288,33,0,224,FALSE
9853,OVzt2rsfMc0_00006,33,0,59,TRUE
9854,OVzt2rsfMc0_00007,33,0,163,TRUE
9855,OVzt2rsfMc0_00008,33,0,61,FALSE
9856,OVzt2rsfMc0_00012,33,0,119,TRUE
9857,OVzt2rsfMc0_00013,33,0,65,FALSE
9858,OVzt2rsfMc0_00014,33,0,93,FALSE
9859,OVzt2rsfMc0_00030,33,0,36,FALSE
9860,OVzt2rsfMc0_00031,33,0,100,TRUE
9861,OVzt2rsfMc0_00032,33,0,72,FALSE
9862,OVzt2rsfMc0_00033,33,0,42,TRUE
9863,OVzt2rsfMc0_00034,33,0,108,TRUE
9864,OVzt2rsfMc0_00035,33,0,58,FALSE
9865,OVzt2rsfMc0_00041,33,0,54,FALSE
9866,OVzt2rsfMc0_00042,33,0,85,TRUE
9867,OVzt2rsfMc0_00043,33,0,127,FALSE
9868,OVzt2rsfMc0_00044,33,0,260,FALSE
9869,OVzt2rsfMc0_00045,33,0,138,TRUE
9870,OVzt2rsfMc0_00046,33,0,80,FALSE
9871,OVzt2rsfMc0_00049,33,0,96,TRUE
9872,OVzt2rsfMc0_00050,33,0,199,FALSE
9873,OVzt2rsfMc0_00051,33,0,98,TRUE
9874,OVzt2rsfMc0_00052,33,0,106,TRUE
9875,OVzt2rsfMc0_00053,33,0,192,FALSE
9876,OVzt2rsfMc0_00054,33,0,95,FALSE
9877,OVzt2rsfMc0_00058,33,0,48,FALSE
9878,OVzt2rsfMc0_00059,33,0,130,TRUE
9879,OVzt2rsfMc0_00060,33,0,70,FALSE
9880,OVzt2rsfMc0_00182,33,0,55,FALSE
9881,OVzt2rsfMc0_00196,33,0,129,TRUE
9882,OVzt2rsfMc0_00201,33,0,77,FALSE
9883,OVzt2rsfMc0_00281,33,0,87,FALSE
9884,OVzt2rsfMc0_00282,33,0,166,TRUE
9885,OVzt2rsfMc0_00283,33,0,122,TRUE
9886,OVzt2rsfMc0_00284,33,0,50,FALSE
9887,OVzt2rsfMc0_00285,33,0,118,TRUE
9888,OVzt2rsfMc0_00286,33,0,78,FALSE
9889,OVzt2rsfMc0_00296,33,0,50,TRUE
9890,OVzt2rsfMc0_00297,33,0,109,TRUE
9891,OVzt2rsfMc0_00298,33,0,87,FALSE
9892,OVzt2rsfMc0_00322,33,0,102,TRUE
9893,OVzt2rsfMc0_00323,33,0,158,TRUE
9894,OVzt2rsfMc0_00324,33,0,85,FALSE
9895,OVzt2rsfMc0_00325,33,0,51,TRUE
9896,OVzt2rsfMc0_00326,33,0,141,TRUE
9897,OVzt2rsfMc0_00327,33,0,83,FALSE
9898,OVzt2rsfMc0_00334,33,0,174,TRUE
9899,OVzt2rsfMc0_00335,33,0,148,TRUE
9900,OVzt2rsfMc0_00336,33,0,86,TRUE
9901,OVzt2rsfMc0_00349,33,0,67,TRUE
9902,OVzt2rsfMc0_00350,33,0,112,TRUE
9903,OVzt2rsfMc0_00351,33,0,74,FALSE
9904,OVzt2rsfMc0_00352,33,0,72,TRUE
9905,OVzt2rsfMc0_00353,33,0,109,FALSE
9906,OVzt2rsfMc0_00354,33,0,77,TRUE
9907,OVzt2rsfMc0_00393,33,0,47,TRUE
9908,OVzt2rsfMc0_00394,33,0,128,TRUE
9909,OVzt2rsfMc0_00395,33,0,79,TRUE
9910,OVzt2rsfMc0_00403,33,0,104,FALSE
9911,OVzt2rsfMc0_00404,33,0,77,FALSE
9912,OVzt2rsfMc0_00422,33,0,122,TRUE
9913,OVzt2rsfMc0_00423,33,0,190,FALSE
9914,OVzt2rsfMc0_00424,33,0,84,FALSE
9915,RWNrARSbRCY_00043,33,0,195,FALSE
9916,RWNrARSbRCY_00044,33,0,116,FALSE
9917,RWNrARSbRCY_00045,33,0,195,FALSE
9918,RWNrARSbRCY_00099,33,0,69,TRUE
9919,RWNrARSbRCY_00101,33,0,184,FALSE
9920,S9aCrmtAV8o_00106,33,0,258,FALSE
9921,S9aCrmtAV8o_00113,33,0,162,TRUE
9922,S9aCrmtAV8o_00114,33,0,200,FALSE
9923,S9aCrmtAV8o_00143,33,0,360,FALSE
9924,S9aCrmtAV8o_00144,33,0,210,FALSE
9925,S9aCrmtAV8o_00171,33,0,97,FALSE
9926,S9aCrmtAV8o_00182,33,0,260,FALSE
9927,S9aCrmtAV8o_00183,33,0,192,FALSE
9928,TeboS8s_00w_00000,33,0,169,TRUE
9929,TeboS8s_00w_00001,33,0,232,FALSE
9930,VNvb5oLOpLg_00338,33,0,129,TRUE
9931,VNvb5oLOpLg_00339,33,0,193,FALSE
9932,VNvb5oLOpLg_00342,33,0,99,TRUE
9933,VNvb5oLOpLg_00372,33,0,153,TRUE
9934,VNvb5oLOpLg_00373,33,0,227,FALSE
9935,VNvb5oLOpLg_00458,33,0,156,TRUE
9936,VNvb5oLOpLg_00459,33,0,246,FALSE
9937,VNvb5oLOpLg_00510,33,0,143,TRUE
9938,VNvb5oLOpLg_00511,33,0,235,FALSE
9939,VNvb5oLOpLg_00519,33,0,309,FALSE
9940,VNvb5oLOpLg_00520,33,0,274,FALSE
9941,VNvb5oLOpLg_00525,33,0,147,TRUE
9942,VNvb5oLOpLg_00526,33,0,280,FALSE
9943,VNvb5oLOpLg_00533,33,0,132,TRUE
9944,VNvb5oLOpLg_00534,33,0,194,FALSE
9945,VNvb5oLOpLg_00862,33,0,235,FALSE
9946,VNvb5oLOpLg_00866,33,0,287,FALSE
9947,VNvb5oLOpLg_00867,33,0,276,FALSE
9948,VNvb5oLOpLg_00868,33,0,282,FALSE
9949,VNvb5oLOpLg_00877,33,0,278,FALSE
9950,VNvb5oLOpLg_00878,33,0,216,FALSE
9951,VNvb5oLOpLg_00879,33,0,223,FALSE
9952,VNvb5oLOpLg_00880,33,0,243,FALSE
9953,VNvb5oLOpLg_00881,33,0,232,FALSE
9954,VNvb5oLOpLg_00891,33,0,112,FALSE
9955,VNvb5oLOpLg_00892,33,0,208,FALSE
9956,VNvb5oLOpLg_00893,33,0,184,FALSE
9957,VNvb5oLOpLg_00904,33,0,342,FALSE
9958,VNvb5oLOpLg_00905,33,0,254,FALSE
9959,VNvb5oLOpLg_00906,33,0,245,FALSE
9960,VNvb5oLOpLg_00919,33,0,231,FALSE
9961,VNvb5oLOpLg_00920,33,0,246,FALSE
9962,VNvb5oLOpLg_00921,33,0,239,FALSE
9963,VNvb5oLOpLg_01000,33,0,99,FALSE
9964,VNvb5oLOpLg_01001,33,0,209,FALSE
9965,VNvb5oLOpLg_01002,33,0,211,FALSE
9966,VNvb5oLOpLg_01076,33,0,295,FALSE
9967,VNvb5oLOpLg_01077,33,0,232,FALSE
9968,VNvb5oLOpLg_01078,33,0,239,FALSE
9969,VNvb5oLOpLg_01112,33,0,822,FALSE
9970,VNvb5oLOpLg_01113,33,0,242,FALSE
9971,VNvb5oLOpLg_01114,33,0,260,FALSE
9972,VNvb5oLOpLg_01137,33,0,272,FALSE
9973,VNvb5oLOpLg_01138,33,0,264,FALSE
9974,Y7QZcr24ye0_00856,33,0,204,FALSE
9975,Y7QZcr24ye0_00857,33,0,271,FALSE
9976,Y7QZcr24ye0_00858,33,0,298,FALSE
9977,Y7QZcr24ye0_00871,33,0,110,FALSE
9978,Y7QZcr24ye0_00872,33,0,235,FALSE
9979,Y7QZcr24ye0_00888,33,0,509,FALSE
9980,Y7QZcr24ye0_00889,33,0,243,FALSE
9981,Y7QZcr24ye0_00890,33,0,262,FALSE
9982,ZAmJsIcfFOA_00008,33,0,106,TRUE
9983,ZAmJsIcfFOA_00018,33,0,86,TRUE
9984,ZAmJsIcfFOA_00019,33,0,161,TRUE
9985,ZAmJsIcfFOA_00020,33,0,184,FALSE
9986,ZAmJsIcfFOA_00027,33,0,95,TRUE
9987,ZAmJsIcfFOA_00028,33,0,155,TRUE
9988,ZAmJsIcfFOA_00029,33,0,116,FALSE
9989,ZAmJsIcfFOA_00045,33,0,96,TRUE
9990,ZAmJsIcfFOA_00046,33,0,164,TRUE
9991,ZAmJsIcfFOA_00047,33,0,104,FALSE
9992,ZAmJsIcfFOA_00060,33,0,110,TRUE
9993,ZAmJsIcfFOA_00061,33,0,121,FALSE
9994,ZAmJsIcfFOA_00062,33,0,95,TRUE
9995,ZAmJsIcfFOA_00089,33,0,143,FALSE
9996,ZAmJsIcfFOA_00090,33,0,192,FALSE
9997,ZAmJsIcfFOA_00184,33,0,69,TRUE
9998,ZAmJsIcfFOA_00185,33,0,158,TRUE
9999,ZAmJsIcfFOA_00186,33,0,168,FALSE
10000,_8Vy3dlHg2w_00133,33,0,39,FALSE
10001,_8Vy3dlHg2w_00135,33,0,102,FALSE
10002,_8Vy3dlHg2w_00204,33,0,61,TRUE
10003,_8Vy3dlHg2w_00205,33,0,95,FALSE
10004,_8Vy3dlHg2w_00206,33,0,124,TRUE
10005,_8Vy3dlHg2w_00214,33,0,121,TRUE
10006,_8Vy3dlHg2w_00215,33,0,78,TRUE
10007,_8Vy3dlHg2w_00216,33,0,52,FALSE
10008,_8Vy3dlHg2w_00217,33,0,111,TRUE
10009,_lmT4WlK7G0_00057,33,0,91,TRUE
10010,_lmT4WlK7G0_00058,33,0,169,TRUE
10011,_lmT4WlK7G0_00059,33,0,102,FALSE
10012,_lmT4WlK7G0_00060,33,0,63,TRUE
10013,_lmT4WlK7G0_00061,33,0,150,TRUE
10014,_lmT4WlK7G0_00062,33,0,79,FALSE
10015,_lmT4WlK7G0_00092,33,0,62,TRUE
10016,_lmT4WlK7G0_00093,33,0,132,TRUE
10017,_lmT4WlK7G0_00094,33,0,75,FALSE
10018,_lmT4WlK7G0_00104,33,0,56,TRUE
10019,_lmT4WlK7G0_00105,33,0,146,TRUE
10020,_lmT4WlK7G0_00106,33,0,96,FALSE
10021,_lmT4WlK7G0_00122,33,0,74,TRUE
10022,_lmT4WlK7G0_00123,33,0,110,TRUE
10023,_lmT4WlK7G0_00124,33,0,90,FALSE
10024,_tigfCJFLZg_00003,33,0,78,TRUE
10025,_tigfCJFLZg_00005,33,0,144,TRUE
10026,_tigfCJFLZg_00006,33,0,138,FALSE
10027,_tigfCJFLZg_00021,33,0,66,TRUE
10028,_tigfCJFLZg_00022,33,0,146,TRUE
10029,_tigfCJFLZg_00023,33,0,117,FALSE
10030,_tigfCJFLZg_00048,33,0,140,TRUE
10031,_tigfCJFLZg_00049,33,0,140,TRUE
10032,_tigfCJFLZg_00050,33,0,83,FALSE
10033,_tigfCJFLZg_00060,33,0,34,TRUE
10034,_tigfCJFLZg_00061,33,0,125,TRUE
10035,_tigfCJFLZg_00062,33,0,68,FALSE
10036,_tigfCJFLZg_00069,33,0,75,TRUE
10037,_tigfCJFLZg_00070,33,0,175,TRUE
10038,_tigfCJFLZg_00071,33,0,181,FALSE
10039,_tigfCJFLZg_00076,33,0,31,TRUE
10040,_tigfCJFLZg_00077,33,0,111,TRUE
10041,_tigfCJFLZg_00078,33,0,75,FALSE
10042,_tigfCJFLZg_00088,33,0,70,TRUE
10043,_tigfCJFLZg_00089,33,0,186,FALSE
10044,_tigfCJFLZg_00090,33,0,115,FALSE
10045,_tigfCJFLZg_00092,33,0,46,TRUE
10046,_tigfCJFLZg_00093,33,0,130,TRUE
10047,_tigfCJFLZg_00094,33,0,82,FALSE
10048,_tigfCJFLZg_00376,33,0,68,TRUE
10049,_tigfCJFLZg_00377,33,0,169,TRUE
10050,_tigfCJFLZg_00378,33,0,86,TRUE
10051,_tigfCJFLZg_00505,33,0,26,FALSE
10052,_tigfCJFLZg_00506,33,0,34,FALSE
10053,_tigfCJFLZg_00507,33,0,107,FALSE
10054,_tigfCJFLZg_00508,33,0,87,FALSE
10055,aektxm8cLdo_00009,33,0,68,TRUE
10056,aektxm8cLdo_00010,33,0,77,TRUE
10057,aektxm8cLdo_00011,33,0,91,FALSE
10058,aektxm8cLdo_00012,33,0,125,TRUE
10059,aektxm8cLdo_00013,33,0,214,FALSE
10060,aektxm8cLdo_00014,33,0,139,TRUE
10061,aektxm8cLdo_00015,33,0,100,TRUE
10062,aektxm8cLdo_00016,33,0,98,TRUE
10063,c7FHotPDZIw_00006,33,0,74,FALSE
10064,c7FHotPDZIw_00012,33,0,96,FALSE
10065,c7FHotPDZIw_00013,33,0,117,FALSE
10066,c7FHotPDZIw_00014,33,0,85,TRUE
10067,c7FHotPDZIw_00015,33,0,132,TRUE
10068,c7FHotPDZIw_00016,33,0,47,FALSE
10069,c7FHotPDZIw_00017,33,0,118,FALSE
10070,c7FHotPDZIw_00056,33,0,107,TRUE
10071,c7FHotPDZIw_00057,33,0,135,TRUE
10072,c7FHotPDZIw_00079,33,0,83,TRUE
10073,c7FHotPDZIw_00080,33,0,111,TRUE
10074,czXA41QTops_00004,33,0,234,FALSE
10075,czXA41QTops_00005,33,0,223,FALSE
10076,czXA41QTops_00096,33,0,88,TRUE
10077,czXA41QTops_00097,33,0,197,FALSE
10078,db7DmpqzGmc_00058,33,0,58,TRUE
10079,db7DmpqzGmc_00059,33,0,84,FALSE
10080,db7DmpqzGmc_00060,33,0,101,FALSE
10081,db7DmpqzGmc_00073,33,0,106,FALSE
10082,db7DmpqzGmc_00074,33,0,105,TRUE
10083,db7DmpqzGmc_00075,33,0,165,TRUE
10084,db7DmpqzGmc_00082,33,0,40,FALSE
10085,db7DmpqzGmc_00083,33,0,74,TRUE
10086,db7DmpqzGmc_00084,33,0,90,FALSE
10087,db7DmpqzGmc_00085,33,0,154,TRUE
10088,db7DmpqzGmc_00127,33,0,61,TRUE
10089,db7DmpqzGmc_00130,33,0,142,FALSE
10090,db7DmpqzGmc_00138,33,0,54,TRUE
10091,db7DmpqzGmc_00140,33,0,81,FALSE
10092,db7DmpqzGmc_00181,33,0,108,TRUE
10093,db7DmpqzGmc_00189,33,0,85,FALSE
10094,db7DmpqzGmc_00190,33,0,111,TRUE
10095,db7DmpqzGmc_00191,33,0,118,FALSE
10096,db7DmpqzGmc_00192,33,0,137,TRUE
10097,db7DmpqzGmc_00196,33,0,86,FALSE
10098,db7DmpqzGmc_00203,33,0,57,FALSE
10099,db7DmpqzGmc_00217,33,0,55,TRUE
10100,ddV_Cpszpls_00049,33,0,53,TRUE
10101,ddV_Cpszpls_00050,33,0,182,FALSE
10102,ddV_Cpszpls_00051,33,0,91,FALSE
10103,ddV_Cpszpls_00055,33,0,111,TRUE
10104,ddV_Cpszpls_00056,33,0,178,TRUE
10105,ddV_Cpszpls_00068,33,0,60,TRUE
10106,ddV_Cpszpls_00069,33,0,155,TRUE
10107,ddV_Cpszpls_00129,33,0,96,TRUE
10108,ddV_Cpszpls_00130,33,0,187,FALSE
10109,ddV_Cpszpls_00131,33,0,130,TRUE
10110,ddV_Cpszpls_00132,33,0,69,TRUE
10111,ddV_Cpszpls_00133,33,0,203,FALSE
10112,ddV_Cpszpls_00134,33,0,144,FALSE
10113,ddV_Cpszpls_00172,33,0,62,FALSE
10114,ddV_Cpszpls_00173,33,0,180,FALSE
10115,ddV_Cpszpls_00178,33,0,88,FALSE
10116,ddV_Cpszpls_00179,33,0,174,FALSE
10117,ddV_Cpszpls_00190,33,0,103,FALSE
10118,ddV_Cpszpls_00191,33,0,136,TRUE
10119,egsanPCCIzQ_00020,33,0,140,TRUE
10120,egsanPCCIzQ_00021,33,0,144,TRUE
10121,egsanPCCIzQ_00046,33,0,123,FALSE
10122,egsanPCCIzQ_00047,33,0,138,FALSE
10123,egsanPCCIzQ_00182,33,0,109,TRUE
10124,egsanPCCIzQ_00183,33,0,91,FALSE
10125,egsanPCCIzQ_00184,33,0,195,FALSE
10126,fB1Pc3CylrQ_00009,33,0,66,TRUE
10127,fohMq9tOn6E_00045,33,0,96,FALSE
10128,fohMq9tOn6E_00046,33,0,132,FALSE
10129,fohMq9tOn6E_00085,33,0,74,FALSE
10130,fohMq9tOn6E_00086,33,0,92,TRUE
10131,iv0Gu1VXAgc_00009,33,0,119,TRUE
10132,iv0Gu1VXAgc_00010,33,0,126,FALSE
10133,iv0Gu1VXAgc_00011,33,0,90,TRUE
10134,iv0Gu1VXAgc_00021,33,0,89,TRUE
10135,iv0Gu1VXAgc_00022,33,0,181,FALSE
10136,iv0Gu1VXAgc_00023,33,0,114,FALSE
10137,iv0Gu1VXAgc_00030,33,0,89,FALSE
10138,iv0Gu1VXAgc_00031,33,0,116,FALSE
10139,iv0Gu1VXAgc_00032,33,0,98,FALSE
10140,iv0Gu1VXAgc_00036,33,0,194,FALSE
10141,iv0Gu1VXAgc_00037,33,0,172,TRUE
10142,iv0Gu1VXAgc_00038,33,0,89,FALSE
10143,iv0Gu1VXAgc_00139,33,0,112,TRUE
10144,iv0Gu1VXAgc_00140,33,0,113,FALSE
10145,iv0Gu1VXAgc_00141,33,0,172,TRUE
10146,iv0Gu1VXAgc_00142,33,0,120,TRUE
10147,iv0Gu1VXAgc_00143,33,0,75,FALSE
10148,iv0Gu1VXAgc_00144,33,0,143,TRUE
10149,iv0Gu1VXAgc_00176,33,0,44,FALSE
10150,iv0Gu1VXAgc_00177,33,0,146,TRUE
10151,iv0Gu1VXAgc_00178,33,0,78,FALSE
10152,iv0Gu1VXAgc_00186,33,0,49,TRUE
10153,iv0Gu1VXAgc_00187,33,0,97,FALSE
10154,iv0Gu1VXAgc_00188,33,0,100,TRUE
10155,iv0Gu1VXAgc_00193,33,0,46,FALSE
10156,iv0Gu1VXAgc_00194,33,0,136,TRUE
10157,iv0Gu1VXAgc_00195,33,0,78,FALSE
10158,iv0Gu1VXAgc_00222,33,0,66,TRUE
10159,iv0Gu1VXAgc_00223,33,0,94,FALSE
10160,iv0Gu1VXAgc_00224,33,0,119,FALSE
10161,k1F4LHeYhBs_00005,33,0,119,FALSE
10162,k1F4LHeYhBs_00006,33,0,255,FALSE
10163,k1F4LHeYhBs_00008,33,0,229,FALSE
10164,k1F4LHeYhBs_00009,33,0,212,FALSE
10165,k1F4LHeYhBs_00010,33,0,209,FALSE
10166,k1F4LHeYhBs_00128,33,0,94,TRUE
10167,k1F4LHeYhBs_00129,33,0,190,FALSE
10168,k1F4LHeYhBs_00130,33,0,227,FALSE
10169,k1F4LHeYhBs_00155,33,0,132,TRUE
10170,k1F4LHeYhBs_00156,33,0,212,FALSE
10171,k1F4LHeYhBs_00157,33,0,230,FALSE
10172,k1F4LHeYhBs_00205,33,0,97,TRUE
10173,k1F4LHeYhBs_00237,33,0,482,FALSE
10174,k1F4LHeYhBs_00238,33,0,289,FALSE
10175,k1F4LHeYhBs_00239,33,0,251,FALSE
10176,mGbuP7nT2ck_00002,33,0,97,TRUE
10177,mGbuP7nT2ck_00003,33,0,162,TRUE
10178,mGbuP7nT2ck_00004,33,0,165,FALSE
10179,mGbuP7nT2ck_00013,33,0,60,TRUE
10180,mGbuP7nT2ck_00020,33,0,79,TRUE
10181,mGbuP7nT2ck_00021,33,0,120,TRUE
10182,mGbuP7nT2ck_00076,33,0,76,TRUE
10183,mGbuP7nT2ck_00077,33,0,125,TRUE
10184,mGbuP7nT2ck_00080,33,0,184,FALSE
10185,mGbuP7nT2ck_00081,33,0,138,TRUE
10186,mGbuP7nT2ck_00082,33,0,105,TRUE
10187,mGbuP7nT2ck_00083,33,0,142,TRUE
10188,mGbuP7nT2ck_00084,33,0,75,TRUE
10189,mGbuP7nT2ck_00085,33,0,129,TRUE
10190,nOlRwoxsDJ0_00316,33,0,119,TRUE
10191,nOlRwoxsDJ0_00317,33,0,180,FALSE
10192,nOlRwoxsDJ0_00785,33,0,119,FALSE
10193,nOlRwoxsDJ0_00786,33,0,230,FALSE
10194,ozbr742-Trc_00001,33,0,146,TRUE
10195,ozbr742-Trc_00005,33,0,57,TRUE
10196,siEI_jaSmd4_00005,33,0,119,TRUE
10197,sk8TafuB3lU_00371,33,0,360,FALSE
10198,sk8TafuB3lU_00553,33,0,110,TRUE
10199,sk8TafuB3lU_00554,33,0,170,TRUE
10200,sk8TafuB3lU_00612,33,0,155,FALSE
10201,sk8TafuB3lU_00613,33,0,222,FALSE
10202,sk8TafuB3lU_00792,33,0,253,FALSE
10203,sk8TafuB3lU_01011,33,0,146,FALSE
10204,uDESPUxbjnI_00026,33,0,114,FALSE
10205,uDESPUxbjnI_00047,33,0,101,TRUE
10206,uDESPUxbjnI_00048,33,0,101,FALSE
10207,uDESPUxbjnI_00085,33,0,90,TRUE
10208,uDESPUxbjnI_00086,33,0,94,FALSE
10209,uDESPUxbjnI_00087,33,0,136,FALSE
10210,uDESPUxbjnI_00168,33,0,92,TRUE
10211,uDESPUxbjnI_00169,33,0,114,TRUE
10212,uDESPUxbjnI_00170,33,0,135,FALSE
10213,xbQCwTHcGN8_00019,33,0,145,TRUE
10214,xbQCwTHcGN8_00020,33,0,154,TRUE
10215,xbQCwTHcGN8_00021,33,0,99,TRUE
10216,xbQCwTHcGN8_00287,33,0,78,TRUE
10217,xbQCwTHcGN8_00288,33,0,29,FALSE
10218,xbQCwTHcGN8_00289,33,0,131,TRUE
10219,xbQCwTHcGN8_00290,33,0,92,TRUE
10220,zYHstCxnAPA_00584,33,0,311,FALSE
10221,zYHstCxnAPA_00585,33,0,278,FALSE
10222,zYHstCxnAPA_00612,33,0,105,TRUE
10223,zYHstCxnAPA_00613,33,0,216,FALSE
10224,zYHstCxnAPA_00625,33,0,129,TRUE
10225,zYHstCxnAPA_00626,33,0,241,FALSE
10226,zYHstCxnAPA_00751,33,0,141,FALSE
10227,zYHstCxnAPA_00752,33,0,278,FALSE
10228,zYHstCxnAPA_00783,33,0,124,TRUE
10229,zYHstCxnAPA_00784,33,0,201,FALSE
10230,zYHstCxnAPA_00787,33,0,294,FALSE
10231,zYHstCxnAPA_00788,33,0,315,FALSE
10232,3N1kUtqJ25A_00004,34,0,266,FALSE
10233,3N1kUtqJ25A_00030,34,0,128,FALSE
10234,3N1kUtqJ25A_00031,34,0,168,FALSE
10235,3N1kUtqJ25A_00032,34,0,200,FALSE
10236,3N1kUtqJ25A_00048,34,0,377,FALSE
10237,3N1kUtqJ25A_00049,34,0,194,FALSE
10238,3N1kUtqJ25A_00050,34,0,213,FALSE
10239,3N1kUtqJ25A_00115,34,0,208,FALSE
10240,3N1kUtqJ25A_00116,34,0,203,FALSE
10241,3N1kUtqJ25A_00117,34,0,230,FALSE
10242,3N1kUtqJ25A_00130,34,0,156,TRUE
10243,3N1kUtqJ25A_00131,34,0,221,FALSE
10244,3N1kUtqJ25A_00132,34,0,230,FALSE
10245,3PLiUG_DuC8_00150,34,0,255,FALSE
10246,3qq031609lA_00019,34,0,76,TRUE
10247,3qq031609lA_00025,34,0,201,FALSE
10248,3qq031609lA_00028,34,0,64,FALSE
10249,3qq031609lA_00031,34,0,91,FALSE
10250,5hXbclLNSNA_00004,34,0,63,TRUE
10251,5hXbclLNSNA_00007,34,0,117,FALSE
10252,5hXbclLNSNA_00008,34,0,228,FALSE
10253,5hXbclLNSNA_00041,34,0,131,TRUE
10254,5hXbclLNSNA_00042,34,0,138,TRUE
10255,5i1begTTucc_00014,34,0,207,FALSE
10256,5i1begTTucc_00015,34,0,196,FALSE
10257,5i1begTTucc_00019,34,0,188,FALSE
10258,5i1begTTucc_00020,34,0,164,TRUE
10259,5i1begTTucc_00021,34,0,84,TRUE
10260,5i1begTTucc_00022,34,0,135,TRUE
10261,5i1begTTucc_00054,34,0,135,TRUE
10262,5i1begTTucc_00055,34,0,218,FALSE
10263,6wVdnLa3Tes_00018,34,0,83,TRUE
10264,6wVdnLa3Tes_00019,34,0,117,TRUE
10265,6wVdnLa3Tes_00020,34,0,74,TRUE
10266,6wVdnLa3Tes_00037,34,0,51,TRUE
10267,6wVdnLa3Tes_00038,34,0,138,TRUE
10268,6wVdnLa3Tes_00039,34,0,185,FALSE
10269,9jZYYtzYqwE_00055,34,0,133,TRUE
10270,9jZYYtzYqwE_00056,34,0,158,TRUE
10271,9jZYYtzYqwE_00071,34,0,62,TRUE
10272,9jZYYtzYqwE_00072,34,0,101,TRUE
10273,9jZYYtzYqwE_00095,34,0,200,FALSE
10274,9jZYYtzYqwE_00096,34,0,136,FALSE
10275,9jZYYtzYqwE_00103,34,0,112,TRUE
10276,9jZYYtzYqwE_00104,34,0,120,FALSE
10277,D8YKHC5hmUs_00166,34,0,59,FALSE
10278,D8YKHC5hmUs_00167,34,0,118,TRUE
10279,D8YKHC5hmUs_00168,34,0,60,TRUE
10280,D8YKHC5hmUs_00169,34,0,106,FALSE
10281,D8YKHC5hmUs_00180,34,0,81,TRUE
10282,D8YKHC5hmUs_00181,34,0,140,FALSE
10283,D8YKHC5hmUs_00205,34,0,49,FALSE
10284,D8YKHC5hmUs_00206,34,0,84,FALSE
10285,D8YKHC5hmUs_00207,34,0,106,TRUE
10286,D8YKHC5hmUs_00208,34,0,117,TRUE
10287,D8YKHC5hmUs_00231,34,0,73,TRUE
10288,D8YKHC5hmUs_00232,34,0,119,FALSE
10289,D8YKHC5hmUs_00233,34,0,294,FALSE
10290,D8YKHC5hmUs_00234,34,0,162,TRUE
10291,D8YKHC5hmUs_00241,34,0,89,FALSE
10292,D8YKHC5hmUs_00250,34,0,166,TRUE
10293,D8YKHC5hmUs_00251,34,0,193,FALSE
10294,D8YKHC5hmUs_00267,34,0,78,TRUE
10295,D8YKHC5hmUs_00268,34,0,100,FALSE
10296,D8YKHC5hmUs_00276,34,0,177,TRUE
10297,D8YKHC5hmUs_00277,34,0,127,TRUE
10298,DB4lpBDPnTY_00004,34,0,234,FALSE
10299,DB4lpBDPnTY_00008,34,0,212,FALSE
10300,DB4lpBDPnTY_00009,34,0,169,TRUE
10301,DB4lpBDPnTY_00011,34,0,127,TRUE
10302,DB4lpBDPnTY_00015,34,0,84,TRUE
10303,DB4lpBDPnTY_00016,34,0,106,TRUE
10304,JzOshOJgofw_00149,34,0,115,TRUE
10305,JzOshOJgofw_00150,34,0,63,TRUE
10306,JzOshOJgofw_00160,34,0,251,FALSE
10307,JzOshOJgofw_00161,34,0,145,TRUE
10308,JzOshOJgofw_00164,34,0,107,TRUE
10309,JzOshOJgofw_00165,34,0,124,TRUE
10310,JzOshOJgofw_00184,34,0,190,FALSE
10311,JzOshOJgofw_00185,34,0,174,TRUE
10312,JzOshOJgofw_00186,34,0,204,FALSE
10313,JzOshOJgofw_00187,34,0,122,TRUE
10314,JzOshOJgofw_00192,34,0,243,FALSE
10315,JzOshOJgofw_00193,34,0,83,TRUE
10316,JzOshOJgofw_00200,34,0,82,TRUE
10317,JzOshOJgofw_00201,34,0,93,TRUE
10318,JzOshOJgofw_00247,34,0,78,TRUE
10319,JzOshOJgofw_00252,34,0,70,FALSE
10320,JzOshOJgofw_00254,34,0,100,TRUE
10321,JzOshOJgofw_00255,34,0,103,TRUE
10322,JzOshOJgofw_00260,34,0,85,TRUE
10323,JzOshOJgofw_00261,34,0,120,TRUE
10324,JzOshOJgofw_00270,34,0,89,TRUE
10325,JzOshOJgofw_00271,34,0,142,TRUE
10326,JzOshOJgofw_00276,34,0,188,FALSE
10327,JzOshOJgofw_00277,34,0,182,FALSE
10328,JzOshOJgofw_00278,34,0,131,TRUE
10329,JzOshOJgofw_00279,34,0,131,FALSE
10330,LNMISxO35S0_00051,34,0,146,FALSE
10331,LNMISxO35S0_00194,34,0,142,FALSE
10332,OFxuiqI5G44_00034,34,0,246,FALSE
10333,OFxuiqI5G44_00035,34,0,178,TRUE
10334,OFxuiqI5G44_00039,34,0,121,TRUE
10335,OFxuiqI5G44_00040,34,0,207,FALSE
10336,OFxuiqI5G44_00091,34,0,164,FALSE
10337,OFxuiqI5G44_00092,34,0,168,FALSE
10338,OFxuiqI5G44_00093,34,0,189,FALSE
10339,OFxuiqI5G44_00281,34,0,101,TRUE
10340,OFxuiqI5G44_00282,34,0,174,FALSE
10341,OFxuiqI5G44_00283,34,0,177,FALSE
10342,OFxuiqI5G44_00296,34,0,252,FALSE
10343,OFxuiqI5G44_00297,34,0,244,FALSE
10344,OFxuiqI5G44_00298,34,0,266,FALSE
10345,OFxuiqI5G44_00299,34,0,237,FALSE
10346,OFxuiqI5G44_00300,34,0,221,FALSE
10347,OFxuiqI5G44_00301,34,0,233,FALSE
10348,OFxuiqI5G44_00306,34,0,162,TRUE
10349,OFxuiqI5G44_00307,34,0,254,FALSE
10350,OFxuiqI5G44_00308,34,0,217,FALSE
10351,OFxuiqI5G44_00312,34,0,134,TRUE
10352,OFxuiqI5G44_00313,34,0,217,FALSE
10353,OFxuiqI5G44_00314,34,0,217,FALSE
10354,OFxuiqI5G44_00318,34,0,127,TRUE
10355,OFxuiqI5G44_00319,34,0,219,FALSE
10356,OFxuiqI5G44_00320,34,0,214,FALSE
10357,OFxuiqI5G44_00321,34,0,561,FALSE
10358,OFxuiqI5G44_00322,34,0,210,FALSE
10359,OFxuiqI5G44_00323,34,0,221,FALSE
10360,OFxuiqI5G44_00330,34,0,185,FALSE
10361,OFxuiqI5G44_00331,34,0,241,FALSE
10362,OFxuiqI5G44_00332,34,0,254,FALSE
10363,OFxuiqI5G44_00369,34,0,470,FALSE
10364,OFxuiqI5G44_00370,34,0,239,FALSE
10365,OFxuiqI5G44_00371,34,0,243,FALSE
10366,OFxuiqI5G44_00381,34,0,212,FALSE
10367,OFxuiqI5G44_00382,34,0,233,FALSE
10368,OFxuiqI5G44_00383,34,0,235,FALSE
10369,OFxuiqI5G44_00384,34,0,324,FALSE
10370,OFxuiqI5G44_00385,34,0,220,FALSE
10371,OFxuiqI5G44_00386,34,0,290,FALSE
10372,OVzt2rsfMc0_00009,34,0,87,TRUE
10373,OVzt2rsfMc0_00010,34,0,175,TRUE
10374,OVzt2rsfMc0_00011,34,0,86,TRUE
10375,OVzt2rsfMc0_00015,34,0,65,TRUE
10376,OVzt2rsfMc0_00016,34,0,129,TRUE
10377,OVzt2rsfMc0_00017,34,0,117,FALSE
10378,OVzt2rsfMc0_00018,34,0,111,TRUE
10379,OVzt2rsfMc0_00019,34,0,148,TRUE
10380,OVzt2rsfMc0_00020,34,0,70,FALSE
10381,OVzt2rsfMc0_00038,34,0,110,TRUE
10382,OVzt2rsfMc0_00039,34,0,182,FALSE
10383,OVzt2rsfMc0_00040,34,0,100,FALSE
10384,OVzt2rsfMc0_00070,34,0,123,TRUE
10385,OVzt2rsfMc0_00071,34,0,118,FALSE
10386,OVzt2rsfMc0_00072,34,0,89,FALSE
10387,OVzt2rsfMc0_00079,34,0,85,TRUE
10388,OVzt2rsfMc0_00080,34,0,161,TRUE
10389,OVzt2rsfMc0_00081,34,0,113,TRUE
10390,OVzt2rsfMc0_00082,34,0,58,TRUE
10391,OVzt2rsfMc0_00083,34,0,135,TRUE
10392,OVzt2rsfMc0_00084,34,0,93,TRUE
10393,OVzt2rsfMc0_00166,34,0,54,TRUE
10394,OVzt2rsfMc0_00167,34,0,121,TRUE
10395,OVzt2rsfMc0_00168,34,0,95,FALSE
10396,OVzt2rsfMc0_00415,34,0,95,TRUE
10397,OVzt2rsfMc0_00416,34,0,226,FALSE
10398,OVzt2rsfMc0_00417,34,0,93,TRUE
10399,Q--70-ELqLw_00098,34,0,158,TRUE
10400,RWNrARSbRCY_00030,34,0,88,TRUE
10401,S9aCrmtAV8o_00021,34,0,172,TRUE
10402,S9aCrmtAV8o_00022,34,0,193,FALSE
10403,S9aCrmtAV8o_00029,34,0,144,TRUE
10404,S9aCrmtAV8o_00030,34,0,184,FALSE
10405,S9aCrmtAV8o_00040,34,0,190,FALSE
10406,S9aCrmtAV8o_00041,34,0,199,FALSE
10407,S9aCrmtAV8o_00068,34,0,172,TRUE
10408,S9aCrmtAV8o_00091,34,0,256,FALSE
10409,S9aCrmtAV8o_00092,34,0,209,FALSE
10410,S9aCrmtAV8o_00093,34,0,107,TRUE
10411,S9aCrmtAV8o_00094,34,0,221,FALSE
10412,S9aCrmtAV8o_00111,34,0,230,FALSE
10413,S9aCrmtAV8o_00112,34,0,213,FALSE
10414,S9aCrmtAV8o_00123,34,0,95,TRUE
10415,S9aCrmtAV8o_00124,34,0,177,TRUE
10416,S9aCrmtAV8o_00180,34,0,201,FALSE
10417,S9aCrmtAV8o_00181,34,0,249,FALSE
10418,TeboS8s_00w_00008,34,0,158,FALSE
10419,TeboS8s_00w_00009,34,0,209,FALSE
10420,TeboS8s_00w_00010,34,0,119,TRUE
10421,TeboS8s_00w_00011,34,0,143,TRUE
10422,TeboS8s_00w_00012,34,0,183,FALSE
10423,TeboS8s_00w_00019,34,0,137,TRUE
10424,TeboS8s_00w_00020,34,0,202,FALSE
10425,TeboS8s_00w_00053,34,0,263,FALSE
10426,TeboS8s_00w_00054,34,0,177,FALSE
10427,TeboS8s_00w_00061,34,0,85,FALSE
10428,TeboS8s_00w_00062,34,0,155,FALSE
10429,V5parOfpuEQ_00201,34,0,176,FALSE
10430,VNvb5oLOpLg_00322,34,0,172,FALSE
10431,VNvb5oLOpLg_00323,34,0,209,FALSE
10432,VNvb5oLOpLg_00330,34,0,151,TRUE
10433,VNvb5oLOpLg_00331,34,0,263,FALSE
10434,VNvb5oLOpLg_00344,34,0,169,TRUE
10435,VNvb5oLOpLg_00345,34,0,259,FALSE
10436,VNvb5oLOpLg_00348,34,0,143,TRUE
10437,VNvb5oLOpLg_00349,34,0,228,FALSE
10438,VNvb5oLOpLg_00352,34,0,156,TRUE
10439,VNvb5oLOpLg_00353,34,0,237,FALSE
10440,VNvb5oLOpLg_00360,34,0,94,TRUE
10441,VNvb5oLOpLg_00361,34,0,203,FALSE
10442,VNvb5oLOpLg_00362,34,0,101,TRUE
10443,VNvb5oLOpLg_00363,34,0,214,FALSE
10444,VNvb5oLOpLg_00366,34,0,129,TRUE
10445,VNvb5oLOpLg_00367,34,0,216,FALSE
10446,VNvb5oLOpLg_00380,34,0,146,TRUE
10447,VNvb5oLOpLg_00381,34,0,249,FALSE
10448,VNvb5oLOpLg_00416,34,0,215,FALSE
10449,VNvb5oLOpLg_00417,34,0,233,FALSE
10450,VNvb5oLOpLg_00428,34,0,220,FALSE
10451,VNvb5oLOpLg_00429,34,0,229,FALSE
10452,VNvb5oLOpLg_00432,34,0,205,FALSE
10453,VNvb5oLOpLg_00433,34,0,256,FALSE
10454,VNvb5oLOpLg_00438,34,0,219,FALSE
10455,VNvb5oLOpLg_00439,34,0,210,FALSE
10456,VNvb5oLOpLg_00448,34,0,159,TRUE
10457,VNvb5oLOpLg_00449,34,0,291,FALSE
10458,VNvb5oLOpLg_00456,34,0,156,TRUE
10459,VNvb5oLOpLg_00457,34,0,189,FALSE
10460,VNvb5oLOpLg_00466,34,0,486,FALSE
10461,VNvb5oLOpLg_00467,34,0,198,FALSE
10462,VNvb5oLOpLg_00517,34,0,166,FALSE
10463,VNvb5oLOpLg_00518,34,0,192,FALSE
10464,VNvb5oLOpLg_00567,34,0,252,FALSE
10465,VNvb5oLOpLg_00568,34,0,237,FALSE
10466,VNvb5oLOpLg_00883,34,0,235,FALSE
10467,VNvb5oLOpLg_00884,34,0,212,FALSE
10468,VNvb5oLOpLg_00976,34,0,109,FALSE
10469,VNvb5oLOpLg_00977,34,0,213,FALSE
10470,VNvb5oLOpLg_00978,34,0,198,FALSE
10471,VNvb5oLOpLg_01015,34,0,107,FALSE
10472,VNvb5oLOpLg_01064,34,0,138,FALSE
10473,Y4ARBzok9aU_00056,34,0,99,TRUE
10474,Y7QZcr24ye0_00847,34,0,281,FALSE
10475,Y7QZcr24ye0_00848,34,0,247,FALSE
10476,Y7QZcr24ye0_00849,34,0,276,FALSE
10477,Y7QZcr24ye0_00853,34,0,96,FALSE
10478,Y7QZcr24ye0_00854,34,0,183,FALSE
10479,Y7QZcr24ye0_00855,34,0,186,FALSE
10480,Y7QZcr24ye0_00865,34,0,83,FALSE
10481,Y7QZcr24ye0_00866,34,0,150,TRUE
10482,Y7QZcr24ye0_00867,34,0,154,FALSE
10483,Y7QZcr24ye0_00874,34,0,154,TRUE
10484,Y7QZcr24ye0_00875,34,0,162,FALSE
10485,Y7QZcr24ye0_00885,34,0,145,FALSE
10486,Y7QZcr24ye0_00886,34,0,265,FALSE
10487,Y7QZcr24ye0_00887,34,0,262,FALSE
10488,Y7QZcr24ye0_00894,34,0,100,FALSE
10489,Y7QZcr24ye0_00895,34,0,224,FALSE
10490,Y7QZcr24ye0_00896,34,0,230,FALSE
10491,Y7QZcr24ye0_00903,34,0,156,FALSE
10492,Y7QZcr24ye0_00904,34,0,228,FALSE
10493,Y7QZcr24ye0_00905,34,0,221,FALSE
10494,Y7QZcr24ye0_00917,34,0,92,FALSE
10495,Y7QZcr24ye0_00918,34,0,204,FALSE
10496,Y7QZcr24ye0_00919,34,0,180,FALSE
10497,Y7QZcr24ye0_00961,34,0,248,FALSE
10498,Y7QZcr24ye0_00974,34,0,122,FALSE
10499,Y7QZcr24ye0_00975,34,0,245,FALSE
10500,Y7QZcr24ye0_00976,34,0,259,FALSE
10501,Z_uFnDg-a4I_00086,34,0,87,FALSE
10502,_8Vy3dlHg2w_00007,34,0,86,FALSE
10503,_8Vy3dlHg2w_00008,34,0,111,TRUE
10504,_8Vy3dlHg2w_00019,34,0,84,TRUE
10505,_8Vy3dlHg2w_00020,34,0,91,FALSE
10506,_8Vy3dlHg2w_00033,34,0,92,TRUE
10507,_8Vy3dlHg2w_00034,34,0,65,TRUE
10508,_8Vy3dlHg2w_00035,34,0,70,TRUE
10509,_8Vy3dlHg2w_00036,34,0,68,TRUE
10510,_8Vy3dlHg2w_00037,34,0,100,FALSE
10511,_8Vy3dlHg2w_00038,34,0,89,TRUE
10512,_8Vy3dlHg2w_00039,34,0,76,TRUE
10513,_8Vy3dlHg2w_00052,34,0,81,TRUE
10514,_8Vy3dlHg2w_00067,34,0,109,TRUE
10515,_8Vy3dlHg2w_00068,34,0,60,FALSE
10516,_8Vy3dlHg2w_00092,34,0,60,TRUE
10517,_8Vy3dlHg2w_00093,34,0,94,TRUE
10518,_8Vy3dlHg2w_00094,34,0,104,TRUE
10519,_8Vy3dlHg2w_00120,34,0,65,FALSE
10520,_8Vy3dlHg2w_00200,34,0,191,FALSE
10521,_8Vy3dlHg2w_00201,34,0,52,FALSE
10522,aektxm8cLdo_00006,34,0,68,TRUE
10523,aektxm8cLdo_00007,34,0,118,TRUE
10524,aektxm8cLdo_00008,34,0,151,TRUE
10525,c7FHotPDZIw_00058,34,0,83,TRUE
10526,c7FHotPDZIw_00060,34,0,135,FALSE
10527,c7FHotPDZIw_00061,34,0,81,TRUE
10528,c7FHotPDZIw_00062,34,0,105,TRUE
10529,c7FHotPDZIw_00064,34,0,45,TRUE
10530,db7DmpqzGmc_00067,34,0,102,TRUE
10531,db7DmpqzGmc_00068,34,0,113,TRUE
10532,db7DmpqzGmc_00069,34,0,140,TRUE
10533,db7DmpqzGmc_00211,34,0,60,TRUE
10534,db7DmpqzGmc_00212,34,0,97,TRUE
10535,db7DmpqzGmc_00213,34,0,150,TRUE
10536,ddV_Cpszpls_00067,34,0,86,FALSE
10537,eN8umEok9U8_00092,34,0,31,TRUE
10538,eN8umEok9U8_00093,34,0,66,TRUE
10539,eN8umEok9U8_00106,34,0,83,FALSE
10540,eN8umEok9U8_00107,34,0,164,TRUE
10541,eN8umEok9U8_00130,34,0,68,TRUE
10542,eN8umEok9U8_00131,34,0,94,TRUE
10543,eN8umEok9U8_00140,34,0,91,FALSE
10544,eN8umEok9U8_00141,34,0,114,TRUE
10545,eN8umEok9U8_00142,34,0,68,TRUE
10546,eN8umEok9U8_00143,34,0,103,TRUE
10547,eN8umEok9U8_00190,34,0,85,TRUE
10548,eN8umEok9U8_00191,34,0,129,TRUE
10549,eN8umEok9U8_00204,34,0,113,TRUE
10550,eN8umEok9U8_00205,34,0,139,TRUE
10551,fB1Pc3CylrQ_00014,34,0,279,FALSE
10552,fohMq9tOn6E_00053,34,0,124,TRUE
10553,fohMq9tOn6E_00054,34,0,86,TRUE
10554,fohMq9tOn6E_00093,34,0,65,FALSE
10555,fohMq9tOn6E_00094,34,0,78,TRUE
10556,fohMq9tOn6E_00103,34,0,138,TRUE
10557,fohMq9tOn6E_00104,34,0,81,FALSE
10558,fohMq9tOn6E_00118,34,0,116,FALSE
10559,fohMq9tOn6E_00119,34,0,92,FALSE
10560,fohMq9tOn6E_00122,34,0,203,FALSE
10561,fohMq9tOn6E_00123,34,0,153,FALSE
10562,fohMq9tOn6E_00132,34,0,76,TRUE
10563,fohMq9tOn6E_00133,34,0,91,FALSE
10564,fohMq9tOn6E_00134,34,0,47,FALSE
10565,fohMq9tOn6E_00135,34,0,64,FALSE
10566,fohMq9tOn6E_00138,34,0,140,FALSE
10567,fohMq9tOn6E_00139,34,0,89,FALSE
10568,iv0Gu1VXAgc_00018,34,0,162,FALSE
10569,iv0Gu1VXAgc_00019,34,0,131,FALSE
10570,iv0Gu1VXAgc_00020,34,0,160,FALSE
10571,iv0Gu1VXAgc_00048,34,0,74,TRUE
10572,iv0Gu1VXAgc_00049,34,0,97,FALSE
10573,iv0Gu1VXAgc_00050,34,0,161,FALSE
10574,iv0Gu1VXAgc_00072,34,0,108,TRUE
10575,iv0Gu1VXAgc_00074,34,0,142,FALSE
10576,iv0Gu1VXAgc_00080,34,0,50,TRUE
10577,iv0Gu1VXAgc_00082,34,0,76,FALSE
10578,iv0Gu1VXAgc_00083,34,0,115,FALSE
10579,iv0Gu1VXAgc_00087,34,0,144,TRUE
10580,iv0Gu1VXAgc_00088,34,0,119,TRUE
10581,iv0Gu1VXAgc_00089,34,0,149,FALSE
10582,iv0Gu1VXAgc_00093,34,0,375,FALSE
10583,iv0Gu1VXAgc_00094,34,0,57,FALSE
10584,iv0Gu1VXAgc_00095,34,0,134,TRUE
10585,iv0Gu1VXAgc_00096,34,0,69,FALSE
10586,iv0Gu1VXAgc_00155,34,0,70,TRUE
10587,iv0Gu1VXAgc_00156,34,0,74,FALSE
10588,iv0Gu1VXAgc_00157,34,0,137,TRUE
10589,iv0Gu1VXAgc_00204,34,0,103,FALSE
10590,iv0Gu1VXAgc_00209,34,0,263,FALSE
10591,iv0Gu1VXAgc_00210,34,0,109,FALSE
10592,iv0Gu1VXAgc_00211,34,0,144,TRUE
10593,iv0Gu1VXAgc_00234,34,0,110,TRUE
10594,iv0Gu1VXAgc_00235,34,0,95,FALSE
10595,iv0Gu1VXAgc_00236,34,0,147,TRUE
10596,iv0Gu1VXAgc_00239,34,0,90,TRUE
10597,iv0Gu1VXAgc_00240,34,0,158,TRUE
10598,k1F4LHeYhBs_00029,34,0,289,FALSE
10599,k1F4LHeYhBs_00030,34,0,262,FALSE
10600,k1F4LHeYhBs_00031,34,0,272,FALSE
10601,k1F4LHeYhBs_00143,34,0,206,FALSE
10602,k1F4LHeYhBs_00144,34,0,266,FALSE
10603,k1F4LHeYhBs_00145,34,0,249,FALSE
10604,nOlRwoxsDJ0_00290,34,0,245,FALSE
10605,nOlRwoxsDJ0_00291,34,0,201,FALSE
10606,nOlRwoxsDJ0_00294,34,0,175,FALSE
10607,nOlRwoxsDJ0_00295,34,0,259,FALSE
10608,nOlRwoxsDJ0_00300,34,0,106,FALSE
10609,nOlRwoxsDJ0_00301,34,0,189,FALSE
10610,nOlRwoxsDJ0_00302,34,0,139,TRUE
10611,nOlRwoxsDJ0_00303,34,0,231,FALSE
10612,nOlRwoxsDJ0_00304,34,0,100,FALSE
10613,nOlRwoxsDJ0_00305,34,0,187,FALSE
10614,nOlRwoxsDJ0_00308,34,0,236,FALSE
10615,nOlRwoxsDJ0_00309,34,0,210,FALSE
10616,nOlRwoxsDJ0_00310,34,0,184,FALSE
10617,nOlRwoxsDJ0_00311,34,0,209,FALSE
10618,nOlRwoxsDJ0_00312,34,0,598,FALSE
10619,nOlRwoxsDJ0_00313,34,0,228,FALSE
10620,nOlRwoxsDJ0_00320,34,0,92,TRUE
10621,nOlRwoxsDJ0_00321,34,0,174,TRUE
10622,nOlRwoxsDJ0_00332,34,0,195,FALSE
10623,nOlRwoxsDJ0_00333,34,0,225,FALSE
10624,nOlRwoxsDJ0_00346,34,0,185,FALSE
10625,nOlRwoxsDJ0_00347,34,0,252,FALSE
10626,nOlRwoxsDJ0_00380,34,0,395,FALSE
10627,nOlRwoxsDJ0_00381,34,0,210,FALSE
10628,nOlRwoxsDJ0_00382,34,0,119,TRUE
10629,nOlRwoxsDJ0_00383,34,0,221,FALSE
10630,nOlRwoxsDJ0_00398,34,0,161,FALSE
10631,nOlRwoxsDJ0_00399,34,0,188,FALSE
10632,nOlRwoxsDJ0_00402,34,0,327,FALSE
10633,nOlRwoxsDJ0_00403,34,0,196,FALSE
10634,nOlRwoxsDJ0_00408,34,0,96,TRUE
10635,nOlRwoxsDJ0_00409,34,0,180,FALSE
10636,nOlRwoxsDJ0_00412,34,0,297,FALSE
10637,nOlRwoxsDJ0_00413,34,0,245,FALSE
10638,nOlRwoxsDJ0_00420,34,0,236,FALSE
10639,nOlRwoxsDJ0_00421,34,0,92,TRUE
10640,nOlRwoxsDJ0_00422,34,0,204,FALSE
10641,nOlRwoxsDJ0_00428,34,0,128,TRUE
10642,nOlRwoxsDJ0_00429,34,0,158,FALSE
10643,nOlRwoxsDJ0_00444,34,0,123,TRUE
10644,nOlRwoxsDJ0_00445,34,0,177,TRUE
10645,nOlRwoxsDJ0_00452,34,0,147,TRUE
10646,nOlRwoxsDJ0_00453,34,0,246,FALSE
10647,nOlRwoxsDJ0_00783,34,0,150,TRUE
10648,nOlRwoxsDJ0_00784,34,0,207,FALSE
10649,ozbr742-Trc_00003,34,0,62,TRUE
10650,ozbr742-Trc_00006,34,0,157,TRUE
10651,ozbr742-Trc_00008,34,0,121,TRUE
10652,siEI_jaSmd4_00062,34,0,190,FALSE
10653,siEI_jaSmd4_00066,34,0,95,TRUE
10654,siEI_jaSmd4_00072,34,0,220,FALSE
10655,siEI_jaSmd4_00073,34,0,180,FALSE
10656,siEI_jaSmd4_00074,34,0,150,TRUE
10657,siEI_jaSmd4_00081,34,0,72,FALSE
10658,siEI_jaSmd4_00084,34,0,184,FALSE
10659,siEI_jaSmd4_00093,34,0,58,FALSE
10660,siEI_jaSmd4_00105,34,0,67,TRUE
10661,siEI_jaSmd4_00107,34,0,113,TRUE
10662,sk8TafuB3lU_00334,34,0,303,FALSE
10663,sk8TafuB3lU_00335,34,0,184,FALSE
10664,sk8TafuB3lU_00336,34,0,191,FALSE
10665,sk8TafuB3lU_00337,34,0,320,FALSE
10666,sk8TafuB3lU_00347,34,0,201,FALSE
10667,sk8TafuB3lU_00348,34,0,290,FALSE
10668,sk8TafuB3lU_00355,34,0,234,FALSE
10669,sk8TafuB3lU_00356,34,0,276,FALSE
10670,sk8TafuB3lU_00357,34,0,241,FALSE
10671,sk8TafuB3lU_00358,34,0,198,FALSE
10672,sk8TafuB3lU_00367,34,0,107,FALSE
10673,sk8TafuB3lU_00368,34,0,213,FALSE
10674,sk8TafuB3lU_00369,34,0,210,FALSE
10675,sk8TafuB3lU_00370,34,0,256,FALSE
10676,sk8TafuB3lU_00375,34,0,137,FALSE
10677,sk8TafuB3lU_00376,34,0,228,FALSE
10678,sk8TafuB3lU_00379,34,0,112,FALSE
10679,sk8TafuB3lU_00380,34,0,206,FALSE
10680,sk8TafuB3lU_00387,34,0,127,TRUE
10681,sk8TafuB3lU_00388,34,0,208,FALSE
10682,sk8TafuB3lU_00409,34,0,105,TRUE
10683,sk8TafuB3lU_00410,34,0,147,FALSE
10684,sk8TafuB3lU_00429,34,0,314,FALSE
10685,sk8TafuB3lU_00430,34,0,246,FALSE
10686,sk8TafuB3lU_00445,34,0,121,TRUE
10687,sk8TafuB3lU_00446,34,0,216,FALSE
10688,sk8TafuB3lU_00447,34,0,157,TRUE
10689,sk8TafuB3lU_00448,34,0,190,FALSE
10690,sk8TafuB3lU_00459,34,0,163,TRUE
10691,sk8TafuB3lU_00460,34,0,186,FALSE
10692,sk8TafuB3lU_00481,34,0,293,FALSE
10693,sk8TafuB3lU_00482,34,0,200,FALSE
10694,sk8TafuB3lU_00505,34,0,252,FALSE
10695,sk8TafuB3lU_00506,34,0,209,FALSE
10696,sk8TafuB3lU_00513,34,0,204,FALSE
10697,sk8TafuB3lU_00514,34,0,221,FALSE
10698,sk8TafuB3lU_00525,34,0,192,FALSE
10699,sk8TafuB3lU_00526,34,0,218,FALSE
10700,sk8TafuB3lU_00535,34,0,148,FALSE
10701,sk8TafuB3lU_00536,34,0,257,FALSE
10702,sk8TafuB3lU_00539,34,0,235,FALSE
10703,sk8TafuB3lU_00540,34,0,233,FALSE
10704,sk8TafuB3lU_00543,34,0,136,FALSE
10705,sk8TafuB3lU_00544,34,0,194,FALSE
10706,sk8TafuB3lU_00557,34,0,464,FALSE
10707,sk8TafuB3lU_00558,34,0,239,FALSE
10708,sk8TafuB3lU_00587,34,0,122,TRUE
10709,sk8TafuB3lU_00588,34,0,208,FALSE
10710,sk8TafuB3lU_00598,34,0,191,FALSE
10711,sk8TafuB3lU_00599,34,0,226,FALSE
10712,sk8TafuB3lU_00650,34,0,137,TRUE
10713,sk8TafuB3lU_00965,34,0,164,FALSE
10714,sk8TafuB3lU_00967,34,0,217,FALSE
10715,sk8TafuB3lU_00991,34,0,95,TRUE
10716,sk8TafuB3lU_01012,34,0,118,TRUE
10717,sk8TafuB3lU_01013,34,0,212,FALSE
10718,sk8TafuB3lU_01015,34,0,109,FALSE
10719,sk8TafuB3lU_01016,34,0,214,FALSE
10720,sk8TafuB3lU_01017,34,0,213,FALSE
10721,sk8TafuB3lU_01079,34,0,224,FALSE
10722,sk8TafuB3lU_01127,34,0,104,FALSE
10723,sk8TafuB3lU_01128,34,0,213,FALSE
10724,sk8TafuB3lU_01163,34,0,115,FALSE
10725,sk8TafuB3lU_01164,34,0,206,FALSE
10726,uDESPUxbjnI_00044,34,0,84,TRUE
10727,uDESPUxbjnI_00045,34,0,136,FALSE
10728,uDESPUxbjnI_00046,34,0,171,FALSE
10729,uDESPUxbjnI_00053,34,0,114,TRUE
10730,uDESPUxbjnI_00054,34,0,100,FALSE
10731,uDESPUxbjnI_00070,34,0,100,FALSE
10732,uDESPUxbjnI_00072,34,0,142,FALSE
10733,uDESPUxbjnI_00088,34,0,81,TRUE
10734,uDESPUxbjnI_00089,34,0,133,FALSE
10735,uDESPUxbjnI_00090,34,0,97,FALSE
10736,uDESPUxbjnI_00106,34,0,90,TRUE
10737,uDESPUxbjnI_00107,34,0,102,FALSE
10738,uDESPUxbjnI_00108,34,0,112,FALSE
10739,uDESPUxbjnI_00165,34,0,59,TRUE
10740,uDESPUxbjnI_00166,34,0,101,FALSE
10741,uDESPUxbjnI_00167,34,0,131,FALSE
10742,uDESPUxbjnI_00171,34,0,51,FALSE
10743,uDESPUxbjnI_00173,34,0,138,FALSE
10744,vlfy4cny75s_00155,34,0,215,FALSE
10745,xbQCwTHcGN8_00211,34,0,44,FALSE
10746,zYHstCxnAPA_00200,34,0,188,FALSE
10747,zYHstCxnAPA_00201,34,0,224,FALSE
10748,zYHstCxnAPA_00218,34,0,219,FALSE
10749,zYHstCxnAPA_00219,34,0,197,FALSE
10750,zYHstCxnAPA_00230,34,0,155,TRUE
10751,zYHstCxnAPA_00231,34,0,195,FALSE
10752,zYHstCxnAPA_00258,34,0,261,FALSE
10753,zYHstCxnAPA_00259,34,0,227,FALSE
10754,zYHstCxnAPA_00277,34,0,172,FALSE
10755,zYHstCxnAPA_00296,34,0,104,TRUE
10756,zYHstCxnAPA_00297,34,0,159,FALSE
10757,zYHstCxnAPA_00320,34,0,129,TRUE
10758,zYHstCxnAPA_00321,34,0,209,FALSE
10759,zYHstCxnAPA_00374,34,0,362,FALSE
10760,zYHstCxnAPA_00376,34,0,190,FALSE
10761,zYHstCxnAPA_00578,34,0,105,TRUE
10762,zYHstCxnAPA_00579,34,0,219,FALSE
10763,zYHstCxnAPA_00582,34,0,260,FALSE
10764,zYHstCxnAPA_00583,34,0,264,FALSE
10765,zYHstCxnAPA_00592,34,0,140,FALSE
10766,zYHstCxnAPA_00593,34,0,265,FALSE
10767,zYHstCxnAPA_00596,34,0,481,FALSE
10768,zYHstCxnAPA_00597,34,0,308,FALSE
10769,zYHstCxnAPA_00610,34,0,123,TRUE
10770,zYHstCxnAPA_00611,34,0,254,FALSE
10771,zYHstCxnAPA_00633,34,0,195,FALSE
10772,zYHstCxnAPA_00634,34,0,261,FALSE
10773,zYHstCxnAPA_00639,34,0,129,TRUE
10774,zYHstCxnAPA_00640,34,0,281,FALSE
10775,zYHstCxnAPA_00641,34,0,223,FALSE
10776,zYHstCxnAPA_00642,34,0,267,FALSE
10777,zYHstCxnAPA_00643,34,0,288,FALSE
10778,zYHstCxnAPA_00644,34,0,305,FALSE
10779,zYHstCxnAPA_00645,34,0,125,FALSE
10780,zYHstCxnAPA_00646,34,0,253,FALSE
10781,zYHstCxnAPA_00657,34,0,131,TRUE
10782,zYHstCxnAPA_00658,34,0,243,FALSE
10783,zYHstCxnAPA_00669,34,0,402,FALSE
10784,zYHstCxnAPA_00670,34,0,252,FALSE
10785,zYHstCxnAPA_00673,34,0,493,FALSE
10786,zYHstCxnAPA_00674,34,0,307,FALSE
10787,zYHstCxnAPA_00688,34,0,191,FALSE
10788,zYHstCxnAPA_00695,34,0,125,TRUE
10789,zYHstCxnAPA_00696,34,0,260,FALSE
10790,zYHstCxnAPA_00697,34,0,175,TRUE
10791,zYHstCxnAPA_00698,34,0,321,FALSE
10792,zYHstCxnAPA_00705,34,0,142,FALSE
10793,zYHstCxnAPA_00706,34,0,199,FALSE
10794,zYHstCxnAPA_00727,34,0,114,TRUE
10795,zYHstCxnAPA_00728,34,0,249,FALSE
10796,zYHstCxnAPA_00757,34,0,118,TRUE
10797,zYHstCxnAPA_00758,34,0,216,FALSE
10798,zYHstCxnAPA_00799,34,0,132,TRUE
10799,zYHstCxnAPA_00800,34,0,228,FALSE
10800,zYHstCxnAPA_00803,34,0,162,TRUE
10801,zYHstCxnAPA_00804,34,0,275,FALSE
10802,zYHstCxnAPA_00817,34,0,400,FALSE
10803,2x00lRzlTVQ_00050,35,0,200,FALSE
10804,2x00lRzlTVQ_00051,35,0,145,TRUE
10805,2x00lRzlTVQ_00052,35,0,180,FALSE
10806,2x00lRzlTVQ_00059,35,0,111,TRUE
10807,2x00lRzlTVQ_00060,35,0,190,FALSE
10808,2x00lRzlTVQ_00061,35,0,81,TRUE
10809,2x00lRzlTVQ_00068,35,0,129,TRUE
10810,2x00lRzlTVQ_00069,35,0,218,FALSE
10811,2x00lRzlTVQ_00089,35,0,168,TRUE
10812,2x00lRzlTVQ_00090,35,0,150,TRUE
10813,2x00lRzlTVQ_00091,35,0,82,FALSE
10814,2x00lRzlTVQ_00104,35,0,193,FALSE
10815,2x00lRzlTVQ_00105,35,0,163,TRUE
10816,2x00lRzlTVQ_00106,35,0,64,TRUE
10817,2x00lRzlTVQ_00110,35,0,67,TRUE
10818,2x00lRzlTVQ_00111,35,0,165,TRUE
10819,2x00lRzlTVQ_00112,35,0,99,FALSE
10820,3N1kUtqJ25A_00139,35,0,149,FALSE
10821,3N1kUtqJ25A_00140,35,0,232,FALSE
10822,3N1kUtqJ25A_00141,35,0,242,FALSE
10823,3N1kUtqJ25A_00148,35,0,263,FALSE
10824,3N1kUtqJ25A_00149,35,0,238,FALSE
10825,3N1kUtqJ25A_00150,35,0,242,FALSE
10826,3N1kUtqJ25A_00151,35,0,124,FALSE
10827,3N1kUtqJ25A_00152,35,0,221,FALSE
10828,3N1kUtqJ25A_00153,35,0,178,FALSE
10829,3N1kUtqJ25A_00172,35,0,147,FALSE
10830,3N1kUtqJ25A_00173,35,0,242,FALSE
10831,3N1kUtqJ25A_00174,35,0,244,FALSE
10832,3N1kUtqJ25A_00184,35,0,247,FALSE
10833,3N1kUtqJ25A_00185,35,0,257,FALSE
10834,3N1kUtqJ25A_00187,35,0,172,FALSE
10835,3N1kUtqJ25A_00188,35,0,250,FALSE
10836,3N1kUtqJ25A_00189,35,0,249,FALSE
10837,3N1kUtqJ25A_00202,35,0,113,FALSE
10838,3N1kUtqJ25A_00203,35,0,240,FALSE
10839,3N1kUtqJ25A_00204,35,0,223,FALSE
10840,3N1kUtqJ25A_00235,35,0,144,FALSE
10841,3N1kUtqJ25A_00236,35,0,251,FALSE
10842,3N1kUtqJ25A_00237,35,0,274,FALSE
10843,3PLiUG_DuC8_00106,35,0,114,FALSE
10844,3PLiUG_DuC8_00107,35,0,165,TRUE
10845,3PLiUG_DuC8_00140,35,0,173,TRUE
10846,3PLiUG_DuC8_00145,35,0,59,FALSE
10847,3PLiUG_DuC8_00146,35,0,184,FALSE
10848,3PLiUG_DuC8_00149,35,0,156,TRUE
10849,3PLiUG_DuC8_00171,35,0,58,TRUE
10850,3PLiUG_DuC8_00172,35,0,86,FALSE
10851,3PLiUG_DuC8_00190,35,0,57,FALSE
10852,3PLiUG_DuC8_00191,35,0,180,FALSE
10853,3PLiUG_DuC8_00192,35,0,100,FALSE
10854,3PLiUG_DuC8_00297,35,0,91,TRUE
10855,3PLiUG_DuC8_00298,35,0,235,FALSE
10856,3PLiUG_DuC8_00303,35,0,53,TRUE
10857,3PLiUG_DuC8_00304,35,0,173,TRUE
10858,3PLiUG_DuC8_00306,35,0,158,TRUE
10859,3PLiUG_DuC8_00307,35,0,174,TRUE
10860,3PLiUG_DuC8_00355,35,0,75,TRUE
10861,3PLiUG_DuC8_00356,35,0,175,TRUE
10862,3PLiUG_DuC8_00357,35,0,100,FALSE
10863,5V-dKBtmKLI_00028,35,0,124,FALSE
10864,5V-dKBtmKLI_00029,35,0,100,TRUE
10865,5V-dKBtmKLI_00032,35,0,45,TRUE
10866,5V-dKBtmKLI_00033,35,0,135,FALSE
10867,5V-dKBtmKLI_00038,35,0,174,FALSE
10868,5V-dKBtmKLI_00039,35,0,122,FALSE
10869,5V-dKBtmKLI_00126,35,0,164,TRUE
10870,5V-dKBtmKLI_00129,35,0,110,FALSE
10871,5V-dKBtmKLI_00130,35,0,164,FALSE
10872,5V-dKBtmKLI_00135,35,0,47,FALSE
10873,5i1begTTucc_00046,35,0,173,TRUE
10874,5i1begTTucc_00047,35,0,111,TRUE
10875,9BC6ssCjyfg_00090,35,0,61,TRUE
10876,9BC6ssCjyfg_00091,35,0,139,FALSE
10877,9BC6ssCjyfg_00092,35,0,158,TRUE
10878,9BC6ssCjyfg_00093,35,0,61,TRUE
10879,9BC6ssCjyfg_00094,35,0,183,FALSE
10880,9BC6ssCjyfg_00095,35,0,161,FALSE
10881,9BC6ssCjyfg_00096,35,0,52,TRUE
10882,9BC6ssCjyfg_00097,35,0,163,TRUE
10883,9BC6ssCjyfg_00098,35,0,131,TRUE
10884,9BC6ssCjyfg_00117,35,0,73,TRUE
10885,9BC6ssCjyfg_00118,35,0,147,TRUE
10886,9BC6ssCjyfg_00138,35,0,104,TRUE
10887,9BC6ssCjyfg_00139,35,0,144,TRUE
10888,9BC6ssCjyfg_00140,35,0,156,TRUE
10889,9BC6ssCjyfg_00141,35,0,67,TRUE
10890,9BC6ssCjyfg_00142,35,0,175,TRUE
10891,9BC6ssCjyfg_00143,35,0,149,TRUE
10892,Bb0ZiYVNtDs_00014,35,0,71,TRUE
10893,Bb0ZiYVNtDs_00015,35,0,179,TRUE
10894,Bb0ZiYVNtDs_00029,35,0,46,TRUE
10895,Bb0ZiYVNtDs_00030,35,0,109,TRUE
10896,Bb0ZiYVNtDs_00031,35,0,73,FALSE
10897,Bb0ZiYVNtDs_00061,35,0,70,TRUE
10898,Bb0ZiYVNtDs_00062,35,0,147,TRUE
10899,Bb0ZiYVNtDs_00063,35,0,74,FALSE
10900,Bb0ZiYVNtDs_00115,35,0,133,TRUE
10901,Bb0ZiYVNtDs_00116,35,0,147,TRUE
10902,Bb0ZiYVNtDs_00117,35,0,91,TRUE
10903,Bb0ZiYVNtDs_00124,35,0,87,TRUE
10904,Bb0ZiYVNtDs_00125,35,0,157,TRUE
10905,Bb0ZiYVNtDs_00126,35,0,137,FALSE
10906,Bb0ZiYVNtDs_00130,35,0,69,TRUE
10907,Bb0ZiYVNtDs_00131,35,0,155,TRUE
10908,Bb0ZiYVNtDs_00132,35,0,88,FALSE
10909,Bb0ZiYVNtDs_00133,35,0,79,TRUE
10910,Bb0ZiYVNtDs_00134,35,0,175,TRUE
10911,Bb0ZiYVNtDs_00135,35,0,89,TRUE
10912,Bb0ZiYVNtDs_00139,35,0,66,TRUE
10913,Bb0ZiYVNtDs_00140,35,0,160,TRUE
10914,Bb0ZiYVNtDs_00145,35,0,106,TRUE
10915,Bb0ZiYVNtDs_00146,35,0,211,FALSE
10916,Bb0ZiYVNtDs_00149,35,0,115,TRUE
10917,Bb0ZiYVNtDs_00150,35,0,157,TRUE
10918,Bb0ZiYVNtDs_00151,35,0,96,TRUE
10919,Bb0ZiYVNtDs_00155,35,0,50,TRUE
10920,Bb0ZiYVNtDs_00156,35,0,106,TRUE
10921,Bb0ZiYVNtDs_00157,35,0,42,FALSE
10922,Bb0ZiYVNtDs_00158,35,0,112,FALSE
10923,Bb0ZiYVNtDs_00159,35,0,174,TRUE
10924,D6zILEKIJbk_00051,35,0,140,TRUE
10925,D6zILEKIJbk_00052,35,0,128,TRUE
10926,D6zILEKIJbk_00053,35,0,90,FALSE
10927,D6zILEKIJbk_00060,35,0,79,TRUE
10928,D6zILEKIJbk_00061,35,0,169,TRUE
10929,D6zILEKIJbk_00062,35,0,161,FALSE
10930,D6zILEKIJbk_00072,35,0,144,FALSE
10931,D6zILEKIJbk_00073,35,0,185,FALSE
10932,D6zILEKIJbk_00074,35,0,142,TRUE
10933,D6zILEKIJbk_00087,35,0,227,FALSE
10934,D6zILEKIJbk_00088,35,0,162,TRUE
10935,D6zILEKIJbk_00089,35,0,130,TRUE
10936,D6zILEKIJbk_00094,35,0,83,FALSE
10937,D6zILEKIJbk_00095,35,0,178,TRUE
10938,D6zILEKIJbk_00096,35,0,119,TRUE
10939,D6zILEKIJbk_00103,35,0,84,TRUE
10940,D6zILEKIJbk_00104,35,0,172,TRUE
10941,D6zILEKIJbk_00105,35,0,106,FALSE
10942,D6zILEKIJbk_00109,35,0,79,FALSE
10943,D6zILEKIJbk_00110,35,0,185,FALSE
10944,D6zILEKIJbk_00111,35,0,114,FALSE
10945,D6zILEKIJbk_00118,35,0,163,FALSE
10946,D6zILEKIJbk_00119,35,0,184,FALSE
10947,D6zILEKIJbk_00120,35,0,83,FALSE
10948,D6zILEKIJbk_00128,35,0,104,TRUE
10949,D6zILEKIJbk_00129,35,0,179,TRUE
10950,D6zILEKIJbk_00130,35,0,178,FALSE
10951,D6zILEKIJbk_00131,35,0,62,TRUE
10952,D6zILEKIJbk_00132,35,0,138,TRUE
10953,D6zILEKIJbk_00133,35,0,96,FALSE
10954,D6zILEKIJbk_00174,35,0,60,TRUE
10955,D6zILEKIJbk_00175,35,0,150,TRUE
10956,D6zILEKIJbk_00176,35,0,108,FALSE
10957,D6zILEKIJbk_00177,35,0,61,TRUE
10958,D6zILEKIJbk_00178,35,0,150,TRUE
10959,D6zILEKIJbk_00179,35,0,98,TRUE
10960,D6zILEKIJbk_00193,35,0,73,TRUE
10961,D6zILEKIJbk_00194,35,0,178,TRUE
10962,D6zILEKIJbk_00195,35,0,212,FALSE
10963,D6zILEKIJbk_00199,35,0,68,TRUE
10964,D6zILEKIJbk_00200,35,0,149,TRUE
10965,D6zILEKIJbk_00201,35,0,146,FALSE
10966,D6zILEKIJbk_00207,35,0,62,TRUE
10967,D6zILEKIJbk_00208,35,0,156,TRUE
10968,LNMISxO35S0_00019,35,0,85,FALSE
10969,LNMISxO35S0_00020,35,0,115,TRUE
10970,LNMISxO35S0_00028,35,0,192,FALSE
10971,LNMISxO35S0_00029,35,0,151,FALSE
10972,LNMISxO35S0_00030,35,0,191,FALSE
10973,LNMISxO35S0_00037,35,0,81,FALSE
10974,LNMISxO35S0_00038,35,0,107,FALSE
10975,LNMISxO35S0_00039,35,0,161,FALSE
10976,LNMISxO35S0_00040,35,0,96,FALSE
10977,LNMISxO35S0_00041,35,0,123,TRUE
10978,LNMISxO35S0_00042,35,0,182,FALSE
10979,LNMISxO35S0_00043,35,0,82,FALSE
10980,LNMISxO35S0_00044,35,0,113,FALSE
10981,LNMISxO35S0_00045,35,0,207,FALSE
10982,LNMISxO35S0_00049,35,0,71,FALSE
10983,LNMISxO35S0_00050,35,0,99,FALSE
10984,LNMISxO35S0_00052,35,0,284,FALSE
10985,LNMISxO35S0_00064,35,0,260,FALSE
10986,LNMISxO35S0_00065,35,0,111,FALSE
10987,LNMISxO35S0_00066,35,0,158,TRUE
10988,LNMISxO35S0_00091,35,0,97,FALSE
10989,LNMISxO35S0_00092,35,0,186,FALSE
10990,LNMISxO35S0_00192,35,0,92,FALSE
10991,LNMISxO35S0_00193,35,0,117,TRUE
10992,LNMISxO35S0_00218,35,0,67,FALSE
10993,LNMISxO35S0_00219,35,0,158,FALSE
10994,LNMISxO35S0_00255,35,0,77,FALSE
10995,LNMISxO35S0_00264,35,0,182,FALSE
10996,LNMISxO35S0_00265,35,0,113,FALSE
10997,LNMISxO35S0_00266,35,0,168,FALSE
10998,LNMISxO35S0_00267,35,0,85,TRUE
10999,LNMISxO35S0_00269,35,0,170,FALSE
11000,LNMISxO35S0_00270,35,0,56,FALSE
11001,LNMISxO35S0_00271,35,0,84,FALSE
11002,LNMISxO35S0_00272,35,0,147,FALSE
11003,LNMISxO35S0_00276,35,0,284,FALSE
11004,LNMISxO35S0_00278,35,0,94,FALSE
11005,LNMISxO35S0_00280,35,0,109,FALSE
11006,LNMISxO35S0_00281,35,0,114,FALSE
11007,LNMISxO35S0_00282,35,0,163,FALSE
11008,LNMISxO35S0_00292,35,0,165,FALSE
11009,LNMISxO35S0_00293,35,0,87,FALSE
11010,LNMISxO35S0_00294,35,0,143,TRUE
11011,OFxuiqI5G44_00065,35,0,160,FALSE
11012,OFxuiqI5G44_00067,35,0,247,FALSE
11013,OFxuiqI5G44_00088,35,0,147,FALSE
11014,OFxuiqI5G44_00089,35,0,242,FALSE
11015,OFxuiqI5G44_00090,35,0,281,FALSE
11016,OFxuiqI5G44_00103,35,0,119,FALSE
11017,OFxuiqI5G44_00105,35,0,146,FALSE
11018,OFxuiqI5G44_00106,35,0,233,FALSE
11019,OFxuiqI5G44_00107,35,0,266,FALSE
11020,OFxuiqI5G44_00108,35,0,185,FALSE
11021,OFxuiqI5G44_00109,35,0,272,FALSE
11022,OFxuiqI5G44_00110,35,0,282,FALSE
11023,OFxuiqI5G44_00120,35,0,125,FALSE
11024,OFxuiqI5G44_00121,35,0,210,FALSE
11025,OFxuiqI5G44_00122,35,0,223,FALSE
11026,OFxuiqI5G44_00150,35,0,148,FALSE
11027,OFxuiqI5G44_00151,35,0,250,FALSE
11028,OFxuiqI5G44_00152,35,0,263,FALSE
11029,Q--70-ELqLw_00020,35,0,48,FALSE
11030,Q--70-ELqLw_00021,35,0,132,FALSE
11031,Q--70-ELqLw_00022,35,0,138,TRUE
11032,Q--70-ELqLw_00023,35,0,213,FALSE
11033,Q--70-ELqLw_00024,35,0,152,FALSE
11034,Q--70-ELqLw_00025,35,0,306,FALSE
11035,Q--70-ELqLw_00026,35,0,62,TRUE
11036,Q--70-ELqLw_00027,35,0,164,FALSE
11037,Q--70-ELqLw_00028,35,0,145,FALSE
11038,Q--70-ELqLw_00032,35,0,76,TRUE
11039,Q--70-ELqLw_00033,35,0,104,TRUE
11040,Q--70-ELqLw_00034,35,0,140,TRUE
11041,Q--70-ELqLw_00053,35,0,69,TRUE
11042,Q--70-ELqLw_00054,35,0,91,FALSE
11043,Q--70-ELqLw_00055,35,0,133,FALSE
11044,Q--70-ELqLw_00081,35,0,72,TRUE
11045,Q--70-ELqLw_00083,35,0,113,TRUE
11046,Q--70-ELqLw_00086,35,0,65,FALSE
11047,Q--70-ELqLw_00087,35,0,118,FALSE
11048,Q--70-ELqLw_00088,35,0,134,FALSE
11049,Q--70-ELqLw_00092,35,0,72,TRUE
11050,Q--70-ELqLw_00093,35,0,276,FALSE
11051,Q--70-ELqLw_00094,35,0,67,FALSE
11052,Q--70-ELqLw_00095,35,0,222,FALSE
11053,Q--70-ELqLw_00096,35,0,172,FALSE
11054,Q--70-ELqLw_00097,35,0,58,TRUE
11055,Q--70-ELqLw_00099,35,0,145,TRUE
11056,Q--70-ELqLw_00106,35,0,81,FALSE
11057,Q--70-ELqLw_00112,35,0,165,TRUE
11058,Q--70-ELqLw_00113,35,0,136,FALSE
11059,Q--70-ELqLw_00114,35,0,152,TRUE
11060,Q--70-ELqLw_00140,35,0,66,TRUE
11061,Q--70-ELqLw_00220,35,0,57,TRUE
11062,Q--70-ELqLw_00221,35,0,127,FALSE
11063,Q--70-ELqLw_00222,35,0,143,TRUE
11064,Q--70-ELqLw_00223,35,0,87,FALSE
11065,Q--70-ELqLw_00224,35,0,261,FALSE
11066,Q--70-ELqLw_00225,35,0,76,FALSE
11067,Q--70-ELqLw_00226,35,0,131,TRUE
11068,Q--70-ELqLw_00227,35,0,174,FALSE
11069,Q--70-ELqLw_00231,35,0,67,TRUE
11070,Q--70-ELqLw_00232,35,0,175,FALSE
11071,Q--70-ELqLw_00233,35,0,309,FALSE
11072,RWNrARSbRCY_00021,35,0,94,TRUE
11073,RWNrARSbRCY_00022,35,0,128,FALSE
11074,RWNrARSbRCY_00023,35,0,102,TRUE
11075,RWNrARSbRCY_00031,35,0,112,TRUE
11076,RWNrARSbRCY_00032,35,0,216,FALSE
11077,RWNrARSbRCY_00033,35,0,229,FALSE
11078,RWNrARSbRCY_00034,35,0,113,FALSE
11079,RWNrARSbRCY_00035,35,0,133,FALSE
11080,RWNrARSbRCY_00036,35,0,195,FALSE
11081,RWNrARSbRCY_00037,35,0,174,TRUE
11082,RWNrARSbRCY_00038,35,0,117,FALSE
11083,RWNrARSbRCY_00039,35,0,124,TRUE
11084,RWNrARSbRCY_00059,35,0,128,TRUE
11085,RWNrARSbRCY_00060,35,0,126,FALSE
11086,RWNrARSbRCY_00061,35,0,189,FALSE
11087,RWNrARSbRCY_00088,35,0,226,FALSE
11088,RWNrARSbRCY_00089,35,0,99,TRUE
11089,RWNrARSbRCY_00090,35,0,74,FALSE
11090,RWNrARSbRCY_00097,35,0,118,TRUE
11091,RWNrARSbRCY_00121,35,0,204,FALSE
11092,RWNrARSbRCY_00122,35,0,48,TRUE
11093,RWNrARSbRCY_00123,35,0,96,FALSE
11094,RWNrARSbRCY_00124,35,0,107,TRUE
11095,RWNrARSbRCY_00125,35,0,149,TRUE
11096,RWNrARSbRCY_00126,35,0,76,TRUE
11097,RWNrARSbRCY_00128,35,0,95,TRUE
11098,RWNrARSbRCY_00129,35,0,135,TRUE
11099,TeboS8s_00w_00069,35,0,341,FALSE
11100,TeboS8s_00w_00070,35,0,344,FALSE
11101,TeboS8s_00w_00071,35,0,221,FALSE
11102,TeboS8s_00w_00072,35,0,306,FALSE
11103,TeboS8s_00w_00079,35,0,232,FALSE
11104,TeboS8s_00w_00080,35,0,279,FALSE
11105,TeboS8s_00w_00086,35,0,139,TRUE
11106,TeboS8s_00w_00087,35,0,245,FALSE
11107,TeboS8s_00w_00088,35,0,182,FALSE
11108,TeboS8s_00w_00089,35,0,276,FALSE
11109,TeboS8s_00w_00090,35,0,121,FALSE
11110,TeboS8s_00w_00091,35,0,244,FALSE
11111,TeboS8s_00w_00092,35,0,146,FALSE
11112,TeboS8s_00w_00093,35,0,286,FALSE
11113,TeboS8s_00w_00098,35,0,141,FALSE
11114,TeboS8s_00w_00099,35,0,247,FALSE
11115,TeboS8s_00w_00102,35,0,113,FALSE
11116,TeboS8s_00w_00103,35,0,209,FALSE
11117,TeboS8s_00w_00130,35,0,254,FALSE
11118,TeboS8s_00w_00131,35,0,268,FALSE
11119,TeboS8s_00w_00148,35,0,205,FALSE
11120,TeboS8s_00w_00149,35,0,290,FALSE
11121,TeboS8s_00w_00156,35,0,113,FALSE
11122,TeboS8s_00w_00157,35,0,232,FALSE
11123,V5parOfpuEQ_00003,35,0,73,TRUE
11124,V5parOfpuEQ_00004,35,0,155,TRUE
11125,V5parOfpuEQ_00005,35,0,94,FALSE
11126,V5parOfpuEQ_00009,35,0,135,FALSE
11127,V5parOfpuEQ_00010,35,0,222,FALSE
11128,V5parOfpuEQ_00011,35,0,206,FALSE
11129,V5parOfpuEQ_00021,35,0,110,FALSE
11130,V5parOfpuEQ_00022,35,0,171,TRUE
11131,V5parOfpuEQ_00023,35,0,120,TRUE
11132,V5parOfpuEQ_00024,35,0,99,TRUE
11133,V5parOfpuEQ_00025,35,0,218,FALSE
11134,V5parOfpuEQ_00026,35,0,83,FALSE
11135,V5parOfpuEQ_00035,35,0,58,TRUE
11136,V5parOfpuEQ_00036,35,0,163,TRUE
11137,V5parOfpuEQ_00037,35,0,149,TRUE
11138,V5parOfpuEQ_00038,35,0,65,TRUE
11139,V5parOfpuEQ_00039,35,0,164,TRUE
11140,V5parOfpuEQ_00040,35,0,115,TRUE
11141,V5parOfpuEQ_00041,35,0,63,TRUE
11142,V5parOfpuEQ_00042,35,0,158,TRUE
11143,V5parOfpuEQ_00043,35,0,158,FALSE
11144,V5parOfpuEQ_00044,35,0,110,FALSE
11145,V5parOfpuEQ_00045,35,0,163,TRUE
11146,V5parOfpuEQ_00046,35,0,95,FALSE
11147,V5parOfpuEQ_00051,35,0,87,TRUE
11148,V5parOfpuEQ_00052,35,0,178,FALSE
11149,V5parOfpuEQ_00053,35,0,116,FALSE
11150,V5parOfpuEQ_00066,35,0,96,TRUE
11151,V5parOfpuEQ_00067,35,0,214,FALSE
11152,V5parOfpuEQ_00068,35,0,143,FALSE
11153,V5parOfpuEQ_00077,35,0,79,FALSE
11154,V5parOfpuEQ_00078,35,0,180,FALSE
11155,V5parOfpuEQ_00079,35,0,130,FALSE
11156,V5parOfpuEQ_00092,35,0,80,FALSE
11157,V5parOfpuEQ_00093,35,0,189,FALSE
11158,V5parOfpuEQ_00094,35,0,126,TRUE
11159,V5parOfpuEQ_00110,35,0,130,TRUE
11160,V5parOfpuEQ_00111,35,0,200,FALSE
11161,V5parOfpuEQ_00112,35,0,110,FALSE
11162,V5parOfpuEQ_00115,35,0,84,FALSE
11163,V5parOfpuEQ_00116,35,0,143,TRUE
11164,V5parOfpuEQ_00117,35,0,123,FALSE
11165,V5parOfpuEQ_00154,35,0,83,FALSE
11166,V5parOfpuEQ_00155,35,0,169,FALSE
11167,V5parOfpuEQ_00156,35,0,110,TRUE
11168,V5parOfpuEQ_00178,35,0,141,TRUE
11169,VNvb5oLOpLg_00422,35,0,148,TRUE
11170,VNvb5oLOpLg_00423,35,0,227,FALSE
11171,VNvb5oLOpLg_00885,35,0,165,FALSE
11172,VNvb5oLOpLg_00886,35,0,247,FALSE
11173,VNvb5oLOpLg_00887,35,0,240,FALSE
11174,VNvb5oLOpLg_00931,35,0,104,FALSE
11175,VNvb5oLOpLg_00932,35,0,211,FALSE
11176,VNvb5oLOpLg_00933,35,0,207,FALSE
11177,VNvb5oLOpLg_00934,35,0,129,FALSE
11178,VNvb5oLOpLg_00935,35,0,258,FALSE
11179,VNvb5oLOpLg_00936,35,0,249,FALSE
11180,VNvb5oLOpLg_00937,35,0,483,FALSE
11181,VNvb5oLOpLg_00938,35,0,286,FALSE
11182,VNvb5oLOpLg_00939,35,0,287,FALSE
11183,VNvb5oLOpLg_00946,35,0,293,FALSE
11184,VNvb5oLOpLg_00947,35,0,285,FALSE
11185,VNvb5oLOpLg_00948,35,0,273,FALSE
11186,VNvb5oLOpLg_00949,35,0,140,FALSE
11187,VNvb5oLOpLg_00950,35,0,232,FALSE
11188,VNvb5oLOpLg_00951,35,0,225,FALSE
11189,VNvb5oLOpLg_00982,35,0,235,FALSE
11190,VNvb5oLOpLg_00983,35,0,271,FALSE
11191,VNvb5oLOpLg_00984,35,0,294,FALSE
11192,VNvb5oLOpLg_00985,35,0,159,FALSE
11193,VNvb5oLOpLg_00986,35,0,248,FALSE
11194,VNvb5oLOpLg_00987,35,0,265,FALSE
11195,VNvb5oLOpLg_00997,35,0,147,FALSE
11196,VNvb5oLOpLg_00998,35,0,219,FALSE
11197,VNvb5oLOpLg_01047,35,0,130,FALSE
11198,VNvb5oLOpLg_01048,35,0,261,FALSE
11199,VNvb5oLOpLg_01049,35,0,240,FALSE
11200,VNvb5oLOpLg_01115,35,0,149,FALSE
11201,VNvb5oLOpLg_01116,35,0,235,FALSE
11202,VNvb5oLOpLg_01117,35,0,247,FALSE
11203,VNvb5oLOpLg_01133,35,0,308,FALSE
11204,VNvb5oLOpLg_01134,35,0,274,FALSE
11205,VNvb5oLOpLg_01135,35,0,260,FALSE
11206,Y4ARBzok9aU_00003,35,0,113,FALSE
11207,Y4ARBzok9aU_00004,35,0,158,TRUE
11208,Y4ARBzok9aU_00005,35,0,94,TRUE
11209,Y4ARBzok9aU_00012,35,0,123,TRUE
11210,Y4ARBzok9aU_00013,35,0,177,TRUE
11211,Y4ARBzok9aU_00014,35,0,107,TRUE
11212,Y4ARBzok9aU_00015,35,0,72,FALSE
11213,Y4ARBzok9aU_00016,35,0,167,TRUE
11214,Y4ARBzok9aU_00017,35,0,145,TRUE
11215,Y4ARBzok9aU_00018,35,0,60,TRUE
11216,Y4ARBzok9aU_00019,35,0,155,TRUE
11217,Y4ARBzok9aU_00020,35,0,194,FALSE
11218,Y4ARBzok9aU_00027,35,0,66,TRUE
11219,Y4ARBzok9aU_00028,35,0,140,TRUE
11220,Y4ARBzok9aU_00029,35,0,93,FALSE
11221,Y4ARBzok9aU_00030,35,0,111,TRUE
11222,Y4ARBzok9aU_00031,35,0,157,TRUE
11223,Y4ARBzok9aU_00032,35,0,251,FALSE
11224,Y4ARBzok9aU_00054,35,0,84,TRUE
11225,Y4ARBzok9aU_00055,35,0,206,FALSE
11226,Y4ARBzok9aU_00057,35,0,87,FALSE
11227,Y4ARBzok9aU_00058,35,0,210,FALSE
11228,Y4ARBzok9aU_00059,35,0,131,TRUE
11229,Y4ARBzok9aU_00060,35,0,152,TRUE
11230,Y4ARBzok9aU_00061,35,0,183,FALSE
11231,Y4ARBzok9aU_00069,35,0,86,FALSE
11232,Y4ARBzok9aU_00070,35,0,197,FALSE
11233,Y4ARBzok9aU_00071,35,0,101,FALSE
11234,Y4ARBzok9aU_00075,35,0,47,FALSE
11235,Y4ARBzok9aU_00076,35,0,299,FALSE
11236,Y4ARBzok9aU_00077,35,0,67,FALSE
11237,Y4ARBzok9aU_00078,35,0,162,TRUE
11238,Y4ARBzok9aU_00079,35,0,95,FALSE
11239,Y4ARBzok9aU_00085,35,0,112,TRUE
11240,Y4ARBzok9aU_00141,35,0,98,TRUE
11241,Y4ARBzok9aU_00147,35,0,83,TRUE
11242,Y7QZcr24ye0_00947,35,0,109,FALSE
11243,Y7QZcr24ye0_00948,35,0,218,FALSE
11244,Y7QZcr24ye0_00949,35,0,243,FALSE
11245,Y7QZcr24ye0_00959,35,0,371,FALSE
11246,Y7QZcr24ye0_00960,35,0,263,FALSE
11247,ZAmJsIcfFOA_00075,35,0,76,FALSE
11248,ZAmJsIcfFOA_00076,35,0,166,TRUE
11249,ZAmJsIcfFOA_00077,35,0,125,FALSE
11250,ZAmJsIcfFOA_00078,35,0,96,FALSE
11251,ZAmJsIcfFOA_00079,35,0,143,TRUE
11252,ZAmJsIcfFOA_00080,35,0,128,FALSE
11253,ZAmJsIcfFOA_00092,35,0,181,FALSE
11254,ZAmJsIcfFOA_00093,35,0,142,TRUE
11255,ZAmJsIcfFOA_00094,35,0,121,FALSE
11256,ZAmJsIcfFOA_00095,35,0,191,FALSE
11257,ZAmJsIcfFOA_00096,35,0,165,FALSE
11258,ZAmJsIcfFOA_00097,35,0,171,TRUE
11259,ZAmJsIcfFOA_00098,35,0,60,FALSE
11260,ZAmJsIcfFOA_00099,35,0,149,FALSE
11261,ZAmJsIcfFOA_00116,35,0,157,TRUE
11262,ZAmJsIcfFOA_00117,35,0,144,TRUE
11263,ZAmJsIcfFOA_00118,35,0,121,TRUE
11264,ZAmJsIcfFOA_00122,35,0,109,TRUE
11265,ZAmJsIcfFOA_00124,35,0,158,FALSE
11266,ZAmJsIcfFOA_00137,35,0,63,TRUE
11267,ZAmJsIcfFOA_00138,35,0,147,TRUE
11268,ZAmJsIcfFOA_00139,35,0,112,FALSE
11269,ZAmJsIcfFOA_00140,35,0,126,TRUE
11270,ZAmJsIcfFOA_00141,35,0,171,TRUE
11271,ZAmJsIcfFOA_00142,35,0,109,TRUE
11272,ZAmJsIcfFOA_00143,35,0,82,FALSE
11273,ZAmJsIcfFOA_00144,35,0,133,TRUE
11274,ZAmJsIcfFOA_00145,35,0,96,TRUE
11275,ZAmJsIcfFOA_00177,35,0,74,TRUE
11276,ZAmJsIcfFOA_00178,35,0,180,FALSE
11277,ZAmJsIcfFOA_00179,35,0,130,FALSE
11278,ZAmJsIcfFOA_00191,35,0,186,FALSE
11279,ZAmJsIcfFOA_00198,35,0,46,TRUE
11280,ZAmJsIcfFOA_00199,35,0,135,TRUE
11281,ZAmJsIcfFOA_00200,35,0,121,TRUE
11282,ZAmJsIcfFOA_00228,35,0,93,TRUE
11283,ZAmJsIcfFOA_00229,35,0,216,FALSE
11284,ZAmJsIcfFOA_00230,35,0,160,TRUE
11285,ZAmJsIcfFOA_00231,35,0,99,FALSE
11286,ZAmJsIcfFOA_00232,35,0,76,FALSE
11287,ZAmJsIcfFOA_00233,35,0,128,FALSE
11288,ZAmJsIcfFOA_00253,35,0,85,FALSE
11289,ZAmJsIcfFOA_00254,35,0,225,FALSE
11290,ZAmJsIcfFOA_00255,35,0,173,FALSE
11291,ZAmJsIcfFOA_00259,35,0,56,TRUE
11292,ZAmJsIcfFOA_00260,35,0,137,TRUE
11293,ZAmJsIcfFOA_00265,35,0,63,TRUE
11294,ZAmJsIcfFOA_00266,35,0,146,TRUE
11295,ZAmJsIcfFOA_00267,35,0,113,FALSE
11296,ZAmJsIcfFOA_00271,35,0,90,TRUE
11297,ZAmJsIcfFOA_00278,35,0,174,TRUE
11298,ZAmJsIcfFOA_00279,35,0,115,TRUE
11299,ZAmJsIcfFOA_00280,35,0,74,FALSE
11300,ZAmJsIcfFOA_00281,35,0,133,FALSE
11301,ZAmJsIcfFOA_00282,35,0,138,FALSE
11302,Z_uFnDg-a4I_00024,35,0,87,TRUE
11303,Z_uFnDg-a4I_00025,35,0,151,FALSE
11304,Z_uFnDg-a4I_00026,35,0,112,FALSE
11305,Z_uFnDg-a4I_00033,35,0,83,TRUE
11306,Z_uFnDg-a4I_00034,35,0,106,FALSE
11307,Z_uFnDg-a4I_00035,35,0,142,FALSE
11308,Z_uFnDg-a4I_00042,35,0,73,TRUE
11309,Z_uFnDg-a4I_00043,35,0,183,FALSE
11310,Z_uFnDg-a4I_00044,35,0,109,FALSE
11311,Z_uFnDg-a4I_00045,35,0,209,FALSE
11312,Z_uFnDg-a4I_00046,35,0,138,FALSE
11313,Z_uFnDg-a4I_00047,35,0,165,TRUE
11314,Z_uFnDg-a4I_00083,35,0,44,FALSE
11315,Z_uFnDg-a4I_00085,35,0,131,FALSE
11316,Z_uFnDg-a4I_00087,35,0,47,FALSE
11317,Z_uFnDg-a4I_00088,35,0,113,FALSE
11318,Z_uFnDg-a4I_00089,35,0,153,TRUE
11319,Z_uFnDg-a4I_00096,35,0,70,TRUE
11320,Z_uFnDg-a4I_00097,35,0,111,FALSE
11321,Z_uFnDg-a4I_00098,35,0,170,TRUE
11322,Z_uFnDg-a4I_00105,35,0,280,FALSE
11323,Z_uFnDg-a4I_00106,35,0,178,TRUE
11324,Z_uFnDg-a4I_00107,35,0,106,FALSE
11325,Z_uFnDg-a4I_00108,35,0,46,FALSE
11326,Z_uFnDg-a4I_00109,35,0,97,FALSE
11327,Z_uFnDg-a4I_00110,35,0,149,FALSE
11328,_tigfCJFLZg_00010,35,0,62,TRUE
11329,_tigfCJFLZg_00011,35,0,139,FALSE
11330,_tigfCJFLZg_00012,35,0,153,TRUE
11331,_tigfCJFLZg_00034,35,0,82,TRUE
11332,_tigfCJFLZg_00035,35,0,151,FALSE
11333,_tigfCJFLZg_00036,35,0,138,TRUE
11334,_tigfCJFLZg_00051,35,0,73,TRUE
11335,_tigfCJFLZg_00052,35,0,168,TRUE
11336,_tigfCJFLZg_00053,35,0,106,FALSE
11337,_tigfCJFLZg_00057,35,0,91,TRUE
11338,_tigfCJFLZg_00058,35,0,153,TRUE
11339,_tigfCJFLZg_00059,35,0,97,TRUE
11340,_tigfCJFLZg_00098,35,0,65,TRUE
11341,_tigfCJFLZg_00099,35,0,146,TRUE
11342,_tigfCJFLZg_00100,35,0,110,TRUE
11343,_tigfCJFLZg_00135,35,0,93,TRUE
11344,_tigfCJFLZg_00136,35,0,112,FALSE
11345,_tigfCJFLZg_00137,35,0,117,TRUE
11346,_tigfCJFLZg_00172,35,0,58,TRUE
11347,_tigfCJFLZg_00173,35,0,131,TRUE
11348,_tigfCJFLZg_00174,35,0,99,TRUE
11349,_tigfCJFLZg_00270,35,0,43,TRUE
11350,_tigfCJFLZg_00272,35,0,94,TRUE
11351,_tigfCJFLZg_00276,35,0,93,TRUE
11352,_tigfCJFLZg_00277,35,0,212,FALSE
11353,_tigfCJFLZg_00278,35,0,153,TRUE
11354,_tigfCJFLZg_00295,35,0,108,TRUE
11355,_tigfCJFLZg_00296,35,0,164,TRUE
11356,_tigfCJFLZg_00297,35,0,105,TRUE
11357,_tigfCJFLZg_00317,35,0,82,TRUE
11358,_tigfCJFLZg_00318,35,0,143,TRUE
11359,_tigfCJFLZg_00319,35,0,78,FALSE
11360,_tigfCJFLZg_00337,35,0,175,TRUE
11361,_tigfCJFLZg_00338,35,0,153,TRUE
11362,_tigfCJFLZg_00339,35,0,96,FALSE
11363,_tigfCJFLZg_00344,35,0,55,TRUE
11364,_tigfCJFLZg_00345,35,0,133,TRUE
11365,_tigfCJFLZg_00346,35,0,103,FALSE
11366,_tigfCJFLZg_00347,35,0,86,TRUE
11367,_tigfCJFLZg_00348,35,0,154,TRUE
11368,_tigfCJFLZg_00349,35,0,121,TRUE
11369,_tigfCJFLZg_00369,35,0,67,TRUE
11370,_tigfCJFLZg_00370,35,0,112,FALSE
11371,_tigfCJFLZg_00371,35,0,170,FALSE
11372,_tigfCJFLZg_00379,35,0,108,TRUE
11373,_tigfCJFLZg_00380,35,0,190,FALSE
11374,_tigfCJFLZg_00382,35,0,128,TRUE
11375,_tigfCJFLZg_00389,35,0,86,TRUE
11376,_tigfCJFLZg_00390,35,0,151,TRUE
11377,_tigfCJFLZg_00391,35,0,112,FALSE
11378,_tigfCJFLZg_00392,35,0,69,TRUE
11379,_tigfCJFLZg_00393,35,0,167,TRUE
11380,_tigfCJFLZg_00394,35,0,98,TRUE
11381,_tigfCJFLZg_00416,35,0,138,TRUE
11382,_tigfCJFLZg_00417,35,0,179,TRUE
11383,_tigfCJFLZg_00419,35,0,98,TRUE
11384,_tigfCJFLZg_00420,35,0,121,TRUE
11385,_tigfCJFLZg_00421,35,0,73,FALSE
11386,_tigfCJFLZg_00493,35,0,42,FALSE
11387,_tigfCJFLZg_00494,35,0,143,TRUE
11388,_tigfCJFLZg_00495,35,0,87,TRUE
11389,_tigfCJFLZg_00509,35,0,84,TRUE
11390,_tigfCJFLZg_00510,35,0,175,TRUE
11391,_tigfCJFLZg_00511,35,0,131,FALSE
11392,c7FHotPDZIw_00031,35,0,113,FALSE
11393,c7FHotPDZIw_00033,35,0,101,TRUE
11394,c7FHotPDZIw_00042,35,0,87,TRUE
11395,c7FHotPDZIw_00043,35,0,112,TRUE
11396,cYkUl8MrXgA_00000,35,0,65,FALSE
11397,cYkUl8MrXgA_00001,35,0,152,TRUE
11398,cYkUl8MrXgA_00002,35,0,108,FALSE
11399,cYkUl8MrXgA_00003,35,0,65,TRUE
11400,cYkUl8MrXgA_00004,35,0,164,TRUE
11401,cYkUl8MrXgA_00005,35,0,170,TRUE
11402,cYkUl8MrXgA_00009,35,0,175,TRUE
11403,cYkUl8MrXgA_00010,35,0,180,FALSE
11404,cYkUl8MrXgA_00011,35,0,91,TRUE
11405,cYkUl8MrXgA_00027,35,0,89,FALSE
11406,cYkUl8MrXgA_00028,35,0,158,TRUE
11407,cYkUl8MrXgA_00029,35,0,105,FALSE
11408,cYkUl8MrXgA_00033,35,0,82,TRUE
11409,cYkUl8MrXgA_00034,35,0,180,FALSE
11410,cYkUl8MrXgA_00035,35,0,118,FALSE
11411,cYkUl8MrXgA_00063,35,0,71,TRUE
11412,cYkUl8MrXgA_00064,35,0,176,TRUE
11413,cYkUl8MrXgA_00065,35,0,118,TRUE
11414,cYkUl8MrXgA_00075,35,0,107,TRUE
11415,cYkUl8MrXgA_00076,35,0,153,TRUE
11416,cYkUl8MrXgA_00077,35,0,106,FALSE
11417,cYkUl8MrXgA_00078,35,0,118,FALSE
11418,cYkUl8MrXgA_00079,35,0,160,TRUE
11419,cYkUl8MrXgA_00080,35,0,123,FALSE
11420,cYkUl8MrXgA_00086,35,0,117,FALSE
11421,cYkUl8MrXgA_00087,35,0,179,FALSE
11422,cYkUl8MrXgA_00088,35,0,109,TRUE
11423,cYkUl8MrXgA_00106,35,0,102,FALSE
11424,cYkUl8MrXgA_00107,35,0,196,FALSE
11425,cYkUl8MrXgA_00108,35,0,104,FALSE
11426,cYkUl8MrXgA_00112,35,0,80,TRUE
11427,cYkUl8MrXgA_00113,35,0,142,TRUE
11428,cYkUl8MrXgA_00114,35,0,96,FALSE
11429,cYkUl8MrXgA_00118,35,0,118,TRUE
11430,cYkUl8MrXgA_00119,35,0,136,TRUE
11431,cYkUl8MrXgA_00127,35,0,53,TRUE
11432,cYkUl8MrXgA_00133,35,0,146,TRUE
11433,cYkUl8MrXgA_00134,35,0,187,FALSE
11434,cYkUl8MrXgA_00135,35,0,98,FALSE
11435,cYkUl8MrXgA_00136,35,0,64,TRUE
11436,cYkUl8MrXgA_00138,35,0,192,FALSE
11437,cYkUl8MrXgA_00139,35,0,125,FALSE
11438,cYkUl8MrXgA_00145,35,0,119,TRUE
11439,cYkUl8MrXgA_00151,35,0,52,FALSE
11440,cYkUl8MrXgA_00152,35,0,135,TRUE
11441,cYkUl8MrXgA_00160,35,0,94,TRUE
11442,cYkUl8MrXgA_00161,35,0,182,FALSE
11443,cYkUl8MrXgA_00162,35,0,107,FALSE
11444,cYkUl8MrXgA_00163,35,0,112,FALSE
11445,cYkUl8MrXgA_00164,35,0,150,TRUE
11446,cYkUl8MrXgA_00165,35,0,114,TRUE
11447,cYkUl8MrXgA_00169,35,0,89,TRUE
11448,cYkUl8MrXgA_00170,35,0,187,FALSE
11449,cYkUl8MrXgA_00171,35,0,226,FALSE
11450,cYkUl8MrXgA_00172,35,0,75,TRUE
11451,cYkUl8MrXgA_00173,35,0,159,TRUE
11452,cYkUl8MrXgA_00191,35,0,77,FALSE
11453,cYkUl8MrXgA_00192,35,0,140,TRUE
11454,cYkUl8MrXgA_00209,35,0,58,TRUE
11455,cYkUl8MrXgA_00210,35,0,122,FALSE
11456,cYkUl8MrXgA_00211,35,0,86,FALSE
11457,cYkUl8MrXgA_00216,35,0,80,FALSE
11458,cYkUl8MrXgA_00217,35,0,208,FALSE
11459,cYkUl8MrXgA_00218,35,0,109,FALSE
11460,cYkUl8MrXgA_00227,35,0,72,FALSE
11461,cYkUl8MrXgA_00228,35,0,182,FALSE
11462,cYkUl8MrXgA_00229,35,0,119,FALSE
11463,cYkUl8MrXgA_00230,35,0,89,TRUE
11464,cYkUl8MrXgA_00232,35,0,164,TRUE
11465,cYkUl8MrXgA_00233,35,0,93,FALSE
11466,cYkUl8MrXgA_00254,35,0,115,TRUE
11467,cYkUl8MrXgA_00265,35,0,62,TRUE
11468,cYkUl8MrXgA_00266,35,0,138,TRUE
11469,cYkUl8MrXgA_00267,35,0,309,FALSE
11470,cYkUl8MrXgA_00271,35,0,97,FALSE
11471,cYkUl8MrXgA_00272,35,0,174,FALSE
11472,cYkUl8MrXgA_00273,35,0,126,TRUE
11473,cYkUl8MrXgA_00291,35,0,85,TRUE
11474,cYkUl8MrXgA_00292,35,0,203,FALSE
11475,cYkUl8MrXgA_00398,35,0,64,TRUE
11476,cYkUl8MrXgA_00399,35,0,183,FALSE
11477,cYkUl8MrXgA_00400,35,0,97,TRUE
11478,cYkUl8MrXgA_00478,35,0,54,TRUE
11479,cYkUl8MrXgA_00479,35,0,157,TRUE
11480,cYkUl8MrXgA_00489,35,0,102,FALSE
11481,czXA41QTops_00010,35,0,141,FALSE
11482,czXA41QTops_00011,35,0,179,FALSE
11483,czXA41QTops_00018,35,0,91,TRUE
11484,czXA41QTops_00019,35,0,180,FALSE
11485,czXA41QTops_00020,35,0,93,FALSE
11486,czXA41QTops_00021,35,0,233,FALSE
11487,czXA41QTops_00022,35,0,120,TRUE
11488,czXA41QTops_00023,35,0,78,FALSE
11489,czXA41QTops_00024,35,0,171,TRUE
11490,czXA41QTops_00025,35,0,164,TRUE
11491,czXA41QTops_00026,35,0,95,TRUE
11492,czXA41QTops_00043,35,0,145,FALSE
11493,czXA41QTops_00044,35,0,177,FALSE
11494,czXA41QTops_00045,35,0,132,FALSE
11495,czXA41QTops_00071,35,0,50,FALSE
11496,czXA41QTops_00072,35,0,130,TRUE
11497,czXA41QTops_00073,35,0,74,FALSE
11498,czXA41QTops_00074,35,0,91,FALSE
11499,czXA41QTops_00075,35,0,127,FALSE
11500,czXA41QTops_00076,35,0,83,TRUE
11501,czXA41QTops_00077,35,0,230,FALSE
11502,czXA41QTops_00078,35,0,139,TRUE
11503,czXA41QTops_00079,35,0,119,TRUE
11504,czXA41QTops_00089,35,0,101,FALSE
11505,czXA41QTops_00090,35,0,186,FALSE
11506,czXA41QTops_00091,35,0,134,FALSE
11507,ddV_Cpszpls_00064,35,0,60,TRUE
11508,ddV_Cpszpls_00066,35,0,162,FALSE
11509,ddV_Cpszpls_00092,35,0,100,TRUE
11510,ddV_Cpszpls_00093,35,0,151,TRUE
11511,ddV_Cpszpls_00094,35,0,145,FALSE
11512,ddV_Cpszpls_00096,35,0,150,TRUE
11513,ddV_Cpszpls_00123,35,0,57,TRUE
11514,ddV_Cpszpls_00124,35,0,159,TRUE
11515,ddV_Cpszpls_00187,35,0,74,TRUE
11516,ddV_Cpszpls_00188,35,0,173,FALSE
11517,ddV_Cpszpls_00213,35,0,83,TRUE
11518,ddV_Cpszpls_00214,35,0,167,TRUE
11519,ddV_Cpszpls_00215,35,0,175,TRUE
11520,egsanPCCIzQ_00010,35,0,119,FALSE
11521,egsanPCCIzQ_00011,35,0,161,FALSE
11522,egsanPCCIzQ_00013,35,0,123,FALSE
11523,egsanPCCIzQ_00014,35,0,181,FALSE
11524,egsanPCCIzQ_00015,35,0,172,TRUE
11525,egsanPCCIzQ_00024,35,0,124,TRUE
11526,egsanPCCIzQ_00025,35,0,155,FALSE
11527,egsanPCCIzQ_00031,35,0,67,TRUE
11528,egsanPCCIzQ_00032,35,0,176,TRUE
11529,egsanPCCIzQ_00033,35,0,124,FALSE
11530,egsanPCCIzQ_00043,35,0,187,FALSE
11531,egsanPCCIzQ_00044,35,0,248,FALSE
11532,egsanPCCIzQ_00045,35,0,156,TRUE
11533,egsanPCCIzQ_00056,35,0,255,FALSE
11534,egsanPCCIzQ_00057,35,0,216,FALSE
11535,egsanPCCIzQ_00058,35,0,153,FALSE
11536,egsanPCCIzQ_00075,35,0,103,FALSE
11537,egsanPCCIzQ_00076,35,0,166,TRUE
11538,egsanPCCIzQ_00119,35,0,177,FALSE
11539,egsanPCCIzQ_00126,35,0,68,FALSE
11540,egsanPCCIzQ_00127,35,0,170,TRUE
11541,egsanPCCIzQ_00143,35,0,162,FALSE
11542,egsanPCCIzQ_00144,35,0,178,FALSE
11543,egsanPCCIzQ_00145,35,0,59,FALSE
11544,egsanPCCIzQ_00146,35,0,176,TRUE
11545,egsanPCCIzQ_00162,35,0,61,FALSE
11546,egsanPCCIzQ_00163,35,0,166,FALSE
11547,egsanPCCIzQ_00167,35,0,97,TRUE
11548,egsanPCCIzQ_00168,35,0,178,TRUE
11549,egsanPCCIzQ_00180,35,0,145,FALSE
11550,egsanPCCIzQ_00181,35,0,194,FALSE
11551,k1F4LHeYhBs_00047,35,0,145,FALSE
11552,k1F4LHeYhBs_00048,35,0,251,FALSE
11553,k1F4LHeYhBs_00049,35,0,255,FALSE
11554,k1F4LHeYhBs_00068,35,0,137,FALSE
11555,k1F4LHeYhBs_00069,35,0,244,FALSE
11556,k1F4LHeYhBs_00070,35,0,269,FALSE
11557,k1F4LHeYhBs_00219,35,0,649,FALSE
11558,k1F4LHeYhBs_00220,35,0,262,FALSE
11559,k1F4LHeYhBs_00221,35,0,260,FALSE
11560,kVT_sNgYBAE_00000,35,0,111,TRUE
11561,kVT_sNgYBAE_00001,35,0,171,TRUE
11562,kVT_sNgYBAE_00002,35,0,52,FALSE
11563,kVT_sNgYBAE_00003,35,0,159,TRUE
11564,kVT_sNgYBAE_00008,35,0,107,TRUE
11565,kVT_sNgYBAE_00009,35,0,203,FALSE
11566,kVT_sNgYBAE_00010,35,0,58,FALSE
11567,kVT_sNgYBAE_00011,35,0,159,TRUE
11568,kVT_sNgYBAE_00018,35,0,160,TRUE
11569,kVT_sNgYBAE_00019,35,0,334,FALSE
11570,kVT_sNgYBAE_00028,35,0,302,FALSE
11571,kVT_sNgYBAE_00029,35,0,300,FALSE
11572,kVT_sNgYBAE_00073,35,0,46,TRUE
11573,kVT_sNgYBAE_00074,35,0,203,FALSE
11574,kVT_sNgYBAE_00075,35,0,146,TRUE
11575,kVT_sNgYBAE_00076,35,0,148,TRUE
11576,kVT_sNgYBAE_00083,35,0,55,TRUE
11577,kVT_sNgYBAE_00084,35,0,131,TRUE
11578,kVT_sNgYBAE_00105,35,0,103,FALSE
11579,kVT_sNgYBAE_00106,35,0,165,TRUE
11580,kVT_sNgYBAE_00107,35,0,101,TRUE
11581,kVT_sNgYBAE_00108,35,0,157,TRUE
11582,kVT_sNgYBAE_00116,35,0,48,TRUE
11583,kVT_sNgYBAE_00117,35,0,188,FALSE
11584,l6ZoMjD1UtA_00000,35,0,285,FALSE
11585,l6ZoMjD1UtA_00001,35,0,100,TRUE
11586,l6ZoMjD1UtA_00002,35,0,123,TRUE
11587,l6ZoMjD1UtA_00010,35,0,81,TRUE
11588,l6ZoMjD1UtA_00011,35,0,146,TRUE
11589,l6ZoMjD1UtA_00012,35,0,200,FALSE
11590,l6ZoMjD1UtA_00013,35,0,80,FALSE
11591,l6ZoMjD1UtA_00038,35,0,198,FALSE
11592,l6ZoMjD1UtA_00039,35,0,111,TRUE
11593,l6ZoMjD1UtA_00040,35,0,104,TRUE
11594,l6ZoMjD1UtA_00044,35,0,71,TRUE
11595,l6ZoMjD1UtA_00045,35,0,111,TRUE
11596,l6ZoMjD1UtA_00046,35,0,153,TRUE
11597,l6ZoMjD1UtA_00060,35,0,45,FALSE
11598,l6ZoMjD1UtA_00061,35,0,76,FALSE
11599,l6ZoMjD1UtA_00062,35,0,88,TRUE
11600,l6ZoMjD1UtA_00113,35,0,59,TRUE
11601,l6ZoMjD1UtA_00114,35,0,99,FALSE
11602,l6ZoMjD1UtA_00115,35,0,142,TRUE
11603,l6ZoMjD1UtA_00128,35,0,188,FALSE
11604,l6ZoMjD1UtA_00129,35,0,81,FALSE
11605,l6ZoMjD1UtA_00130,35,0,133,TRUE
11606,l6ZoMjD1UtA_00136,35,0,141,TRUE
11607,l6ZoMjD1UtA_00138,35,0,89,TRUE
11608,l6ZoMjD1UtA_00139,35,0,94,TRUE
11609,l6ZoMjD1UtA_00151,35,0,65,TRUE
11610,l6ZoMjD1UtA_00152,35,0,119,TRUE
11611,l6ZoMjD1UtA_00153,35,0,212,FALSE
11612,l6ZoMjD1UtA_00154,35,0,69,TRUE
11613,l6ZoMjD1UtA_00155,35,0,113,TRUE
11614,l6ZoMjD1UtA_00156,35,0,139,TRUE
11615,l6ZoMjD1UtA_00178,35,0,64,TRUE
11616,l6ZoMjD1UtA_00179,35,0,120,TRUE
11617,l6ZoMjD1UtA_00180,35,0,118,TRUE
11618,mGbuP7nT2ck_00016,35,0,58,FALSE
11619,mGbuP7nT2ck_00017,35,0,104,TRUE
11620,mGbuP7nT2ck_00018,35,0,52,FALSE
11621,mGbuP7nT2ck_00019,35,0,101,TRUE
11622,mGbuP7nT2ck_00022,35,0,86,FALSE
11623,mGbuP7nT2ck_00023,35,0,129,TRUE
11624,mGbuP7nT2ck_00048,35,0,127,TRUE
11625,mGbuP7nT2ck_00049,35,0,163,TRUE
11626,mGbuP7nT2ck_00050,35,0,103,FALSE
11627,mGbuP7nT2ck_00051,35,0,153,TRUE
11628,nOlRwoxsDJ0_00667,35,0,137,FALSE
11629,nOlRwoxsDJ0_00668,35,0,193,FALSE
11630,nOlRwoxsDJ0_00669,35,0,157,TRUE
11631,nOlRwoxsDJ0_00670,35,0,282,FALSE
11632,nOlRwoxsDJ0_00671,35,0,192,FALSE
11633,nOlRwoxsDJ0_00673,35,0,221,FALSE
11634,nOlRwoxsDJ0_00674,35,0,277,FALSE
11635,nOlRwoxsDJ0_00675,35,0,245,FALSE
11636,nOlRwoxsDJ0_00676,35,0,335,FALSE
11637,nOlRwoxsDJ0_00695,35,0,205,FALSE
11638,nOlRwoxsDJ0_00696,35,0,260,FALSE
11639,nOlRwoxsDJ0_00697,35,0,132,FALSE
11640,nOlRwoxsDJ0_00698,35,0,274,FALSE
11641,nOlRwoxsDJ0_00699,35,0,136,FALSE
11642,nOlRwoxsDJ0_00700,35,0,238,FALSE
11643,nOlRwoxsDJ0_00702,35,0,195,FALSE
11644,nOlRwoxsDJ0_00703,35,0,125,FALSE
11645,nOlRwoxsDJ0_00704,35,0,229,FALSE
11646,nOlRwoxsDJ0_00707,35,0,129,FALSE
11647,nOlRwoxsDJ0_00708,35,0,257,FALSE
11648,nOlRwoxsDJ0_00719,35,0,140,FALSE
11649,nOlRwoxsDJ0_00720,35,0,242,FALSE
11650,nOlRwoxsDJ0_00753,35,0,146,FALSE
11651,nOlRwoxsDJ0_00754,35,0,275,FALSE
11652,nOlRwoxsDJ0_00755,35,0,215,FALSE
11653,nOlRwoxsDJ0_00756,35,0,257,FALSE
11654,nOlRwoxsDJ0_00759,35,0,359,FALSE
11655,nOlRwoxsDJ0_00760,35,0,240,FALSE
11656,nOlRwoxsDJ0_00765,35,0,206,FALSE
11657,nOlRwoxsDJ0_00766,35,0,303,FALSE
11658,nOlRwoxsDJ0_00775,35,0,137,FALSE
11659,nOlRwoxsDJ0_00776,35,0,228,FALSE
11660,nOlRwoxsDJ0_00779,35,0,133,FALSE
11661,nOlRwoxsDJ0_00780,35,0,241,FALSE
11662,nOlRwoxsDJ0_00822,35,0,135,FALSE
11663,nOlRwoxsDJ0_00823,35,0,252,FALSE
11664,nOlRwoxsDJ0_00834,35,0,162,FALSE
11665,nOlRwoxsDJ0_00835,35,0,286,FALSE
11666,nOlRwoxsDJ0_00836,35,0,151,TRUE
11667,nOlRwoxsDJ0_00837,35,0,288,FALSE
11668,nOlRwoxsDJ0_00838,35,0,129,FALSE
11669,nOlRwoxsDJ0_00839,35,0,219,FALSE
11670,nOlRwoxsDJ0_00850,35,0,153,TRUE
11671,nOlRwoxsDJ0_00851,35,0,220,FALSE
11672,nOlRwoxsDJ0_00858,35,0,338,FALSE
11673,nOlRwoxsDJ0_00859,35,0,281,FALSE
11674,nOlRwoxsDJ0_00860,35,0,236,FALSE
11675,nOlRwoxsDJ0_00861,35,0,269,FALSE
11676,nOlRwoxsDJ0_00874,35,0,246,FALSE
11677,nOlRwoxsDJ0_00875,35,0,247,FALSE
11678,sk8TafuB3lU_00944,35,0,131,FALSE
11679,sk8TafuB3lU_00945,35,0,209,FALSE
11680,sk8TafuB3lU_00980,35,0,106,FALSE
11681,sk8TafuB3lU_00981,35,0,196,FALSE
11682,sk8TafuB3lU_00982,35,0,217,FALSE
11683,sk8TafuB3lU_01018,35,0,133,FALSE
11684,sk8TafuB3lU_01019,35,0,241,FALSE
11685,sk8TafuB3lU_01020,35,0,262,FALSE
11686,sk8TafuB3lU_01021,35,0,240,FALSE
11687,sk8TafuB3lU_01022,35,0,242,FALSE
11688,sk8TafuB3lU_01023,35,0,240,FALSE
11689,sk8TafuB3lU_01034,35,0,164,FALSE
11690,sk8TafuB3lU_01035,35,0,249,FALSE
11691,sk8TafuB3lU_01036,35,0,249,FALSE
11692,sk8TafuB3lU_01037,35,0,239,FALSE
11693,sk8TafuB3lU_01038,35,0,248,FALSE
11694,sk8TafuB3lU_01039,35,0,217,FALSE
11695,sk8TafuB3lU_01040,35,0,123,FALSE
11696,sk8TafuB3lU_01041,35,0,239,FALSE
11697,sk8TafuB3lU_01042,35,0,228,FALSE
11698,sk8TafuB3lU_01043,35,0,167,FALSE
11699,sk8TafuB3lU_01044,35,0,245,FALSE
11700,sk8TafuB3lU_01045,35,0,230,FALSE
11701,sk8TafuB3lU_01051,35,0,184,FALSE
11702,sk8TafuB3lU_01052,35,0,247,FALSE
11703,sk8TafuB3lU_01053,35,0,244,FALSE
11704,sk8TafuB3lU_01073,35,0,132,FALSE
11705,sk8TafuB3lU_01074,35,0,248,FALSE
11706,sk8TafuB3lU_01098,35,0,128,FALSE
11707,sk8TafuB3lU_01099,35,0,252,FALSE
11708,sk8TafuB3lU_01100,35,0,231,FALSE
11709,sk8TafuB3lU_01138,35,0,482,FALSE
11710,sk8TafuB3lU_01139,35,0,272,FALSE
11711,sk8TafuB3lU_01140,35,0,247,FALSE
11712,vlfy4cny75s_00043,35,0,46,FALSE
11713,vlfy4cny75s_00044,35,0,79,FALSE
11714,vlfy4cny75s_00045,35,0,118,FALSE
11715,vlfy4cny75s_00046,35,0,49,TRUE
11716,vlfy4cny75s_00047,35,0,129,TRUE
11717,vlfy4cny75s_00048,35,0,169,TRUE
11718,vlfy4cny75s_00058,35,0,76,TRUE
11719,vlfy4cny75s_00059,35,0,116,TRUE
11720,vlfy4cny75s_00060,35,0,186,FALSE
11721,vlfy4cny75s_00061,35,0,105,TRUE
11722,vlfy4cny75s_00062,35,0,115,FALSE
11723,vlfy4cny75s_00073,35,0,48,FALSE
11724,vlfy4cny75s_00075,35,0,75,FALSE
11725,vlfy4cny75s_00076,35,0,128,TRUE
11726,vlfy4cny75s_00077,35,0,60,TRUE
11727,vlfy4cny75s_00078,35,0,140,TRUE
11728,vlfy4cny75s_00079,35,0,191,FALSE
11729,vlfy4cny75s_00153,35,0,99,TRUE
11730,vlfy4cny75s_00154,35,0,131,TRUE
11731,vlfy4cny75s_00156,35,0,70,FALSE
11732,vlfy4cny75s_00157,35,0,110,TRUE
11733,vlfy4cny75s_00158,35,0,167,TRUE
11734,vlfy4cny75s_00166,35,0,41,FALSE
11735,vlfy4cny75s_00167,35,0,76,TRUE
11736,vlfy4cny75s_00168,35,0,127,TRUE
11737,vlfy4cny75s_00170,35,0,94,TRUE
11738,vlfy4cny75s_00171,35,0,199,FALSE
11739,xbQCwTHcGN8_00003,35,0,73,TRUE
11740,xbQCwTHcGN8_00004,35,0,182,FALSE
11741,xbQCwTHcGN8_00007,35,0,56,TRUE
11742,xbQCwTHcGN8_00008,35,0,134,TRUE
11743,xbQCwTHcGN8_00009,35,0,197,FALSE
11744,xbQCwTHcGN8_00037,35,0,111,TRUE
11745,xbQCwTHcGN8_00038,35,0,138,TRUE
11746,xbQCwTHcGN8_00039,35,0,94,FALSE
11747,xbQCwTHcGN8_00052,35,0,87,TRUE
11748,xbQCwTHcGN8_00053,35,0,208,FALSE
11749,xbQCwTHcGN8_00054,35,0,101,FALSE
11750,xbQCwTHcGN8_00070,35,0,67,TRUE
11751,xbQCwTHcGN8_00071,35,0,138,TRUE
11752,xbQCwTHcGN8_00072,35,0,69,FALSE
11753,xbQCwTHcGN8_00094,35,0,67,TRUE
11754,xbQCwTHcGN8_00095,35,0,161,TRUE
11755,xbQCwTHcGN8_00096,35,0,89,FALSE
11756,xbQCwTHcGN8_00173,35,0,42,FALSE
11757,xbQCwTHcGN8_00174,35,0,135,TRUE
11758,xbQCwTHcGN8_00175,35,0,156,FALSE
11759,xbQCwTHcGN8_00185,35,0,63,TRUE
11760,xbQCwTHcGN8_00186,35,0,176,TRUE
11761,xbQCwTHcGN8_00187,35,0,123,FALSE
11762,xbQCwTHcGN8_00192,35,0,75,TRUE
11763,xbQCwTHcGN8_00193,35,0,92,FALSE
11764,xbQCwTHcGN8_00194,35,0,106,TRUE
11765,xbQCwTHcGN8_00208,35,0,50,TRUE
11766,xbQCwTHcGN8_00209,35,0,150,TRUE
11767,xbQCwTHcGN8_00210,35,0,91,TRUE
11768,xbQCwTHcGN8_00212,35,0,113,TRUE
11769,xbQCwTHcGN8_00213,35,0,74,TRUE
11770,xbQCwTHcGN8_00214,35,0,76,TRUE
11771,xbQCwTHcGN8_00215,35,0,168,TRUE
11772,xbQCwTHcGN8_00216,35,0,98,TRUE
11773,xbQCwTHcGN8_00220,35,0,43,FALSE
11774,xbQCwTHcGN8_00221,35,0,135,TRUE
11775,xbQCwTHcGN8_00222,35,0,163,TRUE
11776,xbQCwTHcGN8_00244,35,0,49,TRUE
11777,xbQCwTHcGN8_00245,35,0,137,FALSE
11778,xbQCwTHcGN8_00246,35,0,93,FALSE
11779,xbQCwTHcGN8_00250,35,0,91,TRUE
11780,xbQCwTHcGN8_00251,35,0,158,TRUE
11781,xbQCwTHcGN8_00252,35,0,119,TRUE
11782,xbQCwTHcGN8_00253,35,0,207,FALSE
11783,xbQCwTHcGN8_00254,35,0,148,TRUE
11784,xbQCwTHcGN8_00255,35,0,84,TRUE
11785,zbAC7t15q3k_00052,35,0,75,TRUE
11786,zbAC7t15q3k_00053,35,0,220,FALSE
11787,zbAC7t15q3k_00054,35,0,111,FALSE
11788,zbAC7t15q3k_00061,35,0,63,TRUE
11789,zbAC7t15q3k_00062,35,0,140,FALSE
11790,zbAC7t15q3k_00090,35,0,90,TRUE
11791,zbAC7t15q3k_00091,35,0,169,TRUE
11792,zbAC7t15q3k_00092,35,0,108,FALSE
11793,zbAC7t15q3k_00095,35,0,140,TRUE
11794,zbAC7t15q3k_00096,35,0,82,FALSE
11795,#NAME?,36,0,32,TRUE
11796,2x00lRzlTVQ_00021,36,0,83,FALSE
11797,2x00lRzlTVQ_00037,36,0,88,FALSE
11798,3qq031609lA_00003,36,0,52,FALSE
11799,5V-dKBtmKLI_00002,36,0,173,FALSE
11800,5V-dKBtmKLI_00003,36,0,158,TRUE
11801,5V-dKBtmKLI_00004,36,0,75,TRUE
11802,5V-dKBtmKLI_00005,36,0,168,FALSE
11803,5V-dKBtmKLI_00006,36,0,68,TRUE
11804,5V-dKBtmKLI_00007,36,0,160,FALSE
11805,5V-dKBtmKLI_00022,36,0,189,FALSE
11806,5V-dKBtmKLI_00023,36,0,167,FALSE
11807,5V-dKBtmKLI_00026,36,0,65,TRUE
11808,5V-dKBtmKLI_00027,36,0,152,TRUE
11809,5V-dKBtmKLI_00089,36,0,129,FALSE
11810,5V-dKBtmKLI_00090,36,0,206,FALSE
11811,5V-dKBtmKLI_00093,36,0,251,FALSE
11812,5V-dKBtmKLI_00094,36,0,189,FALSE
11813,5V-dKBtmKLI_00095,36,0,366,FALSE
11814,5V-dKBtmKLI_00096,36,0,27,FALSE
11815,5V-dKBtmKLI_00111,36,0,114,TRUE
11816,5V-dKBtmKLI_00112,36,0,140,TRUE
11817,5V-dKBtmKLI_00113,36,0,48,TRUE
11818,5V-dKBtmKLI_00114,36,0,161,FALSE
11819,5V-dKBtmKLI_00115,36,0,60,TRUE
11820,5V-dKBtmKLI_00116,36,0,136,FALSE
11821,9BC6ssCjyfg_00179,36,0,62,TRUE
11822,9BC6ssCjyfg_00180,36,0,144,TRUE
11823,9BC6ssCjyfg_00181,36,0,136,TRUE
11824,9BC6ssCjyfg_00182,36,0,183,FALSE
11825,9BC6ssCjyfg_00183,36,0,109,FALSE
11826,9BC6ssCjyfg_00184,36,0,139,TRUE
11827,9BC6ssCjyfg_00203,36,0,174,TRUE
11828,9jZYYtzYqwE_00008,36,0,185,FALSE
11829,9jZYYtzYqwE_00009,36,0,138,TRUE
11830,9jZYYtzYqwE_00024,36,0,109,TRUE
11831,9jZYYtzYqwE_00025,36,0,166,TRUE
11832,D8YKHC5hmUs_00067,36,0,52,TRUE
11833,D8YKHC5hmUs_00068,36,0,77,FALSE
11834,D8YKHC5hmUs_00081,36,0,117,TRUE
11835,D8YKHC5hmUs_00082,36,0,102,FALSE
11836,D8YKHC5hmUs_00115,36,0,75,FALSE
11837,D8YKHC5hmUs_00117,36,0,104,TRUE
11838,D8YKHC5hmUs_00119,36,0,150,TRUE
11839,D8YKHC5hmUs_00138,36,0,57,TRUE
11840,D8YKHC5hmUs_00139,36,0,65,FALSE
11841,D8YKHC5hmUs_00140,36,0,159,TRUE
11842,D8YKHC5hmUs_00141,36,0,114,FALSE
11843,LkluZoNfKu8_00002,36,0,79,FALSE
11844,LkluZoNfKu8_00003,36,0,197,FALSE
11845,LkluZoNfKu8_00004,36,0,74,TRUE
11846,LkluZoNfKu8_00005,36,0,177,TRUE
11847,LkluZoNfKu8_00006,36,0,122,TRUE
11848,LkluZoNfKu8_00007,36,0,184,FALSE
11849,LkluZoNfKu8_00089,36,0,110,TRUE
11850,LkluZoNfKu8_00090,36,0,83,TRUE
11851,LkluZoNfKu8_00094,36,0,89,TRUE
11852,LkluZoNfKu8_00095,36,0,169,TRUE
11853,LkluZoNfKu8_00096,36,0,93,TRUE
11854,LkluZoNfKu8_00097,36,0,186,FALSE
11855,LkluZoNfKu8_00098,36,0,159,TRUE
11856,LkluZoNfKu8_00099,36,0,203,FALSE
11857,OFxuiqI5G44_00203,36,0,175,FALSE
11858,OFxuiqI5G44_00204,36,0,185,FALSE
11859,OFxuiqI5G44_00205,36,0,202,FALSE
11860,OFxuiqI5G44_00213,36,0,198,FALSE
11861,OFxuiqI5G44_00215,36,0,110,FALSE
11862,OFxuiqI5G44_00216,36,0,195,FALSE
11863,OFxuiqI5G44_00217,36,0,206,FALSE
11864,OFxuiqI5G44_00218,36,0,138,TRUE
11865,OFxuiqI5G44_00219,36,0,233,FALSE
11866,OFxuiqI5G44_00220,36,0,224,FALSE
11867,OFxuiqI5G44_00224,36,0,240,FALSE
11868,OFxuiqI5G44_00225,36,0,222,FALSE
11869,OFxuiqI5G44_00226,36,0,238,FALSE
11870,OFxuiqI5G44_00231,36,0,245,FALSE
11871,OFxuiqI5G44_00232,36,0,240,FALSE
11872,OFxuiqI5G44_00257,36,0,121,TRUE
11873,OFxuiqI5G44_00258,36,0,203,FALSE
11874,OFxuiqI5G44_00273,36,0,218,FALSE
11875,Q--70-ELqLw_00182,36,0,158,TRUE
11876,Q--70-ELqLw_00185,36,0,111,TRUE
11877,Q--70-ELqLw_00186,36,0,211,FALSE
11878,VNvb5oLOpLg_00221,36,0,128,FALSE
11879,VNvb5oLOpLg_00222,36,0,208,FALSE
11880,VNvb5oLOpLg_00609,36,0,238,FALSE
11881,VNvb5oLOpLg_00610,36,0,197,FALSE
11882,VNvb5oLOpLg_00611,36,0,226,FALSE
11883,VNvb5oLOpLg_00612,36,0,215,FALSE
11884,VNvb5oLOpLg_00639,36,0,242,FALSE
11885,VNvb5oLOpLg_00667,36,0,166,TRUE
11886,VNvb5oLOpLg_00668,36,0,263,FALSE
11887,VNvb5oLOpLg_00670,36,0,154,FALSE
11888,VNvb5oLOpLg_00671,36,0,248,FALSE
11889,VNvb5oLOpLg_00672,36,0,274,FALSE
11890,VNvb5oLOpLg_00733,36,0,135,TRUE
11891,VNvb5oLOpLg_00734,36,0,241,FALSE
11892,Y7QZcr24ye0_00018,36,0,126,TRUE
11893,Y7QZcr24ye0_00019,36,0,250,FALSE
11894,Y7QZcr24ye0_00020,36,0,206,FALSE
11895,Y7QZcr24ye0_00021,36,0,229,FALSE
11896,Y7QZcr24ye0_00027,36,0,215,FALSE
11897,Y7QZcr24ye0_00028,36,0,234,FALSE
11898,Y7QZcr24ye0_00033,36,0,120,TRUE
11899,Y7QZcr24ye0_00034,36,0,263,FALSE
11900,Y7QZcr24ye0_00037,36,0,204,FALSE
11901,Y7QZcr24ye0_00038,36,0,213,FALSE
11902,Y7QZcr24ye0_00049,36,0,135,TRUE
11903,Y7QZcr24ye0_00050,36,0,227,FALSE
11904,Y7QZcr24ye0_00061,36,0,100,TRUE
11905,Y7QZcr24ye0_00062,36,0,197,FALSE
11906,Y7QZcr24ye0_00063,36,0,115,TRUE
11907,Y7QZcr24ye0_00064,36,0,212,FALSE
11908,Y7QZcr24ye0_00069,36,0,191,FALSE
11909,Y7QZcr24ye0_00072,36,0,147,TRUE
11910,Y7QZcr24ye0_00073,36,0,220,FALSE
11911,Y7QZcr24ye0_00076,36,0,144,TRUE
11912,Y7QZcr24ye0_00077,36,0,234,FALSE
11913,Y7QZcr24ye0_00087,36,0,112,TRUE
11914,Y7QZcr24ye0_00088,36,0,210,FALSE
11915,Y7QZcr24ye0_00103,36,0,134,TRUE
11916,Y7QZcr24ye0_00122,36,0,211,FALSE
11917,Y7QZcr24ye0_00180,36,0,208,FALSE
11918,Y7QZcr24ye0_00203,36,0,254,FALSE
11919,Y7QZcr24ye0_00204,36,0,192,FALSE
11920,Y7QZcr24ye0_00211,36,0,198,FALSE
11921,Y7QZcr24ye0_00212,36,0,149,FALSE
11922,Y7QZcr24ye0_00223,36,0,399,FALSE
11923,Y7QZcr24ye0_00224,36,0,253,FALSE
11924,Y7QZcr24ye0_00241,36,0,92,FALSE
11925,Y7QZcr24ye0_00242,36,0,126,FALSE
11926,Y7QZcr24ye0_00243,36,0,164,FALSE
11927,Y7QZcr24ye0_00244,36,0,151,FALSE
11928,Y7QZcr24ye0_00257,36,0,589,FALSE
11929,Y7QZcr24ye0_00258,36,0,168,FALSE
11930,Y7QZcr24ye0_00278,36,0,220,FALSE
11931,Y7QZcr24ye0_00279,36,0,212,FALSE
11932,Y7QZcr24ye0_00664,36,0,254,FALSE
11933,Y7QZcr24ye0_00701,36,0,133,FALSE
11934,Y7QZcr24ye0_00724,36,0,126,FALSE
11935,Y7QZcr24ye0_00738,36,0,239,FALSE
11936,Y7QZcr24ye0_00739,36,0,279,FALSE
11937,Y7QZcr24ye0_00751,36,0,305,FALSE
11938,Z_uFnDg-a4I_00009,36,0,58,FALSE
11939,Z_uFnDg-a4I_00010,36,0,96,FALSE
11940,Z_uFnDg-a4I_00011,36,0,172,FALSE
11941,Z_uFnDg-a4I_00012,36,0,245,FALSE
11942,Z_uFnDg-a4I_00013,36,0,132,FALSE
11943,Z_uFnDg-a4I_00014,36,0,149,FALSE
11944,Z_uFnDg-a4I_00116,36,0,69,FALSE
11945,Z_uFnDg-a4I_00117,36,0,113,TRUE
11946,Z_uFnDg-a4I_00118,36,0,184,FALSE
11947,Z_uFnDg-a4I_00119,36,0,91,FALSE
11948,Z_uFnDg-a4I_00120,36,0,113,TRUE
11949,Z_uFnDg-a4I_00121,36,0,170,TRUE
11950,_lmT4WlK7G0_00009,36,0,74,TRUE
11951,_lmT4WlK7G0_00010,36,0,154,TRUE
11952,_lmT4WlK7G0_00011,36,0,67,FALSE
11953,_lmT4WlK7G0_00012,36,0,238,FALSE
11954,_lmT4WlK7G0_00017,36,0,238,FALSE
11955,_lmT4WlK7G0_00018,36,0,156,TRUE
11956,_lmT4WlK7G0_00019,36,0,90,FALSE
11957,_lmT4WlK7G0_00023,36,0,64,FALSE
11958,_lmT4WlK7G0_00024,36,0,158,TRUE
11959,_lmT4WlK7G0_00025,36,0,98,FALSE
11960,db7DmpqzGmc_00006,36,0,65,FALSE
11961,db7DmpqzGmc_00007,36,0,79,FALSE
11962,db7DmpqzGmc_00008,36,0,130,TRUE
11963,db7DmpqzGmc_00019,36,0,127,TRUE
11964,db7DmpqzGmc_00020,36,0,95,FALSE
11965,db7DmpqzGmc_00021,36,0,141,TRUE
11966,db7DmpqzGmc_00029,36,0,75,FALSE
11967,db7DmpqzGmc_00031,36,0,75,FALSE
11968,db7DmpqzGmc_00032,36,0,106,TRUE
11969,db7DmpqzGmc_00033,36,0,199,FALSE
11970,db7DmpqzGmc_00151,36,0,163,TRUE
11971,db7DmpqzGmc_00152,36,0,76,FALSE
11972,db7DmpqzGmc_00153,36,0,140,TRUE
11973,db7DmpqzGmc_00221,36,0,58,TRUE
11974,db7DmpqzGmc_00222,36,0,87,TRUE
11975,db7DmpqzGmc_00223,36,0,152,TRUE
11976,db7DmpqzGmc_00231,36,0,81,TRUE
11977,ddV_Cpszpls_00000,36,0,64,TRUE
11978,ddV_Cpszpls_00001,36,0,158,TRUE
11979,ddV_Cpszpls_00002,36,0,73,FALSE
11980,ddV_Cpszpls_00003,36,0,82,TRUE
11981,ddV_Cpszpls_00004,36,0,193,FALSE
11982,ddV_Cpszpls_00005,36,0,93,FALSE
11983,ddV_Cpszpls_00217,36,0,100,TRUE
11984,ddV_Cpszpls_00218,36,0,145,TRUE
11985,ddV_Cpszpls_00219,36,0,73,FALSE
11986,ddV_Cpszpls_00220,36,0,62,FALSE
11987,ddV_Cpszpls_00221,36,0,181,FALSE
11988,ddV_Cpszpls_00222,36,0,83,FALSE
11989,ddV_Cpszpls_00225,36,0,74,FALSE
11990,eN8umEok9U8_00002,36,0,34,TRUE
11991,eN8umEok9U8_00003,36,0,64,TRUE
11992,eN8umEok9U8_00004,36,0,124,TRUE
11993,eN8umEok9U8_00005,36,0,164,TRUE
11994,eN8umEok9U8_00013,36,0,110,TRUE
11995,eN8umEok9U8_00014,36,0,145,TRUE
11996,eN8umEok9U8_00015,36,0,108,TRUE
11997,eN8umEok9U8_00016,36,0,148,TRUE
11998,eN8umEok9U8_00029,36,0,70,TRUE
11999,eN8umEok9U8_00030,36,0,103,FALSE
12000,eN8umEok9U8_00031,36,0,62,TRUE
12001,eN8umEok9U8_00032,36,0,115,FALSE
12002,eN8umEok9U8_00035,36,0,74,TRUE
12003,eN8umEok9U8_00036,36,0,105,TRUE
12004,eN8umEok9U8_00041,36,0,162,TRUE
12005,eN8umEok9U8_00042,36,0,123,TRUE
12006,eN8umEok9U8_00047,36,0,75,TRUE
12007,eN8umEok9U8_00048,36,0,138,TRUE
12008,eN8umEok9U8_00060,36,0,172,TRUE
12009,eN8umEok9U8_00061,36,0,187,FALSE
12010,eN8umEok9U8_00070,36,0,68,TRUE
12011,eN8umEok9U8_00071,36,0,110,TRUE
12012,eN8umEok9U8_00076,36,0,114,TRUE
12013,eN8umEok9U8_00077,36,0,135,TRUE
12014,eN8umEok9U8_00078,36,0,72,TRUE
12015,eN8umEok9U8_00079,36,0,99,TRUE
12016,eN8umEok9U8_00084,36,0,78,TRUE
12017,eN8umEok9U8_00085,36,0,92,TRUE
12018,fB1Pc3CylrQ_00002,36,0,78,TRUE
12019,fohMq9tOn6E_00006,36,0,189,FALSE
12020,fohMq9tOn6E_00007,36,0,97,FALSE
12021,fohMq9tOn6E_00012,36,0,57,FALSE
12022,fohMq9tOn6E_00013,36,0,85,TRUE
12023,fohMq9tOn6E_00039,36,0,96,TRUE
12024,fohMq9tOn6E_00040,36,0,121,TRUE
12025,k1F4LHeYhBs_00080,36,0,193,FALSE
12026,k1F4LHeYhBs_00081,36,0,287,FALSE
12027,k1F4LHeYhBs_00082,36,0,412,FALSE
12028,k1F4LHeYhBs_00093,36,0,210,FALSE
12029,k1F4LHeYhBs_00094,36,0,217,FALSE
12030,k1F4LHeYhBs_00095,36,0,192,FALSE
12031,k1F4LHeYhBs_00096,36,0,274,FALSE
12032,k1F4LHeYhBs_00097,36,0,252,FALSE
12033,k1F4LHeYhBs_00103,36,0,239,FALSE
12034,k1F4LHeYhBs_00104,36,0,310,FALSE
12035,k1F4LHeYhBs_00105,36,0,277,FALSE
12036,k1F4LHeYhBs_00106,36,0,286,FALSE
12037,k1F4LHeYhBs_00118,36,0,269,FALSE
12038,nOlRwoxsDJ0_00539,36,0,280,FALSE
12039,siEI_jaSmd4_00003,36,0,70,TRUE
12040,siEI_jaSmd4_00042,36,0,125,TRUE
12041,siEI_jaSmd4_00058,36,0,74,TRUE
12042,sk8TafuB3lU_00000,36,0,145,TRUE
12043,sk8TafuB3lU_00001,36,0,216,FALSE
12044,sk8TafuB3lU_00006,36,0,331,FALSE
12045,sk8TafuB3lU_00007,36,0,225,FALSE
12046,sk8TafuB3lU_00016,36,0,230,FALSE
12047,sk8TafuB3lU_00017,36,0,241,FALSE
12048,sk8TafuB3lU_00028,36,0,296,FALSE
12049,sk8TafuB3lU_00035,36,0,202,FALSE
12050,sk8TafuB3lU_00036,36,0,239,FALSE
12051,sk8TafuB3lU_00037,36,0,302,FALSE
12052,sk8TafuB3lU_00038,36,0,213,FALSE
12053,sk8TafuB3lU_00041,36,0,249,FALSE
12054,sk8TafuB3lU_00042,36,0,206,FALSE
12055,sk8TafuB3lU_00059,36,0,228,FALSE
12056,sk8TafuB3lU_00060,36,0,175,TRUE
12057,sk8TafuB3lU_00063,36,0,185,FALSE
12058,sk8TafuB3lU_00064,36,0,206,FALSE
12059,sk8TafuB3lU_00073,36,0,175,FALSE
12060,sk8TafuB3lU_00074,36,0,266,FALSE
12061,sk8TafuB3lU_00099,36,0,144,TRUE
12062,sk8TafuB3lU_00100,36,0,237,FALSE
12063,sk8TafuB3lU_00114,36,0,236,FALSE
12064,sk8TafuB3lU_00117,36,0,221,FALSE
12065,sk8TafuB3lU_00118,36,0,283,FALSE
12066,sk8TafuB3lU_00122,36,0,201,FALSE
12067,sk8TafuB3lU_00123,36,0,187,FALSE
12068,sk8TafuB3lU_00124,36,0,297,FALSE
12069,sk8TafuB3lU_00136,36,0,264,FALSE
12070,sk8TafuB3lU_00137,36,0,156,TRUE
12071,sk8TafuB3lU_00140,36,0,232,FALSE
12072,sk8TafuB3lU_00149,36,0,196,FALSE
12073,sk8TafuB3lU_00171,36,0,217,FALSE
12074,sk8TafuB3lU_00218,36,0,238,FALSE
12075,sk8TafuB3lU_00219,36,0,220,FALSE
12076,sk8TafuB3lU_00224,36,0,183,FALSE
12077,sk8TafuB3lU_00256,36,0,181,FALSE
12078,sk8TafuB3lU_00257,36,0,242,FALSE
12079,sk8TafuB3lU_00262,36,0,115,TRUE
12080,sk8TafuB3lU_00263,36,0,223,FALSE
12081,sk8TafuB3lU_00778,36,0,116,FALSE
12082,sk8TafuB3lU_00849,36,0,238,FALSE
12083,sk8TafuB3lU_00872,36,0,190,FALSE
12084,uDESPUxbjnI_00009,36,0,193,FALSE
12085,uDESPUxbjnI_00010,36,0,88,FALSE
12086,uDESPUxbjnI_00011,36,0,141,FALSE
12087,uDESPUxbjnI_00130,36,0,204,FALSE
12088,uDESPUxbjnI_00131,36,0,78,FALSE
12089,uDESPUxbjnI_00133,36,0,126,FALSE
12090,vlfy4cny75s_00013,36,0,114,TRUE
12091,vlfy4cny75s_00018,36,0,135,TRUE
12092,vlfy4cny75s_00041,36,0,123,FALSE
12093,vlfy4cny75s_00151,36,0,128,TRUE
12094,vlfy4cny75s_00188,36,0,98,TRUE
12095,zYHstCxnAPA_00015,36,0,321,FALSE
12096,zYHstCxnAPA_00018,36,0,224,FALSE
12097,zYHstCxnAPA_00019,36,0,229,FALSE
12098,zYHstCxnAPA_00026,36,0,199,FALSE
12099,zYHstCxnAPA_00027,36,0,214,FALSE
12100,zYHstCxnAPA_00039,36,0,140,TRUE
12101,zYHstCxnAPA_00048,36,0,213,FALSE
12102,zYHstCxnAPA_00058,36,0,183,FALSE
12103,zYHstCxnAPA_00061,36,0,389,FALSE
12104,zYHstCxnAPA_00062,36,0,236,FALSE
12105,zYHstCxnAPA_00067,36,0,101,TRUE
12106,zYHstCxnAPA_00068,36,0,182,FALSE
12107,zYHstCxnAPA_00069,36,0,134,TRUE
12108,zYHstCxnAPA_00070,36,0,237,FALSE
12109,zYHstCxnAPA_00071,36,0,254,FALSE
12110,zYHstCxnAPA_00072,36,0,659,FALSE
12111,zYHstCxnAPA_00073,36,0,225,FALSE
12112,zYHstCxnAPA_00074,36,0,224,FALSE
12113,zYHstCxnAPA_00077,36,0,115,FALSE
12114,zYHstCxnAPA_00078,36,0,197,FALSE
12115,zYHstCxnAPA_00079,36,0,128,FALSE
12116,zYHstCxnAPA_00081,36,0,172,TRUE
12117,zYHstCxnAPA_00086,36,0,115,FALSE
12118,zYHstCxnAPA_00087,36,0,204,FALSE
12119,zYHstCxnAPA_00128,36,0,446,FALSE
12120,zYHstCxnAPA_00129,36,0,212,FALSE
12121,zYHstCxnAPA_00451,36,0,163,TRUE
12122,zYHstCxnAPA_00452,36,0,233,FALSE
12123,zYHstCxnAPA_00501,36,0,256,FALSE
12124,zYHstCxnAPA_00517,36,0,285,FALSE
12125,zYHstCxnAPA_00525,36,0,216,FALSE
12126,zbAC7t15q3k_00010,36,0,101,TRUE
12127,zbAC7t15q3k_00011,36,0,170,TRUE
12128,zbAC7t15q3k_00012,36,0,83,FALSE
12129,zbAC7t15q3k_00013,36,0,224,FALSE
12130,zbAC7t15q3k_00014,36,0,189,FALSE
12131,zbAC7t15q3k_00015,36,0,109,TRUE
12132,zbAC7t15q3k_00019,36,0,55,TRUE
12133,zbAC7t15q3k_00020,36,0,145,TRUE
12134,zbAC7t15q3k_00021,36,0,91,FALSE
12135,zbAC7t15q3k_00029,36,0,64,TRUE
12136,zbAC7t15q3k_00030,36,0,119,TRUE
12137,zbAC7t15q3k_00031,36,0,69,TRUE
12138,zbAC7t15q3k_00032,36,0,57,TRUE
12139,zbAC7t15q3k_00033,36,0,159,TRUE
12140,zbAC7t15q3k_00034,36,0,86,FALSE
12141,2x00lRzlTVQ_00025,37,0,116,TRUE
12142,2x00lRzlTVQ_00026,37,0,186,FALSE
12143,2x00lRzlTVQ_00027,37,0,195,FALSE
12144,JzOshOJgofw_00109,37,0,90,TRUE
12145,JzOshOJgofw_00110,37,0,114,TRUE
12146,JzOshOJgofw_00115,37,0,158,TRUE
12147,JzOshOJgofw_00116,37,0,177,TRUE
12148,LkluZoNfKu8_00030,37,0,68,TRUE
12149,LkluZoNfKu8_00031,37,0,203,FALSE
12150,LkluZoNfKu8_00032,37,0,104,TRUE
12151,LkluZoNfKu8_00110,37,0,85,TRUE
12152,LkluZoNfKu8_00111,37,0,177,TRUE
12153,LkluZoNfKu8_00112,37,0,85,FALSE
12154,OFxuiqI5G44_00233,37,0,137,TRUE
12155,OFxuiqI5G44_00234,37,0,197,FALSE
12156,OFxuiqI5G44_00235,37,0,207,FALSE
12157,VNvb5oLOpLg_00260,37,0,116,FALSE
12158,VNvb5oLOpLg_00261,37,0,223,FALSE
12159,VNvb5oLOpLg_00296,37,0,117,TRUE
12160,VNvb5oLOpLg_00302,37,0,154,TRUE
12161,VNvb5oLOpLg_00843,37,0,212,FALSE
12162,VNvb5oLOpLg_00845,37,0,132,FALSE
12163,VNvb5oLOpLg_00846,37,0,227,FALSE
12164,VNvb5oLOpLg_00847,37,0,220,FALSE
12165,Y7QZcr24ye0_00214,37,0,175,FALSE
12166,Y7QZcr24ye0_00314,37,0,178,FALSE
12167,Y7QZcr24ye0_00315,37,0,238,FALSE
12168,_lmT4WlK7G0_00033,37,0,82,TRUE
12169,_lmT4WlK7G0_00034,37,0,130,TRUE
12170,_lmT4WlK7G0_00035,37,0,92,TRUE
12171,c7FHotPDZIw_00082,37,0,108,TRUE
12172,db7DmpqzGmc_00054,37,0,124,TRUE
12173,db7DmpqzGmc_00055,37,0,117,TRUE
12174,db7DmpqzGmc_00056,37,0,90,TRUE
12175,db7DmpqzGmc_00057,37,0,138,TRUE
12176,db7DmpqzGmc_00179,37,0,78,FALSE
12177,db7DmpqzGmc_00199,37,0,98,TRUE
12178,db7DmpqzGmc_00200,37,0,135,FALSE
12179,db7DmpqzGmc_00201,37,0,215,FALSE
12180,mGbuP7nT2ck_00123,37,0,106,TRUE
12181,nOlRwoxsDJ0_00227,37,0,109,TRUE
12182,nOlRwoxsDJ0_00228,37,0,178,TRUE
12183,nOlRwoxsDJ0_00256,37,0,189,FALSE
12184,nOlRwoxsDJ0_00257,37,0,198,FALSE
12185,nOlRwoxsDJ0_00258,37,0,190,FALSE
12186,nOlRwoxsDJ0_00259,37,0,191,FALSE
12187,nOlRwoxsDJ0_00268,37,0,318,FALSE
12188,nOlRwoxsDJ0_00269,37,0,257,FALSE
12189,nOlRwoxsDJ0_00272,37,0,204,FALSE
12190,nOlRwoxsDJ0_00273,37,0,219,FALSE
12191,nOlRwoxsDJ0_00284,37,0,182,FALSE
12192,nOlRwoxsDJ0_00285,37,0,222,FALSE
12193,nOlRwoxsDJ0_00607,37,0,173,TRUE
12194,nOlRwoxsDJ0_00617,37,0,143,FALSE
12195,nOlRwoxsDJ0_00618,37,0,225,FALSE
12196,nOlRwoxsDJ0_00636,37,0,240,FALSE
12197,sk8TafuB3lU_00288,37,0,304,FALSE
12198,sk8TafuB3lU_00289,37,0,247,FALSE
12199,sk8TafuB3lU_00314,37,0,141,TRUE
12200,sk8TafuB3lU_00315,37,0,238,FALSE
12201,sk8TafuB3lU_00316,37,0,129,FALSE
12202,sk8TafuB3lU_00317,37,0,204,FALSE
12203,sk8TafuB3lU_00808,37,0,270,FALSE
12204,sk8TafuB3lU_00929,37,0,107,FALSE
12205,sk8TafuB3lU_00930,37,0,202,FALSE
12206,zYHstCxnAPA_00140,37,0,171,FALSE
12207,zYHstCxnAPA_00141,37,0,246,FALSE
12208,zYHstCxnAPA_00168,37,0,130,TRUE
12209,zYHstCxnAPA_00169,37,0,217,FALSE
12210,#NAME?,38,0,106,TRUE
12211,#NAME?,38,0,59,FALSE
12212,#NAME?,38,0,92,FALSE
12213,#NAME?,38,0,38,TRUE
12214,#NAME?,38,0,87,TRUE
12215,#NAME?,38,0,116,TRUE
12216,#NAME?,38,0,68,FALSE
12217,#NAME?,38,0,70,FALSE
12218,#NAME?,38,0,103,TRUE
12219,#NAME?,38,0,50,FALSE
12220,#NAME?,38,0,99,TRUE
12221,#NAME?,38,0,108,FALSE
12222,2x00lRzlTVQ_00058,38,0,129,TRUE
12223,2x00lRzlTVQ_00121,38,0,275,FALSE
12224,OFxuiqI5G44_00047,38,0,120,TRUE
12225,OFxuiqI5G44_00048,38,0,206,FALSE
12226,OVzt2rsfMc0_00418,38,0,87,TRUE
12227,OVzt2rsfMc0_00419,38,0,178,TRUE
12228,S9aCrmtAV8o_00000,38,0,170,FALSE
12229,S9aCrmtAV8o_00001,38,0,208,FALSE
12230,VNvb5oLOpLg_00280,38,0,148,TRUE
12231,VNvb5oLOpLg_00281,38,0,249,FALSE
12232,VNvb5oLOpLg_00284,38,0,213,FALSE
12233,VNvb5oLOpLg_00285,38,0,278,FALSE
12234,Y7QZcr24ye0_00308,38,0,418,FALSE
12235,Y7QZcr24ye0_00405,38,0,232,FALSE
12236,Y7QZcr24ye0_00500,38,0,296,FALSE
12237,Y7QZcr24ye0_00506,38,0,327,FALSE
12238,Y7QZcr24ye0_00507,38,0,245,FALSE
12239,Y7QZcr24ye0_00508,38,0,161,TRUE
12240,Y7QZcr24ye0_00509,38,0,244,FALSE
12241,Y7QZcr24ye0_00525,38,0,157,FALSE
12242,Y7QZcr24ye0_00533,38,0,256,FALSE
12243,Y7QZcr24ye0_00534,38,0,255,FALSE
12244,Y7QZcr24ye0_00535,38,0,230,FALSE
12245,Y7QZcr24ye0_00536,38,0,201,FALSE
12246,Y7QZcr24ye0_00544,38,0,221,FALSE
12247,Y7QZcr24ye0_00567,38,0,98,FALSE
12248,Y7QZcr24ye0_00568,38,0,281,FALSE
12249,Y7QZcr24ye0_00580,38,0,264,FALSE
12250,Y7QZcr24ye0_00581,38,0,219,FALSE
12251,Y7QZcr24ye0_00584,38,0,272,FALSE
12252,Y7QZcr24ye0_00585,38,0,241,FALSE
12253,_8Vy3dlHg2w_00113,38,0,58,FALSE
12254,_8Vy3dlHg2w_00114,38,0,61,FALSE
12255,_8Vy3dlHg2w_00115,38,0,103,FALSE
12256,_8Vy3dlHg2w_00116,38,0,73,TRUE
12257,_8Vy3dlHg2w_00117,38,0,79,FALSE
12258,_8Vy3dlHg2w_00196,38,0,84,FALSE
12259,_8Vy3dlHg2w_00198,38,0,71,FALSE
12260,c7FHotPDZIw_00081,38,0,77,FALSE
12261,j4gvbjifw14_00119,38,0,109,FALSE
12262,j4gvbjifw14_00120,38,0,169,TRUE
12263,j4gvbjifw14_00121,38,0,134,FALSE
12264,mGbuP7nT2ck_00122,38,0,119,FALSE
12265,mGbuP7nT2ck_00181,38,0,119,FALSE
12266,mGbuP7nT2ck_00182,38,0,109,TRUE
12267,mGbuP7nT2ck_00183,38,0,156,TRUE
12268,mGbuP7nT2ck_00184,38,0,146,FALSE
12269,mGbuP7nT2ck_00187,38,0,140,TRUE
12270,mGbuP7nT2ck_00188,38,0,133,TRUE
12271,sk8TafuB3lU_00304,38,0,387,FALSE
12272,sk8TafuB3lU_00351,38,0,181,FALSE
12273,sk8TafuB3lU_00352,38,0,231,FALSE
12274,sk8TafuB3lU_00443,38,0,261,FALSE
12275,sk8TafuB3lU_00563,38,0,371,FALSE
12276,sk8TafuB3lU_00564,38,0,276,FALSE
12277,sk8TafuB3lU_00591,38,0,136,TRUE
12278,sk8TafuB3lU_00592,38,0,224,FALSE
12279,sk8TafuB3lU_00596,38,0,225,FALSE
12280,sk8TafuB3lU_00616,38,0,167,FALSE
12281,sk8TafuB3lU_00617,38,0,211,FALSE
12282,sk8TafuB3lU_00619,38,0,220,FALSE
12283,sk8TafuB3lU_00640,38,0,206,FALSE
12284,sk8TafuB3lU_00641,38,0,294,FALSE
12285,sk8TafuB3lU_00642,38,0,126,TRUE
12286,sk8TafuB3lU_00643,38,0,198,FALSE
12287,sk8TafuB3lU_00648,38,0,201,FALSE
12288,sk8TafuB3lU_00649,38,0,266,FALSE
12289,sk8TafuB3lU_00651,38,0,265,FALSE
12290,zYHstCxnAPA_00138,38,0,286,FALSE
12291,zYHstCxnAPA_00139,38,0,228,FALSE
12292,zYHstCxnAPA_00194,38,0,203,FALSE
12293,zYHstCxnAPA_00195,38,0,212,FALSE
12294,zYHstCxnAPA_00294,38,0,174,FALSE
12295,zYHstCxnAPA_00295,38,0,267,FALSE
12296,zYHstCxnAPA_00345,38,0,257,FALSE
12297,zYHstCxnAPA_00346,38,0,258,FALSE
12298,zYHstCxnAPA_00368,38,0,201,FALSE
12299,zYHstCxnAPA_00369,38,0,231,FALSE
12300,zYHstCxnAPA_00716,38,0,311,FALSE
12301,5hXbclLNSNA_00045,39,0,107,TRUE
12302,5hXbclLNSNA_00046,39,0,182,FALSE
12303,6wVdnLa3Tes_00110,39,0,141,FALSE
12304,6wVdnLa3Tes_00111,39,0,150,TRUE
12305,6wVdnLa3Tes_00112,39,0,90,FALSE
12306,6wVdnLa3Tes_00251,39,0,106,TRUE
12307,6wVdnLa3Tes_00252,39,0,178,TRUE
12308,OFxuiqI5G44_00018,39,0,258,FALSE
12309,OFxuiqI5G44_00019,39,0,262,FALSE
12310,OFxuiqI5G44_00043,39,0,208,FALSE
12311,OFxuiqI5G44_00044,39,0,249,FALSE
12312,OFxuiqI5G44_00045,39,0,163,TRUE
12313,OFxuiqI5G44_00046,39,0,238,FALSE
12314,OFxuiqI5G44_00053,39,0,149,FALSE
12315,OFxuiqI5G44_00054,39,0,207,FALSE
12316,OVzt2rsfMc0_00140,39,0,112,TRUE
12317,OVzt2rsfMc0_00141,39,0,118,TRUE
12318,OVzt2rsfMc0_00142,39,0,91,FALSE
12319,OVzt2rsfMc0_00384,39,0,113,TRUE
12320,OVzt2rsfMc0_00385,39,0,175,TRUE
12321,OVzt2rsfMc0_00390,39,0,135,TRUE
12322,OVzt2rsfMc0_00391,39,0,164,TRUE
12323,OVzt2rsfMc0_00392,39,0,96,FALSE
12324,VNvb5oLOpLg_00346,39,0,204,FALSE
12325,VNvb5oLOpLg_00347,39,0,239,FALSE
12326,VNvb5oLOpLg_00555,39,0,196,FALSE
12327,VNvb5oLOpLg_00556,39,0,236,FALSE
12328,_8Vy3dlHg2w_00199,39,0,141,TRUE
12329,nOlRwoxsDJ0_00635,39,0,162,TRUE
12330,sk8TafuB3lU_00353,39,0,156,FALSE
12331,sk8TafuB3lU_00444,39,0,258,FALSE
12332,sk8TafuB3lU_00597,39,0,203,FALSE
12333,sk8TafuB3lU_00604,39,0,313,FALSE
12334,sk8TafuB3lU_00608,39,0,495,FALSE
12335,sk8TafuB3lU_00609,39,0,312,FALSE
12336,sk8TafuB3lU_00618,39,0,126,TRUE
12337,sk8TafuB3lU_00626,39,0,133,TRUE
12338,sk8TafuB3lU_00627,39,0,252,FALSE
12339,sk8TafuB3lU_00635,39,0,294,FALSE
12340,vlfy4cny75s_00070,39,0,76,TRUE
12341,vlfy4cny75s_00082,39,0,283,FALSE
12342,zYHstCxnAPA_00328,39,0,137,TRUE
12343,zYHstCxnAPA_00351,39,0,228,FALSE
12344,zYHstCxnAPA_00352,39,0,263,FALSE
12345,zYHstCxnAPA_00715,39,0,240,FALSE
12346,3PLiUG_DuC8_00115,40,0,66,TRUE
12347,3PLiUG_DuC8_00116,40,0,196,FALSE
12348,3PLiUG_DuC8_00117,40,0,96,FALSE
12349,3PLiUG_DuC8_00168,40,0,112,FALSE
12350,3PLiUG_DuC8_00169,40,0,186,FALSE
12351,3PLiUG_DuC8_00170,40,0,93,FALSE
12352,3PLiUG_DuC8_00364,40,0,103,TRUE
12353,3PLiUG_DuC8_00365,40,0,204,FALSE
12354,3PLiUG_DuC8_00366,40,0,112,FALSE
12355,9BC6ssCjyfg_00108,40,0,97,TRUE
12356,9BC6ssCjyfg_00109,40,0,227,FALSE
12357,9BC6ssCjyfg_00110,40,0,213,FALSE
12358,Bb0ZiYVNtDs_00191,40,0,95,TRUE
12359,Bb0ZiYVNtDs_00192,40,0,179,TRUE
12360,_tigfCJFLZg_00304,40,0,123,TRUE
12361,_tigfCJFLZg_00305,40,0,102,TRUE
12362,_tigfCJFLZg_00306,40,0,110,FALSE
12363,_tigfCJFLZg_00474,40,0,111,TRUE
12364,_tigfCJFLZg_00475,40,0,203,FALSE
12365,_tigfCJFLZg_00476,40,0,128,FALSE
12366,l6ZoMjD1UtA_00034,40,0,69,FALSE
12367,l6ZoMjD1UtA_00035,40,0,115,TRUE
12368,l6ZoMjD1UtA_00036,40,0,122,TRUE
12369,l6ZoMjD1UtA_00037,40,0,168,TRUE
12370,l6ZoMjD1UtA_00174,40,0,61,TRUE
12371,l6ZoMjD1UtA_00175,40,0,115,TRUE
12372,l6ZoMjD1UtA_00176,40,0,118,TRUE
12373,l6ZoMjD1UtA_00177,40,0,165,TRUE
12374,mGbuP7nT2ck_00030,40,0,102,TRUE
12375,mGbuP7nT2ck_00031,40,0,129,TRUE
12376,mGbuP7nT2ck_00108,40,0,72,TRUE
12377,mGbuP7nT2ck_00109,40,0,112,FALSE
12378,mGbuP7nT2ck_00114,40,0,66,FALSE
12379,mGbuP7nT2ck_00115,40,0,105,FALSE
12380,vlfy4cny75s_00063,40,0,170,TRUE
12381,vlfy4cny75s_00071,40,0,135,TRUE
12382,vlfy4cny75s_00072,40,0,127,TRUE
12383,vlfy4cny75s_00080,40,0,97,TRUE
12384,vlfy4cny75s_00081,40,0,158,TRUE
12385,vlfy4cny75s_00163,40,0,125,TRUE
12386,vlfy4cny75s_00164,40,0,146,TRUE
12387,vlfy4cny75s_00165,40,0,109,TRUE
12388,xbQCwTHcGN8_00198,40,0,135,TRUE
12389,xbQCwTHcGN8_00199,40,0,163,TRUE
12390,xbQCwTHcGN8_00201,40,0,101,TRUE
12391,xbQCwTHcGN8_00306,40,0,70,FALSE
12392,xbQCwTHcGN8_00307,40,0,157,TRUE
12393,xbQCwTHcGN8_00308,40,0,202,FALSE
12394,#NAME?,41,0,156,TRUE
12395,#NAME?,41,0,100,TRUE
12396,#NAME?,41,0,92,TRUE
12397,#NAME?,41,0,50,FALSE
12398,#NAME?,41,0,64,FALSE
12399,#NAME?,41,0,152,TRUE
12400,#NAME?,41,0,63,TRUE
12401,#NAME?,41,0,142,FALSE
12402,#NAME?,41,0,59,TRUE
12403,#NAME?,41,0,59,TRUE
12404,#NAME?,41,0,105,TRUE
12405,#NAME?,41,0,60,FALSE
12406,#NAME?,41,0,48,FALSE
12407,#NAME?,41,0,107,TRUE
12408,#NAME?,41,0,84,FALSE
12409,#NAME?,41,0,77,FALSE
12410,#NAME?,41,0,129,TRUE
12411,#NAME?,41,0,80,FALSE
12412,#NAME?,41,0,62,FALSE
12413,#NAME?,41,0,48,FALSE
12414,#NAME?,41,0,70,FALSE
12415,#NAME?,41,0,191,FALSE
12416,#NAME?,41,0,145,FALSE
12417,#NAME?,41,0,75,TRUE
12418,#NAME?,41,0,74,FALSE
12419,#NAME?,41,0,103,TRUE
12420,#NAME?,41,0,80,FALSE
12421,#NAME?,41,0,74,FALSE
12422,#NAME?,41,0,93,TRUE
12423,#NAME?,41,0,59,TRUE
12424,#NAME?,41,0,58,FALSE
12425,#NAME?,41,0,66,TRUE
12426,#NAME?,41,0,101,TRUE
12427,5hXbclLNSNA_00012,41,0,98,TRUE
12428,5hXbclLNSNA_00013,41,0,168,TRUE
12429,OFxuiqI5G44_00362,41,0,215,FALSE
12430,S9aCrmtAV8o_00033,41,0,119,TRUE
12431,S9aCrmtAV8o_00034,41,0,202,FALSE
12432,Y7QZcr24ye0_00338,41,0,205,FALSE
12433,Y7QZcr24ye0_00339,41,0,227,FALSE
12434,Y7QZcr24ye0_00403,41,0,204,FALSE
12435,Y7QZcr24ye0_00404,41,0,239,FALSE
12436,Y7QZcr24ye0_00407,41,0,96,FALSE
12437,Y7QZcr24ye0_00408,41,0,164,FALSE
12438,Y7QZcr24ye0_00409,41,0,128,FALSE
12439,Y7QZcr24ye0_00410,41,0,184,FALSE
12440,Y7QZcr24ye0_00415,41,0,268,FALSE
12441,Y7QZcr24ye0_00416,41,0,220,FALSE
12442,Y7QZcr24ye0_00419,41,0,125,TRUE
12443,Y7QZcr24ye0_00420,41,0,187,FALSE
12444,Y7QZcr24ye0_00430,41,0,202,FALSE
12445,Y7QZcr24ye0_00431,41,0,248,FALSE
12446,Y7QZcr24ye0_00433,41,0,323,FALSE
12447,Y7QZcr24ye0_00434,41,0,197,FALSE
12448,Y7QZcr24ye0_00439,41,0,131,TRUE
12449,Y7QZcr24ye0_00440,41,0,213,FALSE
12450,Y7QZcr24ye0_00443,41,0,207,FALSE
12451,Y7QZcr24ye0_00444,41,0,204,FALSE
12452,Y7QZcr24ye0_00445,41,0,179,FALSE
12453,Y7QZcr24ye0_00446,41,0,212,FALSE
12454,Y7QZcr24ye0_00460,41,0,217,FALSE
12455,Y7QZcr24ye0_00461,41,0,227,FALSE
12456,Y7QZcr24ye0_00462,41,0,243,FALSE
12457,Y7QZcr24ye0_00463,41,0,175,TRUE
12458,Y7QZcr24ye0_00464,41,0,232,FALSE
12459,Y7QZcr24ye0_00465,41,0,217,FALSE
12460,Y7QZcr24ye0_00466,41,0,162,FALSE
12461,Y7QZcr24ye0_00467,41,0,223,FALSE
12462,Y7QZcr24ye0_00468,41,0,200,FALSE
12463,Y7QZcr24ye0_00469,41,0,226,FALSE
12464,Y7QZcr24ye0_00478,41,0,292,FALSE
12465,Y7QZcr24ye0_00479,41,0,244,FALSE
12466,Y7QZcr24ye0_00492,41,0,199,FALSE
12467,Y7QZcr24ye0_00493,41,0,221,FALSE
12468,Y7QZcr24ye0_00498,41,0,94,FALSE
12469,Y7QZcr24ye0_00499,41,0,187,FALSE
12470,Y7QZcr24ye0_00502,41,0,175,FALSE
12471,Y7QZcr24ye0_00503,41,0,227,FALSE
12472,Y7QZcr24ye0_00514,41,0,266,FALSE
12473,Y7QZcr24ye0_00515,41,0,226,FALSE
12474,Y7QZcr24ye0_00518,41,0,193,FALSE
12475,Y7QZcr24ye0_00519,41,0,197,FALSE
12476,Y7QZcr24ye0_00520,41,0,151,FALSE
12477,Y7QZcr24ye0_00521,41,0,192,FALSE
12478,Y7QZcr24ye0_00522,41,0,148,FALSE
12479,Y7QZcr24ye0_00559,41,0,479,FALSE
12480,Y7QZcr24ye0_00560,41,0,200,FALSE
12481,Y7QZcr24ye0_00574,41,0,226,FALSE
12482,Y7QZcr24ye0_00575,41,0,200,FALSE
12483,_8Vy3dlHg2w_00165,41,0,80,TRUE
12484,_8Vy3dlHg2w_00166,41,0,82,FALSE
12485,_8Vy3dlHg2w_00167,41,0,98,FALSE
12486,j4gvbjifw14_00055,41,0,90,FALSE
12487,j4gvbjifw14_00056,41,0,149,TRUE
12488,j4gvbjifw14_00057,41,0,103,FALSE
12489,j4gvbjifw14_00061,41,0,165,TRUE
12490,j4gvbjifw14_00062,41,0,169,TRUE
12491,j4gvbjifw14_00063,41,0,132,FALSE
12492,j4gvbjifw14_00064,41,0,100,TRUE
12493,j4gvbjifw14_00065,41,0,150,TRUE
12494,j4gvbjifw14_00066,41,0,82,FALSE
12495,j4gvbjifw14_00067,41,0,165,TRUE
12496,j4gvbjifw14_00068,41,0,130,TRUE
12497,j4gvbjifw14_00069,41,0,78,TRUE
12498,j4gvbjifw14_00070,41,0,66,TRUE
12499,j4gvbjifw14_00071,41,0,125,TRUE
12500,j4gvbjifw14_00072,41,0,106,FALSE
12501,j4gvbjifw14_00073,41,0,139,TRUE
12502,j4gvbjifw14_00074,41,0,168,TRUE
12503,j4gvbjifw14_00075,41,0,107,FALSE
12504,j4gvbjifw14_00103,41,0,52,FALSE
12505,j4gvbjifw14_00104,41,0,136,TRUE
12506,j4gvbjifw14_00105,41,0,97,FALSE
12507,j4gvbjifw14_00110,41,0,90,FALSE
12508,j4gvbjifw14_00111,41,0,152,FALSE
12509,j4gvbjifw14_00147,41,0,163,TRUE
12510,j4gvbjifw14_00148,41,0,172,TRUE
12511,j4gvbjifw14_00149,41,0,124,FALSE
12512,j4gvbjifw14_00153,41,0,111,FALSE
12513,j4gvbjifw14_00154,41,0,167,TRUE
12514,j4gvbjifw14_00155,41,0,129,FALSE
12515,j4gvbjifw14_00156,41,0,115,TRUE
12516,j4gvbjifw14_00157,41,0,162,TRUE
12517,j4gvbjifw14_00158,41,0,84,FALSE
12518,j4gvbjifw14_00159,41,0,59,FALSE
12519,j4gvbjifw14_00160,41,0,176,FALSE
12520,j4gvbjifw14_00161,41,0,76,TRUE
12521,j4gvbjifw14_00162,41,0,52,FALSE
12522,j4gvbjifw14_00163,41,0,135,FALSE
12523,j4gvbjifw14_00164,41,0,77,FALSE
12524,j4gvbjifw14_00165,41,0,94,FALSE
12525,mGbuP7nT2ck_00155,41,0,54,TRUE
12526,mGbuP7nT2ck_00156,41,0,94,TRUE
12527,mGbuP7nT2ck_00157,41,0,124,TRUE
12528,mGbuP7nT2ck_00158,41,0,108,TRUE
12529,mGbuP7nT2ck_00159,41,0,139,TRUE
12530,mGbuP7nT2ck_00160,41,0,124,TRUE
12531,sk8TafuB3lU_00237,41,0,264,FALSE
12532,sk8TafuB3lU_00238,41,0,273,FALSE
12533,sk8TafuB3lU_00567,41,0,134,FALSE
12534,sk8TafuB3lU_00568,41,0,212,FALSE
12535,sk8TafuB3lU_00575,41,0,177,FALSE
12536,sk8TafuB3lU_00576,41,0,206,FALSE
12537,zYHstCxnAPA_00274,41,0,222,FALSE
12538,zYHstCxnAPA_00275,41,0,214,FALSE
12539,zYHstCxnAPA_00302,41,0,181,FALSE
12540,zYHstCxnAPA_00303,41,0,259,FALSE
12541,zYHstCxnAPA_00312,41,0,261,FALSE
12542,zYHstCxnAPA_00313,41,0,224,FALSE
12543,zYHstCxnAPA_00322,41,0,195,FALSE
12544,zYHstCxnAPA_00323,41,0,329,FALSE
12545,zYHstCxnAPA_00335,41,0,195,FALSE
12546,zYHstCxnAPA_00336,41,0,98,TRUE
12547,zYHstCxnAPA_00337,41,0,215,FALSE
12548,zYHstCxnAPA_00359,41,0,213,FALSE
12549,zYHstCxnAPA_00360,41,0,220,FALSE
12550,zYHstCxnAPA_00361,41,0,260,FALSE
12551,zYHstCxnAPA_00383,41,0,263,FALSE
12552,zYHstCxnAPA_00384,41,0,252,FALSE
12553,zYHstCxnAPA_00746,41,0,338,FALSE
12554,2x00lRzlTVQ_00056,42,0,56,TRUE
12555,2x00lRzlTVQ_00057,42,0,153,TRUE
12556,2x00lRzlTVQ_00077,42,0,124,TRUE
12557,2x00lRzlTVQ_00078,42,0,182,FALSE
12558,2x00lRzlTVQ_00079,42,0,118,FALSE
12559,2x00lRzlTVQ_00086,42,0,72,FALSE
12560,2x00lRzlTVQ_00087,42,0,165,TRUE
12561,2x00lRzlTVQ_00119,42,0,100,TRUE
12562,2x00lRzlTVQ_00120,42,0,180,FALSE
12563,3PLiUG_DuC8_00211,42,0,75,TRUE
12564,3PLiUG_DuC8_00212,42,0,174,FALSE
12565,3PLiUG_DuC8_00213,42,0,94,FALSE
12566,Bb0ZiYVNtDs_00048,42,0,84,TRUE
12567,Bb0ZiYVNtDs_00049,42,0,148,TRUE
12568,Bb0ZiYVNtDs_00050,42,0,166,FALSE
12569,Bb0ZiYVNtDs_00057,42,0,48,FALSE
12570,Bb0ZiYVNtDs_00059,42,0,113,TRUE
12571,Bb0ZiYVNtDs_00060,42,0,105,FALSE
12572,Bb0ZiYVNtDs_00083,42,0,98,TRUE
12573,Bb0ZiYVNtDs_00084,42,0,188,FALSE
12574,Bb0ZiYVNtDs_00085,42,0,105,TRUE
12575,Bb0ZiYVNtDs_00089,42,0,112,TRUE
12576,Bb0ZiYVNtDs_00090,42,0,179,TRUE
12577,Bb0ZiYVNtDs_00091,42,0,129,TRUE
12578,Bb0ZiYVNtDs_00112,42,0,51,TRUE
12579,Bb0ZiYVNtDs_00113,42,0,141,FALSE
12580,Bb0ZiYVNtDs_00114,42,0,66,FALSE
12581,Bb0ZiYVNtDs_00204,42,0,67,TRUE
12582,Bb0ZiYVNtDs_00205,42,0,143,TRUE
12583,Bb0ZiYVNtDs_00206,42,0,193,FALSE
12584,_tigfCJFLZg_00013,42,0,53,FALSE
12585,_tigfCJFLZg_00014,42,0,141,FALSE
12586,_tigfCJFLZg_00015,42,0,84,TRUE
12587,_tigfCJFLZg_00145,42,0,99,TRUE
12588,_tigfCJFLZg_00146,42,0,195,FALSE
12589,_tigfCJFLZg_00147,42,0,100,TRUE
12590,_tigfCJFLZg_00157,42,0,139,TRUE
12591,_tigfCJFLZg_00158,42,0,200,FALSE
12592,_tigfCJFLZg_00159,42,0,182,FALSE
12593,_tigfCJFLZg_00169,42,0,124,TRUE
12594,_tigfCJFLZg_00170,42,0,153,TRUE
12595,_tigfCJFLZg_00171,42,0,71,TRUE
12596,_tigfCJFLZg_00234,42,0,179,FALSE
12597,_tigfCJFLZg_00235,42,0,81,TRUE
12598,_tigfCJFLZg_00240,42,0,92,TRUE
12599,_tigfCJFLZg_00241,42,0,184,FALSE
12600,_tigfCJFLZg_00243,42,0,104,TRUE
12601,_tigfCJFLZg_00244,42,0,164,TRUE
12602,_tigfCJFLZg_00245,42,0,87,FALSE
12603,_tigfCJFLZg_00292,42,0,128,TRUE
12604,_tigfCJFLZg_00293,42,0,147,TRUE
12605,_tigfCJFLZg_00294,42,0,122,FALSE
12606,_tigfCJFLZg_00428,42,0,61,TRUE
12607,_tigfCJFLZg_00429,42,0,143,TRUE
12608,_tigfCJFLZg_00441,42,0,120,TRUE
12609,_tigfCJFLZg_00442,42,0,182,FALSE
12610,_tigfCJFLZg_00443,42,0,105,TRUE
12611,_tigfCJFLZg_00444,42,0,109,TRUE
12612,_tigfCJFLZg_00445,42,0,177,TRUE
12613,_tigfCJFLZg_00446,42,0,247,FALSE
12614,_tigfCJFLZg_00450,42,0,122,TRUE
12615,_tigfCJFLZg_00451,42,0,189,FALSE
12616,_tigfCJFLZg_00452,42,0,110,TRUE
12617,_tigfCJFLZg_00462,42,0,152,TRUE
12618,_tigfCJFLZg_00463,42,0,170,TRUE
12619,_tigfCJFLZg_00464,42,0,134,TRUE
12620,_tigfCJFLZg_00471,42,0,111,TRUE
12621,_tigfCJFLZg_00472,42,0,162,FALSE
12622,_tigfCJFLZg_00473,42,0,123,FALSE
12623,_tigfCJFLZg_00512,42,0,81,TRUE
12624,_tigfCJFLZg_00513,42,0,163,TRUE
12625,_tigfCJFLZg_00514,42,0,103,FALSE
12626,_tigfCJFLZg_00518,42,0,118,TRUE
12627,_tigfCJFLZg_00519,42,0,169,TRUE
12628,_tigfCJFLZg_00520,42,0,123,TRUE
12629,kVT_sNgYBAE_00014,42,0,63,TRUE
12630,kVT_sNgYBAE_00015,42,0,164,TRUE
12631,kVT_sNgYBAE_00024,42,0,70,FALSE
12632,kVT_sNgYBAE_00025,42,0,202,FALSE
12633,kVT_sNgYBAE_00041,42,0,57,FALSE
12634,kVT_sNgYBAE_00042,42,0,118,TRUE
12635,kVT_sNgYBAE_00043,42,0,36,TRUE
12636,kVT_sNgYBAE_00089,42,0,65,TRUE
12637,kVT_sNgYBAE_00090,42,0,132,TRUE
12638,kVT_sNgYBAE_00096,42,0,39,TRUE
12639,kVT_sNgYBAE_00097,42,0,45,TRUE
12640,kVT_sNgYBAE_00098,42,0,214,FALSE
12641,kVT_sNgYBAE_00111,42,0,48,FALSE
12642,kVT_sNgYBAE_00112,42,0,131,TRUE
12643,l6ZoMjD1UtA_00030,42,0,97,FALSE
12644,l6ZoMjD1UtA_00031,42,0,149,FALSE
12645,l6ZoMjD1UtA_00032,42,0,179,TRUE
12646,l6ZoMjD1UtA_00063,42,0,47,FALSE
12647,l6ZoMjD1UtA_00064,42,0,123,FALSE
12648,l6ZoMjD1UtA_00065,42,0,149,TRUE
12649,l6ZoMjD1UtA_00170,42,0,64,TRUE
12650,l6ZoMjD1UtA_00171,42,0,149,FALSE
12651,l6ZoMjD1UtA_00172,42,0,168,TRUE
12652,mGbuP7nT2ck_00038,42,0,107,TRUE
12653,mGbuP7nT2ck_00039,42,0,126,TRUE
12654,vlfy4cny75s_00052,42,0,80,FALSE
12655,vlfy4cny75s_00053,42,0,115,TRUE
12656,vlfy4cny75s_00054,42,0,186,FALSE
12657,vlfy4cny75s_00095,42,0,131,TRUE
12658,vlfy4cny75s_00096,42,0,178,TRUE
12659,vlfy4cny75s_00097,42,0,288,FALSE
12660,xbQCwTHcGN8_00082,42,0,101,TRUE
12661,xbQCwTHcGN8_00083,42,0,183,FALSE
12662,xbQCwTHcGN8_00084,42,0,118,TRUE
12663,xbQCwTHcGN8_00100,42,0,92,TRUE
12664,xbQCwTHcGN8_00101,42,0,160,FALSE
12665,xbQCwTHcGN8_00102,42,0,128,FALSE
12666,xbQCwTHcGN8_00109,42,0,106,TRUE
12667,xbQCwTHcGN8_00110,42,0,164,FALSE
12668,xbQCwTHcGN8_00111,42,0,102,TRUE
12669,xbQCwTHcGN8_00145,42,0,98,TRUE
12670,xbQCwTHcGN8_00146,42,0,145,FALSE
12671,xbQCwTHcGN8_00147,42,0,90,FALSE
12672,xbQCwTHcGN8_00188,42,0,110,TRUE
12673,xbQCwTHcGN8_00189,42,0,171,FALSE
12674,xbQCwTHcGN8_00190,42,0,123,TRUE
12675,xbQCwTHcGN8_00277,42,0,38,FALSE
12676,xbQCwTHcGN8_00278,42,0,130,TRUE
12677,xbQCwTHcGN8_00279,42,0,74,FALSE
12678,xbQCwTHcGN8_00297,42,0,116,TRUE
12679,xbQCwTHcGN8_00298,42,0,190,FALSE
12680,xbQCwTHcGN8_00299,42,0,101,FALSE
12681,xbQCwTHcGN8_00315,42,0,231,FALSE
12682,xbQCwTHcGN8_00316,42,0,203,FALSE
12683,xbQCwTHcGN8_00317,42,0,135,FALSE
12684,3N1kUtqJ25A_00133,43,0,165,TRUE
12685,3N1kUtqJ25A_00134,43,0,236,FALSE
12686,3N1kUtqJ25A_00135,43,0,235,FALSE
12687,3PLiUG_DuC8_00019,43,0,95,FALSE
12688,3PLiUG_DuC8_00046,43,0,60,FALSE
12689,3PLiUG_DuC8_00077,43,0,67,TRUE
12690,3PLiUG_DuC8_00078,43,0,127,FALSE
12691,3PLiUG_DuC8_00079,43,0,116,FALSE
12692,3PLiUG_DuC8_00097,43,0,135,TRUE
12693,3PLiUG_DuC8_00099,43,0,146,FALSE
12694,3PLiUG_DuC8_00124,43,0,54,FALSE
12695,3PLiUG_DuC8_00125,43,0,121,TRUE
12696,3PLiUG_DuC8_00126,43,0,87,FALSE
12697,3PLiUG_DuC8_00130,43,0,134,TRUE
12698,3PLiUG_DuC8_00131,43,0,199,FALSE
12699,3PLiUG_DuC8_00199,43,0,81,TRUE
12700,3PLiUG_DuC8_00200,43,0,178,TRUE
12701,3PLiUG_DuC8_00201,43,0,101,FALSE
12702,3PLiUG_DuC8_00233,43,0,89,FALSE
12703,3PLiUG_DuC8_00234,43,0,195,FALSE
12704,3PLiUG_DuC8_00235,43,0,114,FALSE
12705,3PLiUG_DuC8_00251,43,0,140,TRUE
12706,3PLiUG_DuC8_00289,43,0,193,FALSE
12707,3PLiUG_DuC8_00290,43,0,98,FALSE
12708,3PLiUG_DuC8_00311,43,0,92,FALSE
12709,3PLiUG_DuC8_00312,43,0,178,TRUE
12710,3PLiUG_DuC8_00348,43,0,83,FALSE
12711,3PLiUG_DuC8_00373,43,0,134,TRUE
12712,3PLiUG_DuC8_00374,43,0,222,FALSE
12713,5i1begTTucc_00056,43,0,103,TRUE
12714,5i1begTTucc_00057,43,0,152,TRUE
12715,5i1begTTucc_00062,43,0,152,TRUE
12716,5i1begTTucc_00064,43,0,156,TRUE
12717,6wVdnLa3Tes_00063,43,0,123,TRUE
12718,6wVdnLa3Tes_00064,43,0,191,FALSE
12719,6wVdnLa3Tes_00065,43,0,109,FALSE
12720,6wVdnLa3Tes_00092,43,0,82,FALSE
12721,6wVdnLa3Tes_00093,43,0,144,FALSE
12722,6wVdnLa3Tes_00094,43,0,145,TRUE
12723,6wVdnLa3Tes_00113,43,0,52,TRUE
12724,6wVdnLa3Tes_00114,43,0,145,TRUE
12725,6wVdnLa3Tes_00116,43,0,76,TRUE
12726,6wVdnLa3Tes_00117,43,0,96,FALSE
12727,6wVdnLa3Tes_00118,43,0,78,TRUE
12728,6wVdnLa3Tes_00125,43,0,143,TRUE
12729,6wVdnLa3Tes_00126,43,0,227,FALSE
12730,6wVdnLa3Tes_00127,43,0,98,FALSE
12731,6wVdnLa3Tes_00134,43,0,65,FALSE
12732,6wVdnLa3Tes_00135,43,0,115,FALSE
12733,6wVdnLa3Tes_00136,43,0,100,FALSE
12734,6wVdnLa3Tes_00140,43,0,107,TRUE
12735,6wVdnLa3Tes_00141,43,0,173,TRUE
12736,6wVdnLa3Tes_00149,43,0,56,FALSE
12737,6wVdnLa3Tes_00150,43,0,114,FALSE
12738,6wVdnLa3Tes_00151,43,0,63,FALSE
12739,6wVdnLa3Tes_00155,43,0,112,TRUE
12740,6wVdnLa3Tes_00156,43,0,133,TRUE
12741,6wVdnLa3Tes_00157,43,0,183,FALSE
12742,6wVdnLa3Tes_00177,43,0,94,TRUE
12743,6wVdnLa3Tes_00178,43,0,164,TRUE
12744,6wVdnLa3Tes_00179,43,0,95,FALSE
12745,6wVdnLa3Tes_00183,43,0,78,TRUE
12746,6wVdnLa3Tes_00184,43,0,140,TRUE
12747,6wVdnLa3Tes_00185,43,0,144,FALSE
12748,6wVdnLa3Tes_00186,43,0,94,TRUE
12749,6wVdnLa3Tes_00187,43,0,134,TRUE
12750,6wVdnLa3Tes_00188,43,0,123,FALSE
12751,6wVdnLa3Tes_00192,43,0,60,TRUE
12752,6wVdnLa3Tes_00193,43,0,131,TRUE
12753,6wVdnLa3Tes_00194,43,0,164,TRUE
12754,6wVdnLa3Tes_00198,43,0,89,TRUE
12755,6wVdnLa3Tes_00199,43,0,145,TRUE
12756,6wVdnLa3Tes_00201,43,0,86,FALSE
12757,6wVdnLa3Tes_00208,43,0,101,TRUE
12758,6wVdnLa3Tes_00209,43,0,185,FALSE
12759,6wVdnLa3Tes_00210,43,0,179,TRUE
12760,6wVdnLa3Tes_00217,43,0,58,TRUE
12761,6wVdnLa3Tes_00218,43,0,152,TRUE
12762,6wVdnLa3Tes_00219,43,0,103,TRUE
12763,6wVdnLa3Tes_00267,43,0,66,TRUE
12764,6wVdnLa3Tes_00268,43,0,136,TRUE
12765,6wVdnLa3Tes_00269,43,0,93,FALSE
12766,9BC6ssCjyfg_00021,43,0,45,FALSE
12767,9BC6ssCjyfg_00023,43,0,193,FALSE
12768,9BC6ssCjyfg_00024,43,0,181,FALSE
12769,9BC6ssCjyfg_00031,43,0,72,TRUE
12770,9BC6ssCjyfg_00032,43,0,170,FALSE
12771,9BC6ssCjyfg_00033,43,0,157,FALSE
12772,9BC6ssCjyfg_00046,43,0,139,FALSE
12773,9BC6ssCjyfg_00047,43,0,255,FALSE
12774,9BC6ssCjyfg_00048,43,0,178,TRUE
12775,9BC6ssCjyfg_00052,43,0,80,TRUE
12776,9BC6ssCjyfg_00053,43,0,136,FALSE
12777,9BC6ssCjyfg_00054,43,0,137,TRUE
12778,9BC6ssCjyfg_00055,43,0,95,TRUE
12779,9BC6ssCjyfg_00056,43,0,194,FALSE
12780,9BC6ssCjyfg_00060,43,0,145,TRUE
12781,9BC6ssCjyfg_00061,43,0,183,FALSE
12782,9BC6ssCjyfg_00062,43,0,194,FALSE
12783,9BC6ssCjyfg_00232,43,0,61,TRUE
12784,9BC6ssCjyfg_00233,43,0,129,FALSE
12785,9BC6ssCjyfg_00234,43,0,155,TRUE
12786,9jZYYtzYqwE_00081,43,0,124,FALSE
12787,9jZYYtzYqwE_00082,43,0,155,TRUE
12788,9jZYYtzYqwE_00091,43,0,223,FALSE
12789,9jZYYtzYqwE_00092,43,0,209,FALSE
12790,9jZYYtzYqwE_00105,43,0,165,TRUE
12791,9jZYYtzYqwE_00106,43,0,183,FALSE
12792,Bb0ZiYVNtDs_00045,43,0,95,TRUE
12793,Bb0ZiYVNtDs_00046,43,0,155,TRUE
12794,Bb0ZiYVNtDs_00073,43,0,93,TRUE
12795,Bb0ZiYVNtDs_00074,43,0,140,TRUE
12796,Bb0ZiYVNtDs_00075,43,0,91,FALSE
12797,Bb0ZiYVNtDs_00086,43,0,88,TRUE
12798,Bb0ZiYVNtDs_00087,43,0,130,FALSE
12799,D6zILEKIJbk_00078,43,0,90,TRUE
12800,D6zILEKIJbk_00079,43,0,215,FALSE
12801,D6zILEKIJbk_00080,43,0,164,TRUE
12802,D6zILEKIJbk_00190,43,0,74,TRUE
12803,D6zILEKIJbk_00191,43,0,160,TRUE
12804,DB4lpBDPnTY_00010,43,0,211,FALSE
12805,JzOshOJgofw_00178,43,0,128,TRUE
12806,JzOshOJgofw_00179,43,0,205,FALSE
12807,JzOshOJgofw_00216,43,0,106,TRUE
12808,JzOshOJgofw_00217,43,0,100,TRUE
12809,JzOshOJgofw_00238,43,0,107,TRUE
12810,JzOshOJgofw_00239,43,0,130,TRUE
12811,JzOshOJgofw_00244,43,0,207,FALSE
12812,JzOshOJgofw_00245,43,0,171,TRUE
12813,JzOshOJgofw_00268,43,0,133,TRUE
12814,JzOshOJgofw_00269,43,0,225,FALSE
12815,LkluZoNfKu8_00056,43,0,96,TRUE
12816,LkluZoNfKu8_00057,43,0,196,FALSE
12817,LkluZoNfKu8_00058,43,0,89,TRUE
12818,LkluZoNfKu8_00059,43,0,163,TRUE
12819,LkluZoNfKu8_00062,43,0,56,TRUE
12820,LkluZoNfKu8_00063,43,0,134,TRUE
12821,LkluZoNfKu8_00068,43,0,102,TRUE
12822,LkluZoNfKu8_00069,43,0,228,FALSE
12823,LkluZoNfKu8_00072,43,0,97,TRUE
12824,LkluZoNfKu8_00073,43,0,248,FALSE
12825,LkluZoNfKu8_00122,43,0,72,TRUE
12826,LkluZoNfKu8_00123,43,0,202,FALSE
12827,LkluZoNfKu8_00124,43,0,68,TRUE
12828,LkluZoNfKu8_00125,43,0,166,TRUE
12829,OFxuiqI5G44_00026,43,0,230,FALSE
12830,OFxuiqI5G44_00027,43,0,277,FALSE
12831,OFxuiqI5G44_00336,43,0,265,FALSE
12832,OFxuiqI5G44_00337,43,0,262,FALSE
12833,OFxuiqI5G44_00338,43,0,217,FALSE
12834,OFxuiqI5G44_00348,43,0,314,FALSE
12835,OFxuiqI5G44_00349,43,0,197,FALSE
12836,OFxuiqI5G44_00350,43,0,223,FALSE
12837,OFxuiqI5G44_00360,43,0,233,FALSE
12838,OFxuiqI5G44_00361,43,0,224,FALSE
12839,OVzt2rsfMc0_00111,43,0,76,FALSE
12840,OVzt2rsfMc0_00112,43,0,145,TRUE
12841,OVzt2rsfMc0_00113,43,0,194,FALSE
12842,OVzt2rsfMc0_00143,43,0,115,TRUE
12843,OVzt2rsfMc0_00144,43,0,166,TRUE
12844,OVzt2rsfMc0_00145,43,0,97,FALSE
12845,OVzt2rsfMc0_00146,43,0,49,TRUE
12846,OVzt2rsfMc0_00147,43,0,128,FALSE
12847,OVzt2rsfMc0_00174,43,0,62,TRUE
12848,OVzt2rsfMc0_00175,43,0,123,TRUE
12849,OVzt2rsfMc0_00176,43,0,73,FALSE
12850,OVzt2rsfMc0_00189,43,0,91,TRUE
12851,OVzt2rsfMc0_00190,43,0,144,TRUE
12852,OVzt2rsfMc0_00192,43,0,62,TRUE
12853,OVzt2rsfMc0_00193,43,0,138,TRUE
12854,OVzt2rsfMc0_00194,43,0,105,TRUE
12855,OVzt2rsfMc0_00198,43,0,135,TRUE
12856,OVzt2rsfMc0_00199,43,0,161,TRUE
12857,OVzt2rsfMc0_00208,43,0,88,TRUE
12858,OVzt2rsfMc0_00209,43,0,158,TRUE
12859,OVzt2rsfMc0_00217,43,0,40,FALSE
12860,OVzt2rsfMc0_00218,43,0,121,TRUE
12861,OVzt2rsfMc0_00245,43,0,107,TRUE
12862,OVzt2rsfMc0_00246,43,0,123,TRUE
12863,OVzt2rsfMc0_00247,43,0,85,TRUE
12864,OVzt2rsfMc0_00248,43,0,82,TRUE
12865,OVzt2rsfMc0_00249,43,0,116,TRUE
12866,OVzt2rsfMc0_00250,43,0,106,FALSE
12867,OVzt2rsfMc0_00254,43,0,93,TRUE
12868,OVzt2rsfMc0_00255,43,0,163,TRUE
12869,OVzt2rsfMc0_00256,43,0,105,FALSE
12870,OVzt2rsfMc0_00260,43,0,63,TRUE
12871,OVzt2rsfMc0_00261,43,0,132,TRUE
12872,OVzt2rsfMc0_00262,43,0,73,FALSE
12873,OVzt2rsfMc0_00263,43,0,81,FALSE
12874,OVzt2rsfMc0_00264,43,0,113,TRUE
12875,OVzt2rsfMc0_00272,43,0,83,FALSE
12876,OVzt2rsfMc0_00273,43,0,150,TRUE
12877,OVzt2rsfMc0_00275,43,0,63,TRUE
12878,OVzt2rsfMc0_00276,43,0,119,TRUE
12879,OVzt2rsfMc0_00277,43,0,100,FALSE
12880,OVzt2rsfMc0_00278,43,0,79,TRUE
12881,OVzt2rsfMc0_00279,43,0,145,TRUE
12882,OVzt2rsfMc0_00280,43,0,82,TRUE
12883,OVzt2rsfMc0_00293,43,0,99,TRUE
12884,OVzt2rsfMc0_00294,43,0,130,TRUE
12885,OVzt2rsfMc0_00302,43,0,70,TRUE
12886,OVzt2rsfMc0_00303,43,0,169,TRUE
12887,OVzt2rsfMc0_00304,43,0,97,TRUE
12888,OVzt2rsfMc0_00305,43,0,148,TRUE
12889,OVzt2rsfMc0_00306,43,0,190,FALSE
12890,OVzt2rsfMc0_00307,43,0,101,FALSE
12891,OVzt2rsfMc0_00311,43,0,146,TRUE
12892,OVzt2rsfMc0_00312,43,0,146,TRUE
12893,OVzt2rsfMc0_00313,43,0,107,FALSE
12894,OVzt2rsfMc0_00314,43,0,64,TRUE
12895,OVzt2rsfMc0_00315,43,0,135,FALSE
12896,OVzt2rsfMc0_00319,43,0,172,TRUE
12897,OVzt2rsfMc0_00320,43,0,195,FALSE
12898,OVzt2rsfMc0_00321,43,0,240,FALSE
12899,OVzt2rsfMc0_00357,43,0,98,TRUE
12900,OVzt2rsfMc0_00358,43,0,178,TRUE
12901,OVzt2rsfMc0_00381,43,0,90,TRUE
12902,OVzt2rsfMc0_00382,43,0,136,TRUE
12903,OVzt2rsfMc0_00383,43,0,82,TRUE
12904,S9aCrmtAV8o_00117,43,0,267,FALSE
12905,S9aCrmtAV8o_00118,43,0,241,FALSE
12906,S9aCrmtAV8o_00121,43,0,193,FALSE
12907,S9aCrmtAV8o_00122,43,0,269,FALSE
12908,S9aCrmtAV8o_00151,43,0,116,FALSE
12909,S9aCrmtAV8o_00152,43,0,192,FALSE
12910,S9aCrmtAV8o_00153,43,0,282,FALSE
12911,S9aCrmtAV8o_00154,43,0,224,FALSE
12912,S9aCrmtAV8o_00155,43,0,268,FALSE
12913,S9aCrmtAV8o_00156,43,0,201,FALSE
12914,S9aCrmtAV8o_00161,43,0,154,TRUE
12915,S9aCrmtAV8o_00162,43,0,209,FALSE
12916,S9aCrmtAV8o_00169,43,0,110,TRUE
12917,S9aCrmtAV8o_00170,43,0,180,FALSE
12918,TeboS8s_00w_00027,43,0,172,TRUE
12919,TeboS8s_00w_00028,43,0,221,FALSE
12920,TeboS8s_00w_00041,43,0,237,FALSE
12921,TeboS8s_00w_00042,43,0,240,FALSE
12922,TeboS8s_00w_00045,43,0,118,TRUE
12923,TeboS8s_00w_00046,43,0,210,FALSE
12924,VNvb5oLOpLg_00474,43,0,234,FALSE
12925,VNvb5oLOpLg_00475,43,0,259,FALSE
12926,VNvb5oLOpLg_00561,43,0,258,FALSE
12927,VNvb5oLOpLg_00562,43,0,231,FALSE
12928,ZAmJsIcfFOA_00125,43,0,79,TRUE
12929,ZAmJsIcfFOA_00126,43,0,169,TRUE
12930,ZAmJsIcfFOA_00127,43,0,129,FALSE
12931,ZAmJsIcfFOA_00283,43,0,102,TRUE
12932,ZAmJsIcfFOA_00284,43,0,148,TRUE
12933,ZAmJsIcfFOA_00286,43,0,110,TRUE
12934,ZAmJsIcfFOA_00287,43,0,68,TRUE
12935,ZAmJsIcfFOA_00288,43,0,176,TRUE
12936,ZAmJsIcfFOA_00289,43,0,114,FALSE
12937,_8Vy3dlHg2w_00098,43,0,100,TRUE
12938,_8Vy3dlHg2w_00099,43,0,66,FALSE
12939,_8Vy3dlHg2w_00100,43,0,110,FALSE
12940,_8Vy3dlHg2w_00101,43,0,137,TRUE
12941,_8Vy3dlHg2w_00122,43,0,63,FALSE
12942,_8Vy3dlHg2w_00123,43,0,86,TRUE
12943,_8Vy3dlHg2w_00124,43,0,82,FALSE
12944,_8Vy3dlHg2w_00221,43,0,77,FALSE
12945,_lmT4WlK7G0_00063,43,0,95,TRUE
12946,_lmT4WlK7G0_00064,43,0,160,TRUE
12947,_lmT4WlK7G0_00065,43,0,99,TRUE
12948,_lmT4WlK7G0_00085,43,0,100,TRUE
12949,_lmT4WlK7G0_00086,43,0,138,TRUE
12950,_lmT4WlK7G0_00087,43,0,87,FALSE
12951,_lmT4WlK7G0_00095,43,0,71,TRUE
12952,_lmT4WlK7G0_00096,43,0,154,TRUE
12953,_lmT4WlK7G0_00097,43,0,88,FALSE
12954,_lmT4WlK7G0_00098,43,0,93,TRUE
12955,_lmT4WlK7G0_00099,43,0,191,FALSE
12956,_lmT4WlK7G0_00100,43,0,107,TRUE
12957,_lmT4WlK7G0_00101,43,0,76,FALSE
12958,_lmT4WlK7G0_00102,43,0,160,TRUE
12959,_lmT4WlK7G0_00103,43,0,98,FALSE
12960,_tigfCJFLZg_00151,43,0,116,TRUE
12961,_tigfCJFLZg_00152,43,0,152,TRUE
12962,_tigfCJFLZg_00153,43,0,153,TRUE
12963,_tigfCJFLZg_00205,43,0,99,TRUE
12964,_tigfCJFLZg_00206,43,0,207,FALSE
12965,_tigfCJFLZg_00230,43,0,46,FALSE
12966,_tigfCJFLZg_00231,43,0,133,TRUE
12967,_tigfCJFLZg_00232,43,0,217,FALSE
12968,_tigfCJFLZg_00340,43,0,66,TRUE
12969,_tigfCJFLZg_00341,43,0,129,FALSE
12970,_tigfCJFLZg_00342,43,0,78,FALSE
12971,_tigfCJFLZg_00465,43,0,84,TRUE
12972,_tigfCJFLZg_00466,43,0,186,FALSE
12973,_tigfCJFLZg_00467,43,0,92,TRUE
12974,aektxm8cLdo_00038,43,0,110,TRUE
12975,aektxm8cLdo_00039,43,0,144,TRUE
12976,aektxm8cLdo_00040,43,0,115,FALSE
12977,aektxm8cLdo_00047,43,0,158,TRUE
12978,aektxm8cLdo_00048,43,0,232,FALSE
12979,aektxm8cLdo_00050,43,0,181,FALSE
12980,cYkUl8MrXgA_00288,43,0,80,TRUE
12981,cYkUl8MrXgA_00289,43,0,163,TRUE
12982,db7DmpqzGmc_00089,43,0,102,FALSE
12983,db7DmpqzGmc_00090,43,0,158,TRUE
12984,db7DmpqzGmc_00091,43,0,138,FALSE
12985,db7DmpqzGmc_00092,43,0,59,TRUE
12986,db7DmpqzGmc_00093,43,0,116,TRUE
12987,db7DmpqzGmc_00094,43,0,172,TRUE
12988,db7DmpqzGmc_00098,43,0,59,TRUE
12989,db7DmpqzGmc_00099,43,0,99,TRUE
12990,db7DmpqzGmc_00100,43,0,163,TRUE
12991,db7DmpqzGmc_00111,43,0,68,FALSE
12992,db7DmpqzGmc_00112,43,0,124,TRUE
12993,db7DmpqzGmc_00113,43,0,87,TRUE
12994,db7DmpqzGmc_00114,43,0,134,TRUE
12995,db7DmpqzGmc_00115,43,0,96,FALSE
12996,db7DmpqzGmc_00116,43,0,146,TRUE
12997,db7DmpqzGmc_00117,43,0,96,FALSE
12998,db7DmpqzGmc_00129,43,0,93,TRUE
12999,db7DmpqzGmc_00139,43,0,87,TRUE
13000,db7DmpqzGmc_00182,43,0,142,TRUE
13001,db7DmpqzGmc_00197,43,0,135,FALSE
13002,db7DmpqzGmc_00198,43,0,118,TRUE
13003,db7DmpqzGmc_00204,43,0,66,FALSE
13004,ddV_Cpszpls_00107,43,0,80,FALSE
13005,ddV_Cpszpls_00109,43,0,159,TRUE
13006,egsanPCCIzQ_00028,43,0,258,FALSE
13007,egsanPCCIzQ_00029,43,0,207,FALSE
13008,egsanPCCIzQ_00030,43,0,161,TRUE
13009,egsanPCCIzQ_00081,43,0,252,FALSE
13010,egsanPCCIzQ_00082,43,0,180,FALSE
13011,egsanPCCIzQ_00083,43,0,119,TRUE
13012,egsanPCCIzQ_00110,43,0,79,TRUE
13013,egsanPCCIzQ_00111,43,0,193,FALSE
13014,egsanPCCIzQ_00112,43,0,133,TRUE
13015,egsanPCCIzQ_00130,43,0,89,TRUE
13016,egsanPCCIzQ_00131,43,0,196,FALSE
13017,iv0Gu1VXAgc_00066,43,0,146,TRUE
13018,iv0Gu1VXAgc_00067,43,0,111,TRUE
13019,iv0Gu1VXAgc_00068,43,0,182,FALSE
13020,iv0Gu1VXAgc_00076,43,0,49,TRUE
13021,iv0Gu1VXAgc_00100,43,0,65,TRUE
13022,iv0Gu1VXAgc_00101,43,0,87,FALSE
13023,iv0Gu1VXAgc_00102,43,0,168,TRUE
13024,iv0Gu1VXAgc_00103,43,0,105,TRUE
13025,iv0Gu1VXAgc_00104,43,0,113,FALSE
13026,iv0Gu1VXAgc_00105,43,0,176,FALSE
13027,iv0Gu1VXAgc_00121,43,0,87,FALSE
13028,iv0Gu1VXAgc_00122,43,0,81,FALSE
13029,iv0Gu1VXAgc_00123,43,0,158,TRUE
13030,iv0Gu1VXAgc_00175,43,0,202,FALSE
13031,iv0Gu1VXAgc_00206,43,0,285,FALSE
13032,iv0Gu1VXAgc_00207,43,0,153,TRUE
13033,iv0Gu1VXAgc_00245,43,0,86,TRUE
13034,iv0Gu1VXAgc_00246,43,0,91,FALSE
13035,iv0Gu1VXAgc_00247,43,0,173,TRUE
13036,iv0Gu1VXAgc_00248,43,0,94,TRUE
13037,iv0Gu1VXAgc_00249,43,0,77,FALSE
13038,iv0Gu1VXAgc_00250,43,0,125,FALSE
13039,k1F4LHeYhBs_00228,43,0,317,FALSE
13040,k1F4LHeYhBs_00229,43,0,264,FALSE
13041,k1F4LHeYhBs_00230,43,0,258,FALSE
13042,mGbuP7nT2ck_00052,43,0,142,TRUE
13043,mGbuP7nT2ck_00053,43,0,122,TRUE
13044,mGbuP7nT2ck_00056,43,0,96,TRUE
13045,mGbuP7nT2ck_00057,43,0,132,TRUE
13046,mGbuP7nT2ck_00060,43,0,117,TRUE
13047,mGbuP7nT2ck_00061,43,0,151,TRUE
13048,mGbuP7nT2ck_00062,43,0,129,FALSE
13049,mGbuP7nT2ck_00063,43,0,150,TRUE
13050,mGbuP7nT2ck_00092,43,0,285,FALSE
13051,mGbuP7nT2ck_00093,43,0,123,FALSE
13052,nOlRwoxsDJ0_00376,43,0,320,FALSE
13053,nOlRwoxsDJ0_00377,43,0,247,FALSE
13054,nOlRwoxsDJ0_00384,43,0,319,FALSE
13055,nOlRwoxsDJ0_00385,43,0,205,FALSE
13056,nOlRwoxsDJ0_00386,43,0,195,FALSE
13057,nOlRwoxsDJ0_00387,43,0,219,FALSE
13058,nOlRwoxsDJ0_00394,43,0,178,TRUE
13059,nOlRwoxsDJ0_00395,43,0,202,FALSE
13060,sk8TafuB3lU_00541,43,0,194,FALSE
13061,sk8TafuB3lU_00565,43,0,114,TRUE
13062,sk8TafuB3lU_00566,43,0,215,FALSE
13063,sk8TafuB3lU_01131,43,0,330,FALSE
13064,sk8TafuB3lU_01132,43,0,300,FALSE
13065,sk8TafuB3lU_01133,43,0,285,FALSE
13066,xbQCwTHcGN8_00055,43,0,132,TRUE
13067,xbQCwTHcGN8_00056,43,0,164,TRUE
13068,xbQCwTHcGN8_00057,43,0,98,FALSE
13069,xbQCwTHcGN8_00133,43,0,68,TRUE
13070,xbQCwTHcGN8_00134,43,0,140,FALSE
13071,xbQCwTHcGN8_00135,43,0,99,FALSE
13072,xbQCwTHcGN8_00136,43,0,82,TRUE
13073,xbQCwTHcGN8_00137,43,0,177,TRUE
13074,xbQCwTHcGN8_00138,43,0,130,FALSE
13075,zYHstCxnAPA_00683,43,0,141,TRUE
13076,zYHstCxnAPA_00684,43,0,233,FALSE
13077,zYHstCxnAPA_00703,43,0,184,FALSE
13078,zYHstCxnAPA_00704,43,0,230,FALSE
13079,zYHstCxnAPA_00721,43,0,228,FALSE
13080,zYHstCxnAPA_00722,43,0,237,FALSE
13081,zYHstCxnAPA_00729,43,0,183,FALSE
13082,zYHstCxnAPA_00730,43,0,294,FALSE
13083,zYHstCxnAPA_00735,43,0,187,FALSE
13084,zYHstCxnAPA_00736,43,0,242,FALSE
13085,zYHstCxnAPA_00761,43,0,103,FALSE
13086,zYHstCxnAPA_00762,43,0,348,FALSE
13087,zYHstCxnAPA_00781,43,0,152,TRUE
13088,zYHstCxnAPA_00807,43,0,124,TRUE
13089,zYHstCxnAPA_00808,43,0,238,FALSE
13090,2x00lRzlTVQ_00107,44,0,90,FALSE
13091,3N1kUtqJ25A_00042,44,0,120,TRUE
13092,3N1kUtqJ25A_00043,44,0,227,FALSE
13093,3N1kUtqJ25A_00044,44,0,224,FALSE
13094,3N1kUtqJ25A_00072,44,0,162,TRUE
13095,3N1kUtqJ25A_00073,44,0,221,FALSE
13096,3N1kUtqJ25A_00074,44,0,186,FALSE
13097,3N1kUtqJ25A_00081,44,0,210,FALSE
13098,3N1kUtqJ25A_00082,44,0,225,FALSE
13099,3N1kUtqJ25A_00083,44,0,233,FALSE
13100,3N1kUtqJ25A_00103,44,0,320,FALSE
13101,3N1kUtqJ25A_00104,44,0,259,FALSE
13102,3N1kUtqJ25A_00105,44,0,213,FALSE
13103,3N1kUtqJ25A_00124,44,0,115,TRUE
13104,3N1kUtqJ25A_00125,44,0,201,FALSE
13105,3N1kUtqJ25A_00126,44,0,214,FALSE
13106,3N1kUtqJ25A_00127,44,0,255,FALSE
13107,3N1kUtqJ25A_00128,44,0,220,FALSE
13108,3N1kUtqJ25A_00129,44,0,220,FALSE
13109,3N1kUtqJ25A_00166,44,0,488,FALSE
13110,3N1kUtqJ25A_00167,44,0,283,FALSE
13111,3N1kUtqJ25A_00168,44,0,295,FALSE
13112,3N1kUtqJ25A_00175,44,0,200,FALSE
13113,3N1kUtqJ25A_00176,44,0,278,FALSE
13114,3N1kUtqJ25A_00177,44,0,267,FALSE
13115,3qq031609lA_00023,44,0,62,FALSE
13116,5hXbclLNSNA_00019,44,0,74,TRUE
13117,5hXbclLNSNA_00020,44,0,168,TRUE
13118,5hXbclLNSNA_00024,44,0,131,TRUE
13119,5hXbclLNSNA_00025,44,0,191,FALSE
13120,5hXbclLNSNA_00036,44,0,49,TRUE
13121,5hXbclLNSNA_00038,44,0,117,TRUE
13122,5hXbclLNSNA_00049,44,0,98,FALSE
13123,5hXbclLNSNA_00050,44,0,129,TRUE
13124,5i1begTTucc_00029,44,0,123,TRUE
13125,5i1begTTucc_00030,44,0,157,TRUE
13126,5i1begTTucc_00065,44,0,87,TRUE
13127,5i1begTTucc_00066,44,0,130,TRUE
13128,9BC6ssCjyfg_00128,44,0,161,TRUE
13129,9BC6ssCjyfg_00153,44,0,117,TRUE
13130,9jZYYtzYqwE_00077,44,0,127,TRUE
13131,9jZYYtzYqwE_00078,44,0,175,TRUE
13132,D6zILEKIJbk_00042,44,0,120,TRUE
13133,D6zILEKIJbk_00043,44,0,212,FALSE
13134,D6zILEKIJbk_00044,44,0,111,FALSE
13135,D6zILEKIJbk_00233,44,0,94,TRUE
13136,D6zILEKIJbk_00234,44,0,209,FALSE
13137,DB4lpBDPnTY_00002,44,0,133,TRUE
13138,DB4lpBDPnTY_00032,44,0,75,TRUE
13139,DB4lpBDPnTY_00034,44,0,172,TRUE
13140,DB4lpBDPnTY_00035,44,0,74,FALSE
13141,DB4lpBDPnTY_00037,44,0,220,FALSE
13142,DB4lpBDPnTY_00041,44,0,168,TRUE
13143,DB4lpBDPnTY_00042,44,0,99,TRUE
13144,JzOshOJgofw_00182,44,0,105,TRUE
13145,JzOshOJgofw_00183,44,0,128,TRUE
13146,JzOshOJgofw_00206,44,0,94,TRUE
13147,JzOshOJgofw_00207,44,0,124,TRUE
13148,JzOshOJgofw_00210,44,0,51,TRUE
13149,JzOshOJgofw_00211,44,0,80,TRUE
13150,JzOshOJgofw_00214,44,0,151,TRUE
13151,JzOshOJgofw_00215,44,0,188,FALSE
13152,JzOshOJgofw_00222,44,0,113,TRUE
13153,JzOshOJgofw_00223,44,0,180,FALSE
13154,JzOshOJgofw_00224,44,0,111,TRUE
13155,JzOshOJgofw_00225,44,0,150,TRUE
13156,JzOshOJgofw_00234,44,0,114,TRUE
13157,JzOshOJgofw_00235,44,0,150,TRUE
13158,JzOshOJgofw_00240,44,0,112,TRUE
13159,JzOshOJgofw_00241,44,0,155,TRUE
13160,JzOshOJgofw_00262,44,0,96,TRUE
13161,JzOshOJgofw_00263,44,0,163,TRUE
13162,JzOshOJgofw_00266,44,0,190,FALSE
13163,JzOshOJgofw_00267,44,0,143,TRUE
13164,JzOshOJgofw_00272,44,0,68,TRUE
13165,JzOshOJgofw_00273,44,0,88,TRUE
13166,JzOshOJgofw_00288,44,0,103,TRUE
13167,JzOshOJgofw_00289,44,0,126,FALSE
13168,JzOshOJgofw_00296,44,0,85,FALSE
13169,JzOshOJgofw_00297,44,0,174,TRUE
13170,LNMISxO35S0_00034,44,0,124,TRUE
13171,LNMISxO35S0_00035,44,0,120,FALSE
13172,LNMISxO35S0_00036,44,0,188,FALSE
13173,LNMISxO35S0_00249,44,0,190,FALSE
13174,LNMISxO35S0_00261,44,0,59,TRUE
13175,LNMISxO35S0_00262,44,0,105,FALSE
13176,LNMISxO35S0_00263,44,0,162,TRUE
13177,OFxuiqI5G44_00010,44,0,360,FALSE
13178,OFxuiqI5G44_00011,44,0,280,FALSE
13179,OFxuiqI5G44_00012,44,0,107,TRUE
13180,OFxuiqI5G44_00013,44,0,176,TRUE
13181,OFxuiqI5G44_00014,44,0,201,FALSE
13182,OFxuiqI5G44_00015,44,0,220,FALSE
13183,OFxuiqI5G44_00016,44,0,183,FALSE
13184,OFxuiqI5G44_00017,44,0,201,FALSE
13185,OFxuiqI5G44_00020,44,0,155,FALSE
13186,OFxuiqI5G44_00021,44,0,225,FALSE
13187,OFxuiqI5G44_00022,44,0,340,FALSE
13188,OFxuiqI5G44_00023,44,0,255,FALSE
13189,OFxuiqI5G44_00028,44,0,193,FALSE
13190,OFxuiqI5G44_00029,44,0,232,FALSE
13191,OFxuiqI5G44_00030,44,0,434,FALSE
13192,OFxuiqI5G44_00031,44,0,247,FALSE
13193,OFxuiqI5G44_00032,44,0,106,FALSE
13194,OFxuiqI5G44_00033,44,0,206,FALSE
13195,OFxuiqI5G44_00041,44,0,241,FALSE
13196,OFxuiqI5G44_00042,44,0,259,FALSE
13197,OFxuiqI5G44_00059,44,0,242,FALSE
13198,OFxuiqI5G44_00060,44,0,266,FALSE
13199,OFxuiqI5G44_00061,44,0,299,FALSE
13200,OFxuiqI5G44_00114,44,0,140,FALSE
13201,OFxuiqI5G44_00115,44,0,251,FALSE
13202,OFxuiqI5G44_00116,44,0,264,FALSE
13203,OFxuiqI5G44_00132,44,0,136,FALSE
13204,OFxuiqI5G44_00133,44,0,233,FALSE
13205,OFxuiqI5G44_00134,44,0,225,FALSE
13206,OFxuiqI5G44_00147,44,0,405,FALSE
13207,OFxuiqI5G44_00148,44,0,251,FALSE
13208,OFxuiqI5G44_00149,44,0,262,FALSE
13209,OFxuiqI5G44_00162,44,0,341,FALSE
13210,OFxuiqI5G44_00163,44,0,260,FALSE
13211,OFxuiqI5G44_00164,44,0,270,FALSE
13212,OFxuiqI5G44_00324,44,0,111,TRUE
13213,OFxuiqI5G44_00325,44,0,207,FALSE
13214,OFxuiqI5G44_00326,44,0,209,FALSE
13215,OFxuiqI5G44_00339,44,0,257,FALSE
13216,OFxuiqI5G44_00340,44,0,236,FALSE
13217,OFxuiqI5G44_00341,44,0,224,FALSE
13218,OFxuiqI5G44_00363,44,0,130,FALSE
13219,OFxuiqI5G44_00364,44,0,225,FALSE
13220,OFxuiqI5G44_00365,44,0,229,FALSE
13221,OFxuiqI5G44_00390,44,0,217,FALSE
13222,OFxuiqI5G44_00391,44,0,282,FALSE
13223,OFxuiqI5G44_00392,44,0,242,FALSE
13224,OVzt2rsfMc0_00227,44,0,111,FALSE
13225,OVzt2rsfMc0_00228,44,0,139,TRUE
13226,OVzt2rsfMc0_00242,44,0,40,FALSE
13227,OVzt2rsfMc0_00243,44,0,124,TRUE
13228,OVzt2rsfMc0_00244,44,0,119,TRUE
13229,OVzt2rsfMc0_00257,44,0,99,TRUE
13230,OVzt2rsfMc0_00258,44,0,160,TRUE
13231,OVzt2rsfMc0_00328,44,0,98,TRUE
13232,OVzt2rsfMc0_00329,44,0,170,TRUE
13233,OVzt2rsfMc0_00330,44,0,108,TRUE
13234,OVzt2rsfMc0_00341,44,0,173,TRUE
13235,OVzt2rsfMc0_00342,44,0,151,TRUE
13236,OVzt2rsfMc0_00343,44,0,121,FALSE
13237,RWNrARSbRCY_00071,44,0,84,TRUE
13238,RWNrARSbRCY_00072,44,0,136,TRUE
13239,RWNrARSbRCY_00073,44,0,205,FALSE
13240,RWNrARSbRCY_00100,44,0,119,FALSE
13241,S9aCrmtAV8o_00027,44,0,160,FALSE
13242,S9aCrmtAV8o_00028,44,0,237,FALSE
13243,S9aCrmtAV8o_00049,44,0,220,FALSE
13244,S9aCrmtAV8o_00050,44,0,246,FALSE
13245,S9aCrmtAV8o_00061,44,0,298,FALSE
13246,S9aCrmtAV8o_00062,44,0,303,FALSE
13247,S9aCrmtAV8o_00063,44,0,159,FALSE
13248,S9aCrmtAV8o_00064,44,0,218,FALSE
13249,S9aCrmtAV8o_00069,44,0,214,FALSE
13250,S9aCrmtAV8o_00070,44,0,207,FALSE
13251,S9aCrmtAV8o_00072,44,0,206,FALSE
13252,S9aCrmtAV8o_00075,44,0,317,FALSE
13253,S9aCrmtAV8o_00076,44,0,349,FALSE
13254,S9aCrmtAV8o_00141,44,0,122,FALSE
13255,S9aCrmtAV8o_00142,44,0,215,FALSE
13256,S9aCrmtAV8o_00159,44,0,287,FALSE
13257,S9aCrmtAV8o_00160,44,0,325,FALSE
13258,S9aCrmtAV8o_00163,44,0,321,FALSE
13259,S9aCrmtAV8o_00164,44,0,265,FALSE
13260,S9aCrmtAV8o_00174,44,0,407,FALSE
13261,S9aCrmtAV8o_00175,44,0,268,FALSE
13262,TeboS8s_00w_00029,44,0,194,FALSE
13263,TeboS8s_00w_00030,44,0,210,FALSE
13264,TeboS8s_00w_00037,44,0,101,TRUE
13265,TeboS8s_00w_00038,44,0,206,FALSE
13266,TeboS8s_00w_00043,44,0,217,FALSE
13267,TeboS8s_00w_00044,44,0,263,FALSE
13268,TeboS8s_00w_00047,44,0,115,FALSE
13269,TeboS8s_00w_00048,44,0,219,FALSE
13270,TeboS8s_00w_00049,44,0,132,FALSE
13271,TeboS8s_00w_00050,44,0,242,FALSE
13272,TeboS8s_00w_00057,44,0,114,TRUE
13273,TeboS8s_00w_00058,44,0,194,FALSE
13274,TeboS8s_00w_00118,44,0,320,FALSE
13275,TeboS8s_00w_00119,44,0,304,FALSE
13276,V5parOfpuEQ_00131,44,0,386,FALSE
13277,VNvb5oLOpLg_00388,44,0,352,FALSE
13278,VNvb5oLOpLg_00389,44,0,267,FALSE
13279,VNvb5oLOpLg_00392,44,0,215,FALSE
13280,VNvb5oLOpLg_00393,44,0,225,FALSE
13281,VNvb5oLOpLg_00394,44,0,140,TRUE
13282,VNvb5oLOpLg_00395,44,0,262,FALSE
13283,VNvb5oLOpLg_00412,44,0,163,TRUE
13284,VNvb5oLOpLg_00413,44,0,177,FALSE
13285,VNvb5oLOpLg_00442,44,0,431,FALSE
13286,VNvb5oLOpLg_00443,44,0,344,FALSE
13287,VNvb5oLOpLg_00462,44,0,220,FALSE
13288,VNvb5oLOpLg_00470,44,0,171,TRUE
13289,VNvb5oLOpLg_00471,44,0,258,FALSE
13290,VNvb5oLOpLg_00472,44,0,201,FALSE
13291,VNvb5oLOpLg_00473,44,0,267,FALSE
13292,VNvb5oLOpLg_00494,44,0,133,TRUE
13293,VNvb5oLOpLg_00495,44,0,238,FALSE
13294,VNvb5oLOpLg_00504,44,0,189,FALSE
13295,VNvb5oLOpLg_00505,44,0,232,FALSE
13296,VNvb5oLOpLg_00527,44,0,263,FALSE
13297,VNvb5oLOpLg_00528,44,0,263,FALSE
13298,VNvb5oLOpLg_00541,44,0,165,FALSE
13299,VNvb5oLOpLg_00542,44,0,215,FALSE
13300,VNvb5oLOpLg_00543,44,0,115,TRUE
13301,VNvb5oLOpLg_00544,44,0,207,FALSE
13302,VNvb5oLOpLg_00549,44,0,153,TRUE
13303,VNvb5oLOpLg_00550,44,0,213,FALSE
13304,VNvb5oLOpLg_00551,44,0,173,TRUE
13305,VNvb5oLOpLg_00552,44,0,222,FALSE
13306,VNvb5oLOpLg_00553,44,0,107,FALSE
13307,VNvb5oLOpLg_00554,44,0,201,FALSE
13308,VNvb5oLOpLg_00559,44,0,210,FALSE
13309,VNvb5oLOpLg_00560,44,0,240,FALSE
13310,VNvb5oLOpLg_00897,44,0,143,FALSE
13311,VNvb5oLOpLg_00898,44,0,201,FALSE
13312,VNvb5oLOpLg_00899,44,0,220,FALSE
13313,VNvb5oLOpLg_00916,44,0,279,FALSE
13314,VNvb5oLOpLg_00917,44,0,238,FALSE
13315,VNvb5oLOpLg_00918,44,0,266,FALSE
13316,VNvb5oLOpLg_00961,44,0,119,FALSE
13317,VNvb5oLOpLg_00962,44,0,224,FALSE
13318,VNvb5oLOpLg_00963,44,0,236,FALSE
13319,VNvb5oLOpLg_00967,44,0,119,TRUE
13320,VNvb5oLOpLg_00968,44,0,230,FALSE
13321,VNvb5oLOpLg_00969,44,0,231,FALSE
13322,VNvb5oLOpLg_01003,44,0,140,FALSE
13323,VNvb5oLOpLg_01004,44,0,235,FALSE
13324,VNvb5oLOpLg_01005,44,0,245,FALSE
13325,VNvb5oLOpLg_01016,44,0,218,FALSE
13326,VNvb5oLOpLg_01017,44,0,224,FALSE
13327,VNvb5oLOpLg_01044,44,0,134,FALSE
13328,VNvb5oLOpLg_01045,44,0,266,FALSE
13329,VNvb5oLOpLg_01046,44,0,230,FALSE
13330,VNvb5oLOpLg_01065,44,0,258,FALSE
13331,VNvb5oLOpLg_01066,44,0,272,FALSE
13332,VNvb5oLOpLg_01103,44,0,229,FALSE
13333,VNvb5oLOpLg_01104,44,0,274,FALSE
13334,VNvb5oLOpLg_01105,44,0,263,FALSE
13335,Y7QZcr24ye0_00504,44,0,100,TRUE
13336,Y7QZcr24ye0_00505,44,0,199,FALSE
13337,Y7QZcr24ye0_00906,44,0,144,TRUE
13338,Y7QZcr24ye0_00907,44,0,262,FALSE
13339,Y7QZcr24ye0_00908,44,0,370,FALSE
13340,Y7QZcr24ye0_00923,44,0,126,FALSE
13341,Y7QZcr24ye0_00924,44,0,244,FALSE
13342,Y7QZcr24ye0_00925,44,0,249,FALSE
13343,Y7QZcr24ye0_00929,44,0,183,FALSE
13344,Y7QZcr24ye0_00930,44,0,295,FALSE
13345,Y7QZcr24ye0_00931,44,0,284,FALSE
13346,Y7QZcr24ye0_00993,44,0,287,FALSE
13347,ZAmJsIcfFOA_00272,44,0,199,FALSE
13348,ZAmJsIcfFOA_00273,44,0,130,TRUE
13349,ZAmJsIcfFOA_00277,44,0,95,FALSE
13350,ZAmJsIcfFOA_00308,44,0,88,TRUE
13351,ZAmJsIcfFOA_00309,44,0,172,TRUE
13352,ZAmJsIcfFOA_00310,44,0,150,TRUE
13353,_8Vy3dlHg2w_00051,44,0,75,FALSE
13354,_8Vy3dlHg2w_00053,44,0,112,TRUE
13355,_8Vy3dlHg2w_00063,44,0,67,FALSE
13356,_8Vy3dlHg2w_00064,44,0,57,FALSE
13357,_8Vy3dlHg2w_00110,44,0,79,FALSE
13358,_8Vy3dlHg2w_00112,44,0,97,FALSE
13359,_8Vy3dlHg2w_00121,44,0,107,FALSE
13360,_8Vy3dlHg2w_00130,44,0,110,TRUE
13361,_8Vy3dlHg2w_00131,44,0,113,FALSE
13362,_8Vy3dlHg2w_00132,44,0,89,TRUE
13363,_8Vy3dlHg2w_00139,44,0,51,TRUE
13364,_8Vy3dlHg2w_00140,44,0,58,FALSE
13365,_8Vy3dlHg2w_00152,44,0,86,FALSE
13366,_8Vy3dlHg2w_00153,44,0,97,TRUE
13367,_8Vy3dlHg2w_00154,44,0,126,TRUE
13368,_8Vy3dlHg2w_00190,44,0,63,TRUE
13369,_8Vy3dlHg2w_00191,44,0,90,FALSE
13370,_8Vy3dlHg2w_00192,44,0,123,TRUE
13371,aektxm8cLdo_00017,44,0,100,TRUE
13372,aektxm8cLdo_00018,44,0,156,TRUE
13373,aektxm8cLdo_00019,44,0,165,TRUE
13374,c7FHotPDZIw_00018,44,0,73,TRUE
13375,c7FHotPDZIw_00019,44,0,117,TRUE
13376,c7FHotPDZIw_00038,44,0,63,TRUE
13377,c7FHotPDZIw_00039,44,0,92,TRUE
13378,c7FHotPDZIw_00052,44,0,124,FALSE
13379,c7FHotPDZIw_00053,44,0,135,TRUE
13380,c7FHotPDZIw_00059,44,0,123,TRUE
13381,c7FHotPDZIw_00065,44,0,64,TRUE
13382,c7FHotPDZIw_00066,44,0,98,TRUE
13383,c7FHotPDZIw_00067,44,0,72,TRUE
13384,c7FHotPDZIw_00068,44,0,105,TRUE
13385,c7FHotPDZIw_00077,44,0,62,TRUE
13386,c7FHotPDZIw_00078,44,0,91,TRUE
13387,c7FHotPDZIw_00085,44,0,83,TRUE
13388,cYkUl8MrXgA_00094,44,0,91,FALSE
13389,cYkUl8MrXgA_00300,44,0,69,TRUE
13390,cYkUl8MrXgA_00301,44,0,200,FALSE
13391,cYkUl8MrXgA_00302,44,0,120,TRUE
13392,czXA41QTops_00051,44,0,97,FALSE
13393,czXA41QTops_00052,44,0,192,FALSE
13394,czXA41QTops_00053,44,0,117,TRUE
13395,eN8umEok9U8_00128,44,0,87,TRUE
13396,eN8umEok9U8_00129,44,0,128,TRUE
13397,eN8umEok9U8_00177,44,0,137,TRUE
13398,eN8umEok9U8_00178,44,0,133,TRUE
13399,eN8umEok9U8_00186,44,0,56,TRUE
13400,eN8umEok9U8_00187,44,0,52,FALSE
13401,egsanPCCIzQ_00008,44,0,225,FALSE
13402,egsanPCCIzQ_00009,44,0,240,FALSE
13403,egsanPCCIzQ_00053,44,0,237,FALSE
13404,egsanPCCIzQ_00054,44,0,210,FALSE
13405,egsanPCCIzQ_00055,44,0,145,FALSE
13406,egsanPCCIzQ_00078,44,0,115,TRUE
13407,egsanPCCIzQ_00079,44,0,218,FALSE
13408,egsanPCCIzQ_00080,44,0,170,TRUE
13409,egsanPCCIzQ_00092,44,0,124,FALSE
13410,egsanPCCIzQ_00096,44,0,152,FALSE
13411,egsanPCCIzQ_00097,44,0,116,FALSE
13412,egsanPCCIzQ_00101,44,0,112,TRUE
13413,egsanPCCIzQ_00102,44,0,239,FALSE
13414,egsanPCCIzQ_00104,44,0,114,TRUE
13415,egsanPCCIzQ_00105,44,0,214,FALSE
13416,egsanPCCIzQ_00141,44,0,229,FALSE
13417,egsanPCCIzQ_00142,44,0,242,FALSE
13418,egsanPCCIzQ_00165,44,0,85,TRUE
13419,egsanPCCIzQ_00190,44,0,96,TRUE
13420,egsanPCCIzQ_00191,44,0,215,FALSE
13421,egsanPCCIzQ_00192,44,0,157,FALSE
13422,fB1Pc3CylrQ_00017,44,0,142,FALSE
13423,iv0Gu1VXAgc_00090,44,0,86,FALSE
13424,iv0Gu1VXAgc_00091,44,0,92,FALSE
13425,iv0Gu1VXAgc_00092,44,0,168,FALSE
13426,iv0Gu1VXAgc_00097,44,0,73,FALSE
13427,iv0Gu1VXAgc_00098,44,0,79,FALSE
13428,iv0Gu1VXAgc_00099,44,0,146,FALSE
13429,iv0Gu1VXAgc_00215,44,0,95,FALSE
13430,iv0Gu1VXAgc_00242,44,0,76,TRUE
13431,iv0Gu1VXAgc_00243,44,0,91,FALSE
13432,iv0Gu1VXAgc_00244,44,0,148,FALSE
13433,k1F4LHeYhBs_00017,44,0,139,FALSE
13434,k1F4LHeYhBs_00018,44,0,294,FALSE
13435,k1F4LHeYhBs_00019,44,0,293,FALSE
13436,k1F4LHeYhBs_00050,44,0,151,FALSE
13437,k1F4LHeYhBs_00051,44,0,269,FALSE
13438,k1F4LHeYhBs_00052,44,0,275,FALSE
13439,k1F4LHeYhBs_00056,44,0,214,FALSE
13440,k1F4LHeYhBs_00057,44,0,295,FALSE
13441,k1F4LHeYhBs_00058,44,0,276,FALSE
13442,k1F4LHeYhBs_00071,44,0,132,FALSE
13443,k1F4LHeYhBs_00072,44,0,264,FALSE
13444,k1F4LHeYhBs_00073,44,0,255,FALSE
13445,mGbuP7nT2ck_00014,44,0,105,FALSE
13446,nOlRwoxsDJ0_00344,44,0,222,FALSE
13447,nOlRwoxsDJ0_00345,44,0,248,FALSE
13448,nOlRwoxsDJ0_00350,44,0,368,FALSE
13449,nOlRwoxsDJ0_00351,44,0,278,FALSE
13450,nOlRwoxsDJ0_00370,44,0,195,FALSE
13451,nOlRwoxsDJ0_00371,44,0,226,FALSE
13452,nOlRwoxsDJ0_00372,44,0,175,TRUE
13453,nOlRwoxsDJ0_00373,44,0,223,FALSE
13454,nOlRwoxsDJ0_00388,44,0,143,TRUE
13455,nOlRwoxsDJ0_00389,44,0,189,FALSE
13456,nOlRwoxsDJ0_00416,44,0,260,FALSE
13457,nOlRwoxsDJ0_00417,44,0,204,FALSE
13458,nOlRwoxsDJ0_00430,44,0,130,FALSE
13459,nOlRwoxsDJ0_00431,44,0,196,FALSE
13460,nOlRwoxsDJ0_00446,44,0,117,FALSE
13461,nOlRwoxsDJ0_00447,44,0,233,FALSE
13462,nOlRwoxsDJ0_00677,44,0,392,FALSE
13463,nOlRwoxsDJ0_00678,44,0,271,FALSE
13464,nOlRwoxsDJ0_00750,44,0,245,FALSE
13465,nOlRwoxsDJ0_00797,44,0,147,TRUE
13466,nOlRwoxsDJ0_00814,44,0,398,FALSE
13467,nOlRwoxsDJ0_00815,44,0,263,FALSE
13468,nOlRwoxsDJ0_00816,44,0,179,TRUE
13469,nOlRwoxsDJ0_00817,44,0,225,FALSE
13470,nOlRwoxsDJ0_00824,44,0,169,TRUE
13471,nOlRwoxsDJ0_00825,44,0,277,FALSE
13472,nOlRwoxsDJ0_00828,44,0,162,TRUE
13473,nOlRwoxsDJ0_00829,44,0,258,FALSE
13474,siEI_jaSmd4_00077,44,0,102,TRUE
13475,siEI_jaSmd4_00078,44,0,104,TRUE
13476,siEI_jaSmd4_00079,44,0,153,TRUE
13477,sk8TafuB3lU_00408,44,0,156,FALSE
13478,sk8TafuB3lU_00425,44,0,213,FALSE
13479,sk8TafuB3lU_00426,44,0,223,FALSE
13480,sk8TafuB3lU_00461,44,0,203,FALSE
13481,sk8TafuB3lU_00462,44,0,211,FALSE
13482,sk8TafuB3lU_00469,44,0,202,FALSE
13483,sk8TafuB3lU_00470,44,0,224,FALSE
13484,sk8TafuB3lU_00479,44,0,418,FALSE
13485,sk8TafuB3lU_00480,44,0,299,FALSE
13486,sk8TafuB3lU_00483,44,0,114,TRUE
13487,sk8TafuB3lU_00484,44,0,203,FALSE
13488,sk8TafuB3lU_00493,44,0,252,FALSE
13489,sk8TafuB3lU_00494,44,0,278,FALSE
13490,sk8TafuB3lU_00507,44,0,231,FALSE
13491,sk8TafuB3lU_00508,44,0,235,FALSE
13492,sk8TafuB3lU_00519,44,0,584,FALSE
13493,sk8TafuB3lU_00520,44,0,307,FALSE
13494,sk8TafuB3lU_00521,44,0,121,TRUE
13495,sk8TafuB3lU_00522,44,0,213,FALSE
13496,sk8TafuB3lU_00523,44,0,173,FALSE
13497,sk8TafuB3lU_00524,44,0,230,FALSE
13498,sk8TafuB3lU_00527,44,0,233,FALSE
13499,sk8TafuB3lU_00528,44,0,289,FALSE
13500,sk8TafuB3lU_00529,44,0,188,FALSE
13501,sk8TafuB3lU_00530,44,0,205,FALSE
13502,sk8TafuB3lU_00531,44,0,151,TRUE
13503,sk8TafuB3lU_00532,44,0,206,FALSE
13504,sk8TafuB3lU_00537,44,0,126,FALSE
13505,sk8TafuB3lU_00538,44,0,214,FALSE
13506,sk8TafuB3lU_00542,44,0,282,FALSE
13507,sk8TafuB3lU_00545,44,0,230,FALSE
13508,sk8TafuB3lU_00546,44,0,279,FALSE
13509,sk8TafuB3lU_00549,44,0,96,TRUE
13510,sk8TafuB3lU_00550,44,0,191,FALSE
13511,sk8TafuB3lU_00551,44,0,356,FALSE
13512,sk8TafuB3lU_00552,44,0,255,FALSE
13513,sk8TafuB3lU_00555,44,0,204,FALSE
13514,sk8TafuB3lU_00556,44,0,244,FALSE
13515,sk8TafuB3lU_00559,44,0,153,FALSE
13516,sk8TafuB3lU_00560,44,0,241,FALSE
13517,sk8TafuB3lU_00569,44,0,254,FALSE
13518,sk8TafuB3lU_00570,44,0,271,FALSE
13519,sk8TafuB3lU_00571,44,0,165,FALSE
13520,sk8TafuB3lU_00572,44,0,223,FALSE
13521,sk8TafuB3lU_00577,44,0,341,FALSE
13522,sk8TafuB3lU_00578,44,0,245,FALSE
13523,sk8TafuB3lU_00579,44,0,155,TRUE
13524,sk8TafuB3lU_00580,44,0,260,FALSE
13525,sk8TafuB3lU_00581,44,0,287,FALSE
13526,sk8TafuB3lU_00582,44,0,252,FALSE
13527,sk8TafuB3lU_00583,44,0,209,FALSE
13528,sk8TafuB3lU_00584,44,0,272,FALSE
13529,sk8TafuB3lU_00606,44,0,105,TRUE
13530,sk8TafuB3lU_00607,44,0,188,FALSE
13531,sk8TafuB3lU_00628,44,0,133,TRUE
13532,sk8TafuB3lU_00629,44,0,234,FALSE
13533,sk8TafuB3lU_00956,44,0,313,FALSE
13534,sk8TafuB3lU_00957,44,0,194,FALSE
13535,sk8TafuB3lU_00958,44,0,202,FALSE
13536,sk8TafuB3lU_00968,44,0,209,FALSE
13537,sk8TafuB3lU_00969,44,0,246,FALSE
13538,sk8TafuB3lU_00970,44,0,274,FALSE
13539,sk8TafuB3lU_00974,44,0,150,TRUE
13540,sk8TafuB3lU_00975,44,0,238,FALSE
13541,sk8TafuB3lU_00976,44,0,273,FALSE
13542,sk8TafuB3lU_01014,44,0,201,FALSE
13543,sk8TafuB3lU_01027,44,0,150,TRUE
13544,sk8TafuB3lU_01028,44,0,235,FALSE
13545,sk8TafuB3lU_01078,44,0,118,FALSE
13546,sk8TafuB3lU_01080,44,0,223,FALSE
13547,sk8TafuB3lU_01081,44,0,124,FALSE
13548,sk8TafuB3lU_01082,44,0,221,FALSE
13549,sk8TafuB3lU_01083,44,0,218,FALSE
13550,sk8TafuB3lU_01141,44,0,205,FALSE
13551,sk8TafuB3lU_01142,44,0,272,FALSE
13552,sk8TafuB3lU_01152,44,0,162,FALSE
13553,sk8TafuB3lU_01153,44,0,265,FALSE
13554,sk8TafuB3lU_01154,44,0,260,FALSE
13555,uDESPUxbjnI_00077,44,0,116,TRUE
13556,uDESPUxbjnI_00078,44,0,85,FALSE
13557,uDESPUxbjnI_00079,44,0,150,TRUE
13558,uDESPUxbjnI_00084,44,0,77,TRUE
13559,uDESPUxbjnI_00177,44,0,75,TRUE
13560,uDESPUxbjnI_00178,44,0,99,FALSE
13561,uDESPUxbjnI_00179,44,0,133,FALSE
13562,uDESPUxbjnI_00183,44,0,208,FALSE
13563,uDESPUxbjnI_00184,44,0,167,FALSE
13564,uDESPUxbjnI_00185,44,0,180,FALSE
13565,vlfy4cny75s_00162,44,0,272,FALSE
13566,zYHstCxnAPA_00242,44,0,191,FALSE
13567,zYHstCxnAPA_00243,44,0,249,FALSE
13568,zYHstCxnAPA_00245,44,0,195,FALSE
13569,zYHstCxnAPA_00290,44,0,96,FALSE
13570,zYHstCxnAPA_00291,44,0,178,FALSE
13571,zYHstCxnAPA_00292,44,0,178,FALSE
13572,zYHstCxnAPA_00293,44,0,237,FALSE
13573,zYHstCxnAPA_00298,44,0,243,FALSE
13574,zYHstCxnAPA_00299,44,0,241,FALSE
13575,zYHstCxnAPA_00300,44,0,320,FALSE
13576,zYHstCxnAPA_00301,44,0,257,FALSE
13577,zYHstCxnAPA_00324,44,0,260,FALSE
13578,zYHstCxnAPA_00325,44,0,286,FALSE
13579,zYHstCxnAPA_00358,44,0,108,TRUE
13580,zYHstCxnAPA_00381,44,0,185,FALSE
13581,zYHstCxnAPA_00382,44,0,261,FALSE
13582,zYHstCxnAPA_00385,44,0,137,TRUE
13583,zYHstCxnAPA_00386,44,0,248,FALSE
13584,zYHstCxnAPA_00659,44,0,200,FALSE
13585,zYHstCxnAPA_00660,44,0,204,FALSE
13586,zYHstCxnAPA_00686,44,0,226,FALSE
13587,zYHstCxnAPA_00689,44,0,328,FALSE
13588,zYHstCxnAPA_00690,44,0,316,FALSE
13589,zYHstCxnAPA_00731,44,0,153,FALSE
13590,zYHstCxnAPA_00732,44,0,228,FALSE
13591,zYHstCxnAPA_00737,44,0,142,TRUE
13592,zYHstCxnAPA_00738,44,0,248,FALSE
13593,zYHstCxnAPA_00740,44,0,205,FALSE
13594,zYHstCxnAPA_00759,44,0,219,FALSE
13595,zYHstCxnAPA_00760,44,0,284,FALSE
13596,zYHstCxnAPA_00767,44,0,110,FALSE
13597,zYHstCxnAPA_00768,44,0,201,FALSE
13598,zYHstCxnAPA_00774,44,0,277,FALSE
13599,zYHstCxnAPA_00775,44,0,199,FALSE
13600,zYHstCxnAPA_00776,44,0,267,FALSE
13601,zYHstCxnAPA_00777,44,0,128,TRUE
13602,zYHstCxnAPA_00778,44,0,227,FALSE
13603,zYHstCxnAPA_00779,44,0,219,FALSE
13604,zYHstCxnAPA_00780,44,0,340,FALSE
13605,zYHstCxnAPA_00805,44,0,196,FALSE
13606,zYHstCxnAPA_00806,44,0,265,FALSE
13607,zbAC7t15q3k_00100,44,0,62,FALSE
13608,2x00lRzlTVQ_00092,45,0,91,FALSE
13609,2x00lRzlTVQ_00093,45,0,182,FALSE
13610,2x00lRzlTVQ_00094,45,0,92,FALSE
13611,2x00lRzlTVQ_00098,45,0,47,FALSE
13612,2x00lRzlTVQ_00099,45,0,149,TRUE
13613,2x00lRzlTVQ_00100,45,0,107,FALSE
13614,2x00lRzlTVQ_00101,45,0,91,TRUE
13615,2x00lRzlTVQ_00102,45,0,159,TRUE
13616,2x00lRzlTVQ_00103,45,0,68,FALSE
13617,2x00lRzlTVQ_00108,45,0,162,TRUE
13618,3PLiUG_DuC8_00067,45,0,73,TRUE
13619,3PLiUG_DuC8_00068,45,0,211,FALSE
13620,3PLiUG_DuC8_00084,45,0,128,TRUE
13621,3PLiUG_DuC8_00085,45,0,192,FALSE
13622,3PLiUG_DuC8_00086,45,0,108,TRUE
13623,3PLiUG_DuC8_00100,45,0,64,TRUE
13624,3PLiUG_DuC8_00101,45,0,161,TRUE
13625,3PLiUG_DuC8_00108,45,0,85,TRUE
13626,3PLiUG_DuC8_00109,45,0,75,TRUE
13627,3PLiUG_DuC8_00110,45,0,208,FALSE
13628,3PLiUG_DuC8_00112,45,0,130,TRUE
13629,3PLiUG_DuC8_00113,45,0,271,FALSE
13630,3PLiUG_DuC8_00114,45,0,137,FALSE
13631,3PLiUG_DuC8_00174,45,0,111,TRUE
13632,3PLiUG_DuC8_00175,45,0,179,TRUE
13633,3PLiUG_DuC8_00224,45,0,110,FALSE
13634,3PLiUG_DuC8_00225,45,0,232,FALSE
13635,3PLiUG_DuC8_00226,45,0,118,FALSE
13636,3PLiUG_DuC8_00239,45,0,107,TRUE
13637,3PLiUG_DuC8_00240,45,0,182,FALSE
13638,3PLiUG_DuC8_00241,45,0,107,FALSE
13639,3PLiUG_DuC8_00349,45,0,85,FALSE
13640,3PLiUG_DuC8_00350,45,0,181,FALSE
13641,3PLiUG_DuC8_00351,45,0,118,FALSE
13642,3PLiUG_DuC8_00358,45,0,138,TRUE
13643,3PLiUG_DuC8_00359,45,0,246,FALSE
13644,3PLiUG_DuC8_00361,45,0,137,TRUE
13645,3PLiUG_DuC8_00362,45,0,255,FALSE
13646,3PLiUG_DuC8_00363,45,0,127,FALSE
13647,5V-dKBtmKLI_00040,45,0,54,TRUE
13648,5V-dKBtmKLI_00041,45,0,89,FALSE
13649,5V-dKBtmKLI_00060,45,0,52,FALSE
13650,5V-dKBtmKLI_00061,45,0,135,TRUE
13651,5V-dKBtmKLI_00062,45,0,84,TRUE
13652,5V-dKBtmKLI_00063,45,0,146,TRUE
13653,5V-dKBtmKLI_00064,45,0,42,FALSE
13654,5V-dKBtmKLI_00065,45,0,130,TRUE
13655,5V-dKBtmKLI_00080,45,0,189,FALSE
13656,5V-dKBtmKLI_00081,45,0,184,FALSE
13657,5V-dKBtmKLI_00097,45,0,98,FALSE
13658,9BC6ssCjyfg_00105,45,0,57,TRUE
13659,9BC6ssCjyfg_00106,45,0,149,TRUE
13660,9BC6ssCjyfg_00107,45,0,151,TRUE
13661,9BC6ssCjyfg_00120,45,0,93,TRUE
13662,9BC6ssCjyfg_00121,45,0,181,FALSE
13663,9BC6ssCjyfg_00122,45,0,96,TRUE
13664,9BC6ssCjyfg_00126,45,0,115,TRUE
13665,9BC6ssCjyfg_00127,45,0,165,FALSE
13666,9BC6ssCjyfg_00132,45,0,102,FALSE
13667,9BC6ssCjyfg_00133,45,0,185,FALSE
13668,9BC6ssCjyfg_00134,45,0,164,TRUE
13669,9BC6ssCjyfg_00151,45,0,64,TRUE
13670,9BC6ssCjyfg_00152,45,0,153,TRUE
13671,Bb0ZiYVNtDs_00103,45,0,96,TRUE
13672,Bb0ZiYVNtDs_00104,45,0,136,FALSE
13673,Bb0ZiYVNtDs_00105,45,0,165,TRUE
13674,Bb0ZiYVNtDs_00106,45,0,142,TRUE
13675,Bb0ZiYVNtDs_00107,45,0,209,FALSE
13676,Bb0ZiYVNtDs_00108,45,0,133,FALSE
13677,Bb0ZiYVNtDs_00109,45,0,56,TRUE
13678,Bb0ZiYVNtDs_00110,45,0,133,TRUE
13679,Bb0ZiYVNtDs_00111,45,0,96,FALSE
13680,Bb0ZiYVNtDs_00118,45,0,77,FALSE
13681,Bb0ZiYVNtDs_00119,45,0,198,FALSE
13682,Bb0ZiYVNtDs_00127,45,0,111,TRUE
13683,Bb0ZiYVNtDs_00128,45,0,197,FALSE
13684,Bb0ZiYVNtDs_00129,45,0,202,FALSE
13685,Bb0ZiYVNtDs_00136,45,0,151,TRUE
13686,Bb0ZiYVNtDs_00137,45,0,172,TRUE
13687,Bb0ZiYVNtDs_00138,45,0,96,FALSE
13688,Bb0ZiYVNtDs_00152,45,0,125,TRUE
13689,Bb0ZiYVNtDs_00153,45,0,146,FALSE
13690,Bb0ZiYVNtDs_00154,45,0,152,TRUE
13691,Bb0ZiYVNtDs_00166,45,0,116,TRUE
13692,Bb0ZiYVNtDs_00167,45,0,167,TRUE
13693,Bb0ZiYVNtDs_00168,45,0,148,FALSE
13694,Bb0ZiYVNtDs_00169,45,0,127,TRUE
13695,Bb0ZiYVNtDs_00170,45,0,192,FALSE
13696,Bb0ZiYVNtDs_00171,45,0,106,FALSE
13697,LNMISxO35S0_00046,45,0,221,FALSE
13698,LNMISxO35S0_00047,45,0,119,FALSE
13699,LNMISxO35S0_00048,45,0,186,FALSE
13700,LNMISxO35S0_00055,45,0,96,FALSE
13701,LNMISxO35S0_00056,45,0,117,TRUE
13702,LNMISxO35S0_00057,45,0,159,FALSE
13703,LNMISxO35S0_00070,45,0,136,TRUE
13704,LNMISxO35S0_00071,45,0,135,TRUE
13705,LNMISxO35S0_00072,45,0,184,FALSE
13706,LNMISxO35S0_00074,45,0,90,FALSE
13707,LNMISxO35S0_00075,45,0,159,TRUE
13708,LNMISxO35S0_00079,45,0,110,TRUE
13709,LNMISxO35S0_00080,45,0,119,FALSE
13710,LNMISxO35S0_00081,45,0,183,FALSE
13711,LNMISxO35S0_00082,45,0,102,TRUE
13712,LNMISxO35S0_00083,45,0,115,FALSE
13713,LNMISxO35S0_00084,45,0,165,FALSE
13714,LNMISxO35S0_00097,45,0,158,FALSE
13715,LNMISxO35S0_00098,45,0,155,TRUE
13716,LNMISxO35S0_00099,45,0,198,FALSE
13717,LNMISxO35S0_00118,45,0,115,TRUE
13718,LNMISxO35S0_00119,45,0,116,TRUE
13719,LNMISxO35S0_00120,45,0,192,FALSE
13720,LNMISxO35S0_00121,45,0,68,TRUE
13721,LNMISxO35S0_00122,45,0,90,TRUE
13722,LNMISxO35S0_00123,45,0,168,TRUE
13723,LNMISxO35S0_00199,45,0,181,FALSE
13724,LNMISxO35S0_00201,45,0,103,TRUE
13725,LNMISxO35S0_00202,45,0,169,TRUE
13726,LNMISxO35S0_00206,45,0,168,FALSE
13727,LNMISxO35S0_00207,45,0,133,TRUE
13728,LNMISxO35S0_00208,45,0,200,FALSE
13729,LNMISxO35S0_00209,45,0,153,FALSE
13730,LNMISxO35S0_00210,45,0,136,TRUE
13731,LNMISxO35S0_00211,45,0,201,FALSE
13732,LNMISxO35S0_00225,45,0,83,TRUE
13733,LNMISxO35S0_00226,45,0,159,TRUE
13734,LNMISxO35S0_00227,45,0,180,FALSE
13735,LNMISxO35S0_00247,45,0,99,TRUE
13736,LNMISxO35S0_00248,45,0,110,TRUE
13737,LNMISxO35S0_00273,45,0,125,TRUE
13738,LNMISxO35S0_00274,45,0,130,FALSE
13739,LNMISxO35S0_00275,45,0,204,FALSE
13740,LNMISxO35S0_00283,45,0,76,TRUE
13741,LNMISxO35S0_00284,45,0,117,TRUE
13742,LNMISxO35S0_00285,45,0,166,TRUE
13743,Q--70-ELqLw_00089,45,0,76,TRUE
13744,Q--70-ELqLw_00090,45,0,133,TRUE
13745,Q--70-ELqLw_00091,45,0,171,FALSE
13746,Q--70-ELqLw_00103,45,0,77,TRUE
13747,Q--70-ELqLw_00104,45,0,140,TRUE
13748,Q--70-ELqLw_00105,45,0,175,FALSE
13749,Q--70-ELqLw_00126,45,0,121,FALSE
13750,Q--70-ELqLw_00127,45,0,386,FALSE
13751,Q--70-ELqLw_00146,45,0,79,TRUE
13752,Q--70-ELqLw_00147,45,0,185,FALSE
13753,Q--70-ELqLw_00148,45,0,196,FALSE
13754,Q--70-ELqLw_00150,45,0,150,TRUE
13755,Q--70-ELqLw_00160,45,0,124,TRUE
13756,Q--70-ELqLw_00173,45,0,70,TRUE
13757,Q--70-ELqLw_00174,45,0,299,FALSE
13758,TeboS8s_00w_00114,45,0,177,TRUE
13759,TeboS8s_00w_00115,45,0,290,FALSE
13760,TeboS8s_00w_00140,45,0,126,TRUE
13761,TeboS8s_00w_00141,45,0,248,FALSE
13762,TeboS8s_00w_00160,45,0,140,TRUE
13763,TeboS8s_00w_00161,45,0,256,FALSE
13764,TeboS8s_00w_00174,45,0,148,TRUE
13765,TeboS8s_00w_00175,45,0,285,FALSE
13766,V5parOfpuEQ_00083,45,0,76,TRUE
13767,V5parOfpuEQ_00084,45,0,187,FALSE
13768,V5parOfpuEQ_00085,45,0,203,FALSE
13769,V5parOfpuEQ_00101,45,0,101,TRUE
13770,V5parOfpuEQ_00102,45,0,193,FALSE
13771,V5parOfpuEQ_00130,45,0,90,TRUE
13772,V5parOfpuEQ_00132,45,0,109,FALSE
13773,V5parOfpuEQ_00140,45,0,126,TRUE
13774,V5parOfpuEQ_00141,45,0,221,FALSE
13775,V5parOfpuEQ_00142,45,0,152,TRUE
13776,V5parOfpuEQ_00143,45,0,90,TRUE
13777,V5parOfpuEQ_00144,45,0,197,FALSE
13778,V5parOfpuEQ_00145,45,0,252,FALSE
13779,V5parOfpuEQ_00157,45,0,49,TRUE
13780,V5parOfpuEQ_00158,45,0,152,TRUE
13781,V5parOfpuEQ_00159,45,0,100,TRUE
13782,V5parOfpuEQ_00166,45,0,63,TRUE
13783,V5parOfpuEQ_00167,45,0,117,TRUE
13784,V5parOfpuEQ_00169,45,0,86,TRUE
13785,V5parOfpuEQ_00170,45,0,182,FALSE
13786,V5parOfpuEQ_00171,45,0,133,TRUE
13787,V5parOfpuEQ_00196,45,0,136,TRUE
13788,V5parOfpuEQ_00197,45,0,177,TRUE
13789,V5parOfpuEQ_00198,45,0,115,TRUE
13790,V5parOfpuEQ_00199,45,0,43,FALSE
13791,V5parOfpuEQ_00200,45,0,178,TRUE
13792,V5parOfpuEQ_00213,45,0,67,TRUE
13793,V5parOfpuEQ_00214,45,0,151,TRUE
13794,V5parOfpuEQ_00215,45,0,101,FALSE
13795,V5parOfpuEQ_00216,45,0,51,TRUE
13796,V5parOfpuEQ_00217,45,0,214,FALSE
13797,V5parOfpuEQ_00220,45,0,90,FALSE
13798,V5parOfpuEQ_00223,45,0,119,TRUE
13799,V5parOfpuEQ_00224,45,0,70,TRUE
13800,V5parOfpuEQ_00225,45,0,161,TRUE
13801,V5parOfpuEQ_00226,45,0,89,TRUE
13802,V5parOfpuEQ_00227,45,0,93,TRUE
13803,V5parOfpuEQ_00228,45,0,215,FALSE
13804,V5parOfpuEQ_00229,45,0,211,FALSE
13805,V5parOfpuEQ_00230,45,0,92,TRUE
13806,V5parOfpuEQ_00231,45,0,200,FALSE
13807,V5parOfpuEQ_00232,45,0,128,TRUE
13808,V5parOfpuEQ_00237,45,0,78,FALSE
13809,V5parOfpuEQ_00238,45,0,207,FALSE
13810,V5parOfpuEQ_00239,45,0,306,FALSE
13811,V5parOfpuEQ_00251,45,0,123,TRUE
13812,V5parOfpuEQ_00252,45,0,259,FALSE
13813,V5parOfpuEQ_00253,45,0,87,FALSE
13814,V5parOfpuEQ_00257,45,0,79,TRUE
13815,V5parOfpuEQ_00258,45,0,206,FALSE
13816,V5parOfpuEQ_00259,45,0,148,TRUE
13817,Y4ARBzok9aU_00063,45,0,86,TRUE
13818,Y4ARBzok9aU_00064,45,0,177,TRUE
13819,Y4ARBzok9aU_00065,45,0,104,FALSE
13820,Y4ARBzok9aU_00086,45,0,123,TRUE
13821,Y4ARBzok9aU_00087,45,0,203,FALSE
13822,Y4ARBzok9aU_00088,45,0,129,FALSE
13823,Y4ARBzok9aU_00098,45,0,73,TRUE
13824,Y4ARBzok9aU_00099,45,0,200,FALSE
13825,Y4ARBzok9aU_00100,45,0,128,TRUE
13826,Y4ARBzok9aU_00113,45,0,92,TRUE
13827,Y4ARBzok9aU_00114,45,0,171,TRUE
13828,Y4ARBzok9aU_00115,45,0,89,TRUE
13829,Y4ARBzok9aU_00125,45,0,143,TRUE
13830,Y4ARBzok9aU_00126,45,0,303,FALSE
13831,Y4ARBzok9aU_00133,45,0,98,TRUE
13832,Y4ARBzok9aU_00134,45,0,271,FALSE
13833,Y4ARBzok9aU_00135,45,0,142,TRUE
13834,Y4ARBzok9aU_00136,45,0,104,TRUE
13835,Y4ARBzok9aU_00137,45,0,142,TRUE
13836,Y4ARBzok9aU_00139,45,0,68,TRUE
13837,Y4ARBzok9aU_00140,45,0,190,FALSE
13838,Y4ARBzok9aU_00142,45,0,97,FALSE
13839,Y4ARBzok9aU_00143,45,0,228,FALSE
13840,Y4ARBzok9aU_00144,45,0,97,TRUE
13841,Y4ARBzok9aU_00145,45,0,86,TRUE
13842,Y4ARBzok9aU_00146,45,0,183,FALSE
13843,Y4ARBzok9aU_00193,45,0,70,TRUE
13844,Y4ARBzok9aU_00194,45,0,250,FALSE
13845,Y4ARBzok9aU_00195,45,0,115,TRUE
13846,ZAmJsIcfFOA_00201,45,0,56,TRUE
13847,ZAmJsIcfFOA_00202,45,0,157,TRUE
13848,ZAmJsIcfFOA_00203,45,0,96,TRUE
13849,Z_uFnDg-a4I_00039,45,0,172,TRUE
13850,Z_uFnDg-a4I_00040,45,0,160,TRUE
13851,Z_uFnDg-a4I_00041,45,0,161,FALSE
13852,Z_uFnDg-a4I_00051,45,0,122,TRUE
13853,Z_uFnDg-a4I_00052,45,0,127,FALSE
13854,Z_uFnDg-a4I_00053,45,0,148,FALSE
13855,Z_uFnDg-a4I_00102,45,0,103,TRUE
13856,Z_uFnDg-a4I_00103,45,0,148,TRUE
13857,Z_uFnDg-a4I_00104,45,0,178,TRUE
13858,Z_uFnDg-a4I_00113,45,0,84,TRUE
13859,Z_uFnDg-a4I_00114,45,0,122,FALSE
13860,Z_uFnDg-a4I_00115,45,0,170,TRUE
13861,_8Vy3dlHg2w_00141,45,0,120,FALSE
13862,_tigfCJFLZg_00187,45,0,98,TRUE
13863,_tigfCJFLZg_00188,45,0,179,TRUE
13864,_tigfCJFLZg_00189,45,0,99,FALSE
13865,_tigfCJFLZg_00190,45,0,63,FALSE
13866,_tigfCJFLZg_00191,45,0,140,FALSE
13867,_tigfCJFLZg_00192,45,0,130,FALSE
13868,_tigfCJFLZg_00227,45,0,67,TRUE
13869,_tigfCJFLZg_00228,45,0,145,FALSE
13870,_tigfCJFLZg_00229,45,0,75,FALSE
13871,_tigfCJFLZg_00246,45,0,103,TRUE
13872,_tigfCJFLZg_00247,45,0,182,FALSE
13873,_tigfCJFLZg_00248,45,0,122,TRUE
13874,_tigfCJFLZg_00255,45,0,138,TRUE
13875,_tigfCJFLZg_00256,45,0,171,TRUE
13876,_tigfCJFLZg_00257,45,0,111,FALSE
13877,_tigfCJFLZg_00273,45,0,87,FALSE
13878,_tigfCJFLZg_00274,45,0,157,FALSE
13879,_tigfCJFLZg_00282,45,0,102,TRUE
13880,_tigfCJFLZg_00283,45,0,147,TRUE
13881,_tigfCJFLZg_00284,45,0,103,FALSE
13882,_tigfCJFLZg_00298,45,0,115,TRUE
13883,_tigfCJFLZg_00299,45,0,186,FALSE
13884,_tigfCJFLZg_00300,45,0,120,FALSE
13885,_tigfCJFLZg_00301,45,0,144,TRUE
13886,_tigfCJFLZg_00302,45,0,190,FALSE
13887,_tigfCJFLZg_00303,45,0,93,FALSE
13888,_tigfCJFLZg_00308,45,0,132,TRUE
13889,_tigfCJFLZg_00309,45,0,212,FALSE
13890,_tigfCJFLZg_00310,45,0,177,TRUE
13891,_tigfCJFLZg_00311,45,0,102,FALSE
13892,_tigfCJFLZg_00312,45,0,185,FALSE
13893,_tigfCJFLZg_00313,45,0,285,FALSE
13894,_tigfCJFLZg_00320,45,0,108,TRUE
13895,_tigfCJFLZg_00321,45,0,153,TRUE
13896,_tigfCJFLZg_00322,45,0,104,TRUE
13897,_tigfCJFLZg_00329,45,0,96,TRUE
13898,_tigfCJFLZg_00330,45,0,149,TRUE
13899,_tigfCJFLZg_00331,45,0,117,FALSE
13900,_tigfCJFLZg_00350,45,0,112,TRUE
13901,_tigfCJFLZg_00351,45,0,169,TRUE
13902,_tigfCJFLZg_00352,45,0,112,FALSE
13903,_tigfCJFLZg_00353,45,0,123,TRUE
13904,_tigfCJFLZg_00354,45,0,165,TRUE
13905,_tigfCJFLZg_00355,45,0,149,FALSE
13906,_tigfCJFLZg_00356,45,0,115,TRUE
13907,_tigfCJFLZg_00357,45,0,168,TRUE
13908,_tigfCJFLZg_00358,45,0,108,TRUE
13909,_tigfCJFLZg_00374,45,0,137,TRUE
13910,_tigfCJFLZg_00375,45,0,169,TRUE
13911,_tigfCJFLZg_00383,45,0,87,FALSE
13912,_tigfCJFLZg_00384,45,0,184,FALSE
13913,_tigfCJFLZg_00385,45,0,121,FALSE
13914,_tigfCJFLZg_00413,45,0,76,TRUE
13915,_tigfCJFLZg_00414,45,0,137,TRUE
13916,_tigfCJFLZg_00415,45,0,68,TRUE
13917,_tigfCJFLZg_00425,45,0,77,FALSE
13918,_tigfCJFLZg_00426,45,0,129,FALSE
13919,_tigfCJFLZg_00427,45,0,104,FALSE
13920,_tigfCJFLZg_00435,45,0,56,TRUE
13921,_tigfCJFLZg_00436,45,0,133,TRUE
13922,_tigfCJFLZg_00437,45,0,103,TRUE
13923,_tigfCJFLZg_00477,45,0,109,TRUE
13924,_tigfCJFLZg_00478,45,0,161,FALSE
13925,_tigfCJFLZg_00479,45,0,93,FALSE
13926,cYkUl8MrXgA_00095,45,0,191,FALSE
13927,cYkUl8MrXgA_00096,45,0,215,FALSE
13928,cYkUl8MrXgA_00183,45,0,97,TRUE
13929,cYkUl8MrXgA_00194,45,0,88,TRUE
13930,cYkUl8MrXgA_00195,45,0,191,FALSE
13931,cYkUl8MrXgA_00196,45,0,156,FALSE
13932,cYkUl8MrXgA_00240,45,0,77,TRUE
13933,cYkUl8MrXgA_00242,45,0,201,FALSE
13934,cYkUl8MrXgA_00243,45,0,247,FALSE
13935,cYkUl8MrXgA_00268,45,0,62,TRUE
13936,cYkUl8MrXgA_00269,45,0,168,TRUE
13937,cYkUl8MrXgA_00270,45,0,169,FALSE
13938,cYkUl8MrXgA_00297,45,0,79,FALSE
13939,cYkUl8MrXgA_00298,45,0,179,TRUE
13940,cYkUl8MrXgA_00299,45,0,144,TRUE
13941,cYkUl8MrXgA_00311,45,0,80,TRUE
13942,cYkUl8MrXgA_00312,45,0,175,FALSE
13943,cYkUl8MrXgA_00313,45,0,165,FALSE
13944,cYkUl8MrXgA_00317,45,0,84,TRUE
13945,cYkUl8MrXgA_00318,45,0,189,FALSE
13946,cYkUl8MrXgA_00323,45,0,77,FALSE
13947,cYkUl8MrXgA_00324,45,0,187,FALSE
13948,cYkUl8MrXgA_00325,45,0,104,TRUE
13949,cYkUl8MrXgA_00338,45,0,98,FALSE
13950,cYkUl8MrXgA_00339,45,0,206,FALSE
13951,cYkUl8MrXgA_00340,45,0,157,TRUE
13952,cYkUl8MrXgA_00346,45,0,76,TRUE
13953,cYkUl8MrXgA_00347,45,0,180,FALSE
13954,cYkUl8MrXgA_00353,45,0,141,FALSE
13955,cYkUl8MrXgA_00359,45,0,85,TRUE
13956,cYkUl8MrXgA_00360,45,0,206,FALSE
13957,cYkUl8MrXgA_00361,45,0,209,FALSE
13958,cYkUl8MrXgA_00362,45,0,153,TRUE
13959,cYkUl8MrXgA_00363,45,0,157,TRUE
13960,cYkUl8MrXgA_00364,45,0,98,TRUE
13961,cYkUl8MrXgA_00368,45,0,100,TRUE
13962,cYkUl8MrXgA_00369,45,0,145,TRUE
13963,cYkUl8MrXgA_00370,45,0,115,TRUE
13964,cYkUl8MrXgA_00371,45,0,113,FALSE
13965,cYkUl8MrXgA_00372,45,0,206,FALSE
13966,cYkUl8MrXgA_00373,45,0,121,FALSE
13967,cYkUl8MrXgA_00379,45,0,84,TRUE
13968,cYkUl8MrXgA_00380,45,0,237,FALSE
13969,cYkUl8MrXgA_00381,45,0,113,FALSE
13970,cYkUl8MrXgA_00382,45,0,96,TRUE
13971,cYkUl8MrXgA_00383,45,0,245,FALSE
13972,cYkUl8MrXgA_00384,45,0,177,TRUE
13973,cYkUl8MrXgA_00391,45,0,72,TRUE
13974,cYkUl8MrXgA_00392,45,0,170,TRUE
13975,cYkUl8MrXgA_00393,45,0,60,TRUE
13976,cYkUl8MrXgA_00394,45,0,223,FALSE
13977,cYkUl8MrXgA_00401,45,0,71,TRUE
13978,cYkUl8MrXgA_00402,45,0,235,FALSE
13979,cYkUl8MrXgA_00406,45,0,98,TRUE
13980,cYkUl8MrXgA_00407,45,0,235,FALSE
13981,cYkUl8MrXgA_00408,45,0,174,TRUE
13982,cYkUl8MrXgA_00418,45,0,76,TRUE
13983,cYkUl8MrXgA_00419,45,0,198,FALSE
13984,cYkUl8MrXgA_00420,45,0,102,TRUE
13985,cYkUl8MrXgA_00430,45,0,69,TRUE
13986,cYkUl8MrXgA_00431,45,0,191,FALSE
13987,cYkUl8MrXgA_00432,45,0,125,TRUE
13988,cYkUl8MrXgA_00433,45,0,90,TRUE
13989,cYkUl8MrXgA_00434,45,0,186,FALSE
13990,cYkUl8MrXgA_00435,45,0,136,TRUE
13991,cYkUl8MrXgA_00442,45,0,83,TRUE
13992,cYkUl8MrXgA_00443,45,0,195,FALSE
13993,cYkUl8MrXgA_00444,45,0,103,TRUE
13994,cYkUl8MrXgA_00448,45,0,70,TRUE
13995,cYkUl8MrXgA_00449,45,0,184,FALSE
13996,cYkUl8MrXgA_00487,45,0,91,TRUE
13997,cYkUl8MrXgA_00488,45,0,172,TRUE
13998,cYkUl8MrXgA_00502,45,0,105,FALSE
13999,cYkUl8MrXgA_00503,45,0,221,FALSE
14000,ddV_Cpszpls_00097,45,0,97,FALSE
14001,kVT_sNgYBAE_00017,45,0,136,TRUE
14002,kVT_sNgYBAE_00026,45,0,72,FALSE
14003,kVT_sNgYBAE_00027,45,0,206,FALSE
14004,kVT_sNgYBAE_00030,45,0,104,TRUE
14005,kVT_sNgYBAE_00031,45,0,241,FALSE
14006,kVT_sNgYBAE_00032,45,0,115,FALSE
14007,kVT_sNgYBAE_00033,45,0,80,FALSE
14008,kVT_sNgYBAE_00034,45,0,206,FALSE
14009,kVT_sNgYBAE_00035,45,0,106,TRUE
14010,kVT_sNgYBAE_00036,45,0,252,FALSE
14011,kVT_sNgYBAE_00050,45,0,69,FALSE
14012,kVT_sNgYBAE_00051,45,0,238,FALSE
14013,kVT_sNgYBAE_00113,45,0,44,TRUE
14014,kVT_sNgYBAE_00114,45,0,89,FALSE
14015,kVT_sNgYBAE_00115,45,0,240,FALSE
14016,kVT_sNgYBAE_00118,45,0,127,TRUE
14017,kVT_sNgYBAE_00119,45,0,268,FALSE
14018,kVT_sNgYBAE_00120,45,0,124,TRUE
14019,kVT_sNgYBAE_00121,45,0,96,TRUE
14020,kVT_sNgYBAE_00122,45,0,229,FALSE
14021,l6ZoMjD1UtA_00024,45,0,50,FALSE
14022,l6ZoMjD1UtA_00025,45,0,95,FALSE
14023,l6ZoMjD1UtA_00026,45,0,152,TRUE
14024,l6ZoMjD1UtA_00027,45,0,128,TRUE
14025,l6ZoMjD1UtA_00028,45,0,165,TRUE
14026,l6ZoMjD1UtA_00029,45,0,166,TRUE
14027,l6ZoMjD1UtA_00041,45,0,93,FALSE
14028,l6ZoMjD1UtA_00042,45,0,128,FALSE
14029,l6ZoMjD1UtA_00043,45,0,159,TRUE
14030,l6ZoMjD1UtA_00047,45,0,79,FALSE
14031,l6ZoMjD1UtA_00048,45,0,149,TRUE
14032,l6ZoMjD1UtA_00049,45,0,181,FALSE
14033,l6ZoMjD1UtA_00050,45,0,48,FALSE
14034,l6ZoMjD1UtA_00051,45,0,119,TRUE
14035,l6ZoMjD1UtA_00052,45,0,148,TRUE
14036,l6ZoMjD1UtA_00053,45,0,73,FALSE
14037,l6ZoMjD1UtA_00054,45,0,112,TRUE
14038,l6ZoMjD1UtA_00055,45,0,98,FALSE
14039,l6ZoMjD1UtA_00056,45,0,195,FALSE
14040,l6ZoMjD1UtA_00116,45,0,106,TRUE
14041,l6ZoMjD1UtA_00117,45,0,160,FALSE
14042,l6ZoMjD1UtA_00118,45,0,198,FALSE
14043,l6ZoMjD1UtA_00119,45,0,90,FALSE
14044,l6ZoMjD1UtA_00122,45,0,138,TRUE
14045,l6ZoMjD1UtA_00124,45,0,132,TRUE
14046,l6ZoMjD1UtA_00125,45,0,164,TRUE
14047,l6ZoMjD1UtA_00126,45,0,155,TRUE
14048,l6ZoMjD1UtA_00127,45,0,209,FALSE
14049,l6ZoMjD1UtA_00163,45,0,98,TRUE
14050,l6ZoMjD1UtA_00164,45,0,125,TRUE
14051,l6ZoMjD1UtA_00165,45,0,190,FALSE
14052,l6ZoMjD1UtA_00167,45,0,101,TRUE
14053,l6ZoMjD1UtA_00168,45,0,151,TRUE
14054,l6ZoMjD1UtA_00169,45,0,170,TRUE
14055,mGbuP7nT2ck_00074,45,0,255,FALSE
14056,mGbuP7nT2ck_00075,45,0,151,TRUE
14057,mGbuP7nT2ck_00088,45,0,234,FALSE
14058,mGbuP7nT2ck_00089,45,0,119,TRUE
14059,mGbuP7nT2ck_00090,45,0,99,FALSE
14060,mGbuP7nT2ck_00091,45,0,113,TRUE
14061,mGbuP7nT2ck_00094,45,0,102,TRUE
14062,mGbuP7nT2ck_00095,45,0,115,TRUE
14063,mGbuP7nT2ck_00096,45,0,127,TRUE
14064,mGbuP7nT2ck_00097,45,0,125,FALSE
14065,mGbuP7nT2ck_00102,45,0,123,TRUE
14066,mGbuP7nT2ck_00103,45,0,128,TRUE
14067,mGbuP7nT2ck_00106,45,0,64,FALSE
14068,mGbuP7nT2ck_00107,45,0,118,TRUE
14069,nOlRwoxsDJ0_00742,45,0,222,FALSE
14070,nOlRwoxsDJ0_00749,45,0,221,FALSE
14071,nOlRwoxsDJ0_00771,45,0,148,TRUE
14072,nOlRwoxsDJ0_00772,45,0,231,FALSE
14073,nOlRwoxsDJ0_00793,45,0,130,FALSE
14074,nOlRwoxsDJ0_00794,45,0,198,FALSE
14075,nOlRwoxsDJ0_00795,45,0,132,FALSE
14076,nOlRwoxsDJ0_00845,45,0,225,FALSE
14077,nOlRwoxsDJ0_00852,45,0,126,FALSE
14078,nOlRwoxsDJ0_00853,45,0,226,FALSE
14079,nOlRwoxsDJ0_00900,45,0,317,FALSE
14080,nOlRwoxsDJ0_00901,45,0,294,FALSE
14081,vlfy4cny75s_00064,45,0,161,TRUE
14082,vlfy4cny75s_00065,45,0,203,FALSE
14083,vlfy4cny75s_00066,45,0,288,FALSE
14084,vlfy4cny75s_00067,45,0,113,TRUE
14085,vlfy4cny75s_00068,45,0,141,TRUE
14086,vlfy4cny75s_00069,45,0,171,TRUE
14087,vlfy4cny75s_00089,45,0,66,TRUE
14088,vlfy4cny75s_00090,45,0,162,TRUE
14089,vlfy4cny75s_00091,45,0,204,FALSE
14090,vlfy4cny75s_00092,45,0,47,FALSE
14091,vlfy4cny75s_00093,45,0,129,TRUE
14092,vlfy4cny75s_00094,45,0,176,TRUE
14093,vlfy4cny75s_00098,45,0,89,FALSE
14094,vlfy4cny75s_00099,45,0,116,TRUE
14095,vlfy4cny75s_00100,45,0,114,TRUE
14096,vlfy4cny75s_00101,45,0,206,FALSE
14097,vlfy4cny75s_00102,45,0,63,TRUE
14098,vlfy4cny75s_00103,45,0,117,TRUE
14099,vlfy4cny75s_00104,45,0,184,FALSE
14100,vlfy4cny75s_00160,45,0,163,TRUE
14101,vlfy4cny75s_00161,45,0,243,FALSE
14102,vlfy4cny75s_00169,45,0,40,FALSE
14103,xbQCwTHcGN8_00115,45,0,146,TRUE
14104,xbQCwTHcGN8_00116,45,0,196,FALSE
14105,xbQCwTHcGN8_00117,45,0,135,TRUE
14106,xbQCwTHcGN8_00130,45,0,164,TRUE
14107,xbQCwTHcGN8_00131,45,0,162,FALSE
14108,xbQCwTHcGN8_00158,45,0,88,TRUE
14109,xbQCwTHcGN8_00159,45,0,174,TRUE
14110,xbQCwTHcGN8_00160,45,0,195,FALSE
14111,xbQCwTHcGN8_00161,45,0,60,TRUE
14112,xbQCwTHcGN8_00162,45,0,150,FALSE
14113,xbQCwTHcGN8_00163,45,0,90,FALSE
14114,xbQCwTHcGN8_00167,45,0,85,FALSE
14115,xbQCwTHcGN8_00168,45,0,184,FALSE
14116,xbQCwTHcGN8_00169,45,0,103,TRUE
14117,xbQCwTHcGN8_00176,45,0,107,FALSE
14118,xbQCwTHcGN8_00177,45,0,163,TRUE
14119,xbQCwTHcGN8_00178,45,0,141,TRUE
14120,xbQCwTHcGN8_00179,45,0,98,FALSE
14121,xbQCwTHcGN8_00180,45,0,184,FALSE
14122,xbQCwTHcGN8_00181,45,0,115,TRUE
14123,xbQCwTHcGN8_00182,45,0,112,TRUE
14124,xbQCwTHcGN8_00183,45,0,87,TRUE
14125,xbQCwTHcGN8_00184,45,0,132,FALSE
14126,xbQCwTHcGN8_00195,45,0,68,FALSE
14127,xbQCwTHcGN8_00196,45,0,183,FALSE
14128,xbQCwTHcGN8_00197,45,0,150,TRUE
14129,xbQCwTHcGN8_00202,45,0,79,FALSE
14130,xbQCwTHcGN8_00203,45,0,151,FALSE
14131,xbQCwTHcGN8_00204,45,0,101,FALSE
14132,xbQCwTHcGN8_00205,45,0,96,TRUE
14133,xbQCwTHcGN8_00206,45,0,166,FALSE
14134,xbQCwTHcGN8_00207,45,0,220,FALSE
14135,xbQCwTHcGN8_00229,45,0,132,TRUE
14136,xbQCwTHcGN8_00230,45,0,175,TRUE
14137,xbQCwTHcGN8_00231,45,0,184,FALSE
14138,xbQCwTHcGN8_00262,45,0,91,FALSE
14139,xbQCwTHcGN8_00263,45,0,185,FALSE
14140,xbQCwTHcGN8_00264,45,0,101,FALSE
14141,xbQCwTHcGN8_00265,45,0,55,TRUE
14142,xbQCwTHcGN8_00266,45,0,151,FALSE
14143,xbQCwTHcGN8_00267,45,0,89,FALSE
14144,zbAC7t15q3k_00076,45,0,67,TRUE
14145,zbAC7t15q3k_00077,45,0,168,TRUE
14146,zbAC7t15q3k_00078,45,0,97,TRUE
14147,zbAC7t15q3k_00080,45,0,72,TRUE
14148,zbAC7t15q3k_00081,45,0,176,TRUE
14149,zbAC7t15q3k_00082,45,0,131,TRUE
14150,zbAC7t15q3k_00093,45,0,102,FALSE
14151,zbAC7t15q3k_00097,45,0,60,TRUE
14152,zbAC7t15q3k_00098,45,0,161,TRUE
14153,zbAC7t15q3k_00099,45,0,107,TRUE
14154,zbAC7t15q3k_00112,45,0,83,TRUE
14155,zbAC7t15q3k_00113,45,0,186,FALSE
14156,zbAC7t15q3k_00114,45,0,115,TRUE
14157,zbAC7t15q3k_00116,45,0,74,TRUE
14158,zbAC7t15q3k_00117,45,0,174,TRUE
14159,zbAC7t15q3k_00118,45,0,127,TRUE
14160,zbAC7t15q3k_00119,45,0,48,TRUE
14161,zbAC7t15q3k_00120,45,0,146,TRUE
14162,zbAC7t15q3k_00121,45,0,60,FALSE
14163,zbAC7t15q3k_00122,45,0,67,TRUE
14164,zbAC7t15q3k_00123,45,0,178,TRUE
14165,zbAC7t15q3k_00124,45,0,118,TRUE
14166,zbAC7t15q3k_00125,45,0,82,TRUE
14167,2x00lRzlTVQ_00032,46,0,75,TRUE
14168,2x00lRzlTVQ_00033,46,0,189,FALSE
14169,2x00lRzlTVQ_00034,46,0,87,FALSE
14170,2x00lRzlTVQ_00040,46,0,87,TRUE
14171,2x00lRzlTVQ_00041,46,0,195,FALSE
14172,2x00lRzlTVQ_00042,46,0,143,TRUE
14173,2x00lRzlTVQ_00044,46,0,84,TRUE
14174,2x00lRzlTVQ_00045,46,0,173,TRUE
14175,2x00lRzlTVQ_00046,46,0,133,FALSE
14176,2x00lRzlTVQ_00047,46,0,79,TRUE
14177,2x00lRzlTVQ_00048,46,0,164,FALSE
14178,2x00lRzlTVQ_00049,46,0,100,FALSE
14179,3qq031609lA_00008,46,0,123,TRUE
14180,3qq031609lA_00010,46,0,132,TRUE
14181,3qq031609lA_00011,46,0,95,FALSE
14182,3qq031609lA_00012,46,0,113,FALSE
14183,3qq031609lA_00013,46,0,141,TRUE
14184,3qq031609lA_00014,46,0,89,FALSE
14185,5V-dKBtmKLI_00014,46,0,59,TRUE
14186,5V-dKBtmKLI_00015,46,0,176,TRUE
14187,5V-dKBtmKLI_00016,46,0,184,FALSE
14188,5V-dKBtmKLI_00017,46,0,198,FALSE
14189,5V-dKBtmKLI_00123,46,0,62,TRUE
14190,5V-dKBtmKLI_00124,46,0,165,TRUE
14191,5V-dKBtmKLI_00125,46,0,63,TRUE
14192,5i1begTTucc_00000,46,0,141,TRUE
14193,5i1begTTucc_00001,46,0,123,TRUE
14194,9BC6ssCjyfg_00022,46,0,56,TRUE
14195,9BC6ssCjyfg_00186,46,0,132,TRUE
14196,9BC6ssCjyfg_00194,46,0,87,TRUE
14197,9BC6ssCjyfg_00195,46,0,245,FALSE
14198,9BC6ssCjyfg_00196,46,0,81,TRUE
14199,9BC6ssCjyfg_00197,46,0,137,FALSE
14200,9BC6ssCjyfg_00198,46,0,187,FALSE
14201,9BC6ssCjyfg_00202,46,0,75,TRUE
14202,9BC6ssCjyfg_00204,46,0,120,TRUE
14203,9BC6ssCjyfg_00205,46,0,92,TRUE
14204,9BC6ssCjyfg_00206,46,0,130,TRUE
14205,9BC6ssCjyfg_00207,46,0,172,TRUE
14206,9BC6ssCjyfg_00208,46,0,118,TRUE
14207,9BC6ssCjyfg_00209,46,0,156,TRUE
14208,9BC6ssCjyfg_00210,46,0,203,FALSE
14209,9jZYYtzYqwE_00006,46,0,85,FALSE
14210,9jZYYtzYqwE_00007,46,0,124,TRUE
14211,9jZYYtzYqwE_00020,46,0,118,TRUE
14212,9jZYYtzYqwE_00021,46,0,175,TRUE
14213,9jZYYtzYqwE_00022,46,0,160,TRUE
14214,9jZYYtzYqwE_00023,46,0,251,FALSE
14215,9jZYYtzYqwE_00031,46,0,142,TRUE
14216,9jZYYtzYqwE_00032,46,0,267,FALSE
14217,9jZYYtzYqwE_00035,46,0,140,TRUE
14218,9jZYYtzYqwE_00036,46,0,143,FALSE
14219,9jZYYtzYqwE_00070,46,0,106,TRUE
14220,D8YKHC5hmUs_00040,46,0,97,TRUE
14221,D8YKHC5hmUs_00041,46,0,110,TRUE
14222,D8YKHC5hmUs_00061,46,0,67,TRUE
14223,D8YKHC5hmUs_00062,46,0,151,TRUE
14224,D8YKHC5hmUs_00073,46,0,139,FALSE
14225,D8YKHC5hmUs_00074,46,0,136,TRUE
14226,D8YKHC5hmUs_00077,46,0,84,TRUE
14227,D8YKHC5hmUs_00078,46,0,120,TRUE
14228,D8YKHC5hmUs_00089,46,0,80,TRUE
14229,D8YKHC5hmUs_00090,46,0,107,TRUE
14230,D8YKHC5hmUs_00091,46,0,152,TRUE
14231,D8YKHC5hmUs_00092,46,0,151,TRUE
14232,D8YKHC5hmUs_00093,46,0,212,FALSE
14233,D8YKHC5hmUs_00094,46,0,120,TRUE
14234,D8YKHC5hmUs_00097,46,0,163,TRUE
14235,D8YKHC5hmUs_00098,46,0,122,TRUE
14236,D8YKHC5hmUs_00104,46,0,75,FALSE
14237,D8YKHC5hmUs_00105,46,0,92,FALSE
14238,D8YKHC5hmUs_00111,46,0,53,TRUE
14239,D8YKHC5hmUs_00112,46,0,111,TRUE
14240,D8YKHC5hmUs_00124,46,0,127,TRUE
14241,D8YKHC5hmUs_00125,46,0,134,TRUE
14242,D8YKHC5hmUs_00158,46,0,65,TRUE
14243,D8YKHC5hmUs_00159,46,0,127,TRUE
14244,DB4lpBDPnTY_00031,46,0,125,TRUE
14245,JzOshOJgofw_00022,46,0,76,TRUE
14246,JzOshOJgofw_00023,46,0,89,FALSE
14247,JzOshOJgofw_00024,46,0,140,TRUE
14248,JzOshOJgofw_00025,46,0,188,FALSE
14249,JzOshOJgofw_00040,46,0,107,TRUE
14250,JzOshOJgofw_00044,46,0,105,TRUE
14251,JzOshOJgofw_00045,46,0,195,FALSE
14252,JzOshOJgofw_00046,46,0,150,TRUE
14253,JzOshOJgofw_00047,46,0,162,TRUE
14254,JzOshOJgofw_00048,46,0,106,TRUE
14255,JzOshOJgofw_00049,46,0,134,TRUE
14256,JzOshOJgofw_00050,46,0,80,TRUE
14257,JzOshOJgofw_00051,46,0,114,TRUE
14258,JzOshOJgofw_00052,46,0,43,FALSE
14259,JzOshOJgofw_00054,46,0,115,TRUE
14260,JzOshOJgofw_00059,46,0,124,FALSE
14261,JzOshOJgofw_00060,46,0,213,FALSE
14262,JzOshOJgofw_00063,46,0,157,TRUE
14263,JzOshOJgofw_00064,46,0,135,TRUE
14264,JzOshOJgofw_00065,46,0,121,TRUE
14265,JzOshOJgofw_00066,46,0,207,FALSE
14266,JzOshOJgofw_00069,46,0,63,TRUE
14267,JzOshOJgofw_00070,46,0,118,TRUE
14268,JzOshOJgofw_00083,46,0,108,TRUE
14269,JzOshOJgofw_00084,46,0,161,TRUE
14270,JzOshOJgofw_00091,46,0,104,TRUE
14271,JzOshOJgofw_00092,46,0,172,TRUE
14272,LkluZoNfKu8_00016,46,0,120,TRUE
14273,LkluZoNfKu8_00017,46,0,249,FALSE
14274,LkluZoNfKu8_00024,46,0,131,TRUE
14275,LkluZoNfKu8_00025,46,0,259,FALSE
14276,LkluZoNfKu8_00026,46,0,114,TRUE
14277,LkluZoNfKu8_00027,46,0,235,FALSE
14278,LkluZoNfKu8_00106,46,0,105,TRUE
14279,LkluZoNfKu8_00107,46,0,206,FALSE
14280,LkluZoNfKu8_00144,46,0,102,TRUE
14281,LkluZoNfKu8_00145,46,0,202,FALSE
14282,OFxuiqI5G44_00236,46,0,440,FALSE
14283,OFxuiqI5G44_00237,46,0,251,FALSE
14284,OFxuiqI5G44_00238,46,0,291,FALSE
14285,OFxuiqI5G44_00242,46,0,227,FALSE
14286,OFxuiqI5G44_00243,46,0,174,FALSE
14287,OFxuiqI5G44_00244,46,0,190,FALSE
14288,OFxuiqI5G44_00251,46,0,238,FALSE
14289,OFxuiqI5G44_00252,46,0,219,FALSE
14290,OFxuiqI5G44_00253,46,0,248,FALSE
14291,OFxuiqI5G44_00260,46,0,377,FALSE
14292,OFxuiqI5G44_00261,46,0,239,FALSE
14293,OFxuiqI5G44_00262,46,0,249,FALSE
14294,OFxuiqI5G44_00263,46,0,207,FALSE
14295,OFxuiqI5G44_00264,46,0,197,FALSE
14296,OFxuiqI5G44_00265,46,0,236,FALSE
14297,OFxuiqI5G44_00275,46,0,361,FALSE
14298,OFxuiqI5G44_00276,46,0,234,FALSE
14299,OFxuiqI5G44_00277,46,0,293,FALSE
14300,Q--70-ELqLw_00180,46,0,85,FALSE
14301,Q--70-ELqLw_00181,46,0,165,TRUE
14302,Q--70-ELqLw_00183,46,0,57,TRUE
14303,Q--70-ELqLw_00184,46,0,227,FALSE
14304,Q--70-ELqLw_00193,46,0,74,TRUE
14305,Q--70-ELqLw_00194,46,0,178,TRUE
14306,Q--70-ELqLw_00195,46,0,198,FALSE
14307,Q--70-ELqLw_00196,46,0,69,TRUE
14308,Q--70-ELqLw_00197,46,0,160,TRUE
14309,Q--70-ELqLw_00198,46,0,184,FALSE
14310,Q--70-ELqLw_00199,46,0,75,TRUE
14311,Q--70-ELqLw_00200,46,0,180,FALSE
14312,Q--70-ELqLw_00201,46,0,184,FALSE
14313,VNvb5oLOpLg_00069,46,0,146,TRUE
14314,VNvb5oLOpLg_00070,46,0,213,FALSE
14315,VNvb5oLOpLg_00079,46,0,164,TRUE
14316,VNvb5oLOpLg_00080,46,0,258,FALSE
14317,VNvb5oLOpLg_00085,46,0,231,FALSE
14318,VNvb5oLOpLg_00086,46,0,206,FALSE
14319,VNvb5oLOpLg_00131,46,0,241,FALSE
14320,VNvb5oLOpLg_00132,46,0,378,FALSE
14321,VNvb5oLOpLg_00135,46,0,120,TRUE
14322,VNvb5oLOpLg_00136,46,0,228,FALSE
14323,VNvb5oLOpLg_00141,46,0,287,FALSE
14324,VNvb5oLOpLg_00142,46,0,244,FALSE
14325,VNvb5oLOpLg_00145,46,0,241,FALSE
14326,VNvb5oLOpLg_00146,46,0,303,FALSE
14327,VNvb5oLOpLg_00153,46,0,261,FALSE
14328,VNvb5oLOpLg_00154,46,0,271,FALSE
14329,VNvb5oLOpLg_00155,46,0,142,TRUE
14330,VNvb5oLOpLg_00156,46,0,241,FALSE
14331,VNvb5oLOpLg_00161,46,0,260,FALSE
14332,VNvb5oLOpLg_00162,46,0,297,FALSE
14333,VNvb5oLOpLg_00165,46,0,147,FALSE
14334,VNvb5oLOpLg_00166,46,0,204,FALSE
14335,VNvb5oLOpLg_00173,46,0,233,FALSE
14336,VNvb5oLOpLg_00174,46,0,279,FALSE
14337,VNvb5oLOpLg_00179,46,0,130,FALSE
14338,VNvb5oLOpLg_00180,46,0,214,FALSE
14339,VNvb5oLOpLg_00181,46,0,111,TRUE
14340,VNvb5oLOpLg_00182,46,0,237,FALSE
14341,VNvb5oLOpLg_00183,46,0,178,TRUE
14342,VNvb5oLOpLg_00184,46,0,243,FALSE
14343,VNvb5oLOpLg_00187,46,0,347,FALSE
14344,VNvb5oLOpLg_00188,46,0,264,FALSE
14345,VNvb5oLOpLg_00191,46,0,147,TRUE
14346,VNvb5oLOpLg_00192,46,0,245,FALSE
14347,VNvb5oLOpLg_00201,46,0,134,FALSE
14348,VNvb5oLOpLg_00211,46,0,241,FALSE
14349,VNvb5oLOpLg_00212,46,0,207,FALSE
14350,VNvb5oLOpLg_00213,46,0,210,FALSE
14351,VNvb5oLOpLg_00214,46,0,205,FALSE
14352,VNvb5oLOpLg_00219,46,0,252,FALSE
14353,VNvb5oLOpLg_00220,46,0,247,FALSE
14354,VNvb5oLOpLg_00225,46,0,157,TRUE
14355,VNvb5oLOpLg_00226,46,0,217,FALSE
14356,VNvb5oLOpLg_00229,46,0,116,FALSE
14357,VNvb5oLOpLg_00230,46,0,261,FALSE
14358,VNvb5oLOpLg_00231,46,0,160,TRUE
14359,VNvb5oLOpLg_00232,46,0,206,FALSE
14360,VNvb5oLOpLg_00233,46,0,204,FALSE
14361,VNvb5oLOpLg_00234,46,0,260,FALSE
14362,VNvb5oLOpLg_00237,46,0,162,FALSE
14363,VNvb5oLOpLg_00238,46,0,226,FALSE
14364,VNvb5oLOpLg_00239,46,0,113,FALSE
14365,VNvb5oLOpLg_00240,46,0,222,FALSE
14366,VNvb5oLOpLg_00250,46,0,186,FALSE
14367,VNvb5oLOpLg_00254,46,0,251,FALSE
14368,VNvb5oLOpLg_00255,46,0,220,FALSE
14369,VNvb5oLOpLg_00264,46,0,195,FALSE
14370,VNvb5oLOpLg_00265,46,0,263,FALSE
14371,VNvb5oLOpLg_00607,46,0,181,FALSE
14372,VNvb5oLOpLg_00658,46,0,148,TRUE
14373,VNvb5oLOpLg_00659,46,0,282,FALSE
14374,VNvb5oLOpLg_00660,46,0,223,FALSE
14375,VNvb5oLOpLg_00679,46,0,130,FALSE
14376,VNvb5oLOpLg_00680,46,0,239,FALSE
14377,VNvb5oLOpLg_00681,46,0,242,FALSE
14378,VNvb5oLOpLg_00691,46,0,462,FALSE
14379,VNvb5oLOpLg_00692,46,0,306,FALSE
14380,VNvb5oLOpLg_00693,46,0,304,FALSE
14381,VNvb5oLOpLg_00706,46,0,152,TRUE
14382,VNvb5oLOpLg_00707,46,0,268,FALSE
14383,VNvb5oLOpLg_00708,46,0,235,FALSE
14384,VNvb5oLOpLg_00709,46,0,143,FALSE
14385,VNvb5oLOpLg_00710,46,0,247,FALSE
14386,VNvb5oLOpLg_00711,46,0,254,FALSE
14387,VNvb5oLOpLg_00712,46,0,150,TRUE
14388,VNvb5oLOpLg_00713,46,0,243,FALSE
14389,VNvb5oLOpLg_00714,46,0,263,FALSE
14390,VNvb5oLOpLg_00718,46,0,234,FALSE
14391,VNvb5oLOpLg_00719,46,0,301,FALSE
14392,VNvb5oLOpLg_00720,46,0,299,FALSE
14393,VNvb5oLOpLg_00721,46,0,127,FALSE
14394,VNvb5oLOpLg_00722,46,0,254,FALSE
14395,VNvb5oLOpLg_00723,46,0,230,FALSE
14396,VNvb5oLOpLg_00742,46,0,116,FALSE
14397,VNvb5oLOpLg_00743,46,0,220,FALSE
14398,VNvb5oLOpLg_00745,46,0,191,FALSE
14399,VNvb5oLOpLg_00746,46,0,268,FALSE
14400,VNvb5oLOpLg_00747,46,0,273,FALSE
14401,VNvb5oLOpLg_00751,46,0,151,TRUE
14402,VNvb5oLOpLg_00752,46,0,229,FALSE
14403,VNvb5oLOpLg_00753,46,0,258,FALSE
14404,VNvb5oLOpLg_00757,46,0,155,FALSE
14405,VNvb5oLOpLg_00758,46,0,274,FALSE
14406,VNvb5oLOpLg_00759,46,0,234,FALSE
14407,VNvb5oLOpLg_00770,46,0,168,TRUE
14408,VNvb5oLOpLg_00771,46,0,164,TRUE
14409,VNvb5oLOpLg_00779,46,0,191,FALSE
14410,VNvb5oLOpLg_00780,46,0,236,FALSE
14411,VNvb5oLOpLg_00781,46,0,220,FALSE
14412,VNvb5oLOpLg_00788,46,0,137,FALSE
14413,VNvb5oLOpLg_00789,46,0,267,FALSE
14414,VNvb5oLOpLg_00790,46,0,239,FALSE
14415,VNvb5oLOpLg_00797,46,0,201,FALSE
14416,VNvb5oLOpLg_00798,46,0,233,FALSE
14417,VNvb5oLOpLg_00799,46,0,223,FALSE
14418,VNvb5oLOpLg_00800,46,0,142,TRUE
14419,VNvb5oLOpLg_00801,46,0,225,FALSE
14420,VNvb5oLOpLg_00802,46,0,240,FALSE
14421,VNvb5oLOpLg_00803,46,0,137,FALSE
14422,VNvb5oLOpLg_00804,46,0,181,FALSE
14423,VNvb5oLOpLg_00805,46,0,255,FALSE
14424,VNvb5oLOpLg_00821,46,0,584,FALSE
14425,VNvb5oLOpLg_00822,46,0,221,FALSE
14426,VNvb5oLOpLg_00823,46,0,231,FALSE
14427,VNvb5oLOpLg_00833,46,0,136,FALSE
14428,VNvb5oLOpLg_00834,46,0,244,FALSE
14429,VNvb5oLOpLg_00835,46,0,226,FALSE
14430,VNvb5oLOpLg_00842,46,0,172,TRUE
14431,VNvb5oLOpLg_00844,46,0,204,FALSE
14432,VNvb5oLOpLg_00848,46,0,381,FALSE
14433,VNvb5oLOpLg_00849,46,0,240,FALSE
14434,VNvb5oLOpLg_00850,46,0,246,FALSE
14435,VNvb5oLOpLg_00851,46,0,136,FALSE
14436,VNvb5oLOpLg_00852,46,0,239,FALSE
14437,VNvb5oLOpLg_00853,46,0,246,FALSE
14438,Y7QZcr24ye0_00078,46,0,189,FALSE
14439,Y7QZcr24ye0_00079,46,0,233,FALSE
14440,Y7QZcr24ye0_00131,46,0,153,TRUE
14441,Y7QZcr24ye0_00132,46,0,235,FALSE
14442,Y7QZcr24ye0_00133,46,0,222,FALSE
14443,Y7QZcr24ye0_00134,46,0,248,FALSE
14444,Y7QZcr24ye0_00137,46,0,113,FALSE
14445,Y7QZcr24ye0_00138,46,0,219,FALSE
14446,Y7QZcr24ye0_00141,46,0,170,FALSE
14447,Y7QZcr24ye0_00142,46,0,224,FALSE
14448,Y7QZcr24ye0_00155,46,0,128,FALSE
14449,Y7QZcr24ye0_00156,46,0,212,FALSE
14450,Y7QZcr24ye0_00157,46,0,96,TRUE
14451,Y7QZcr24ye0_00158,46,0,180,FALSE
14452,Y7QZcr24ye0_00161,46,0,243,FALSE
14453,Y7QZcr24ye0_00162,46,0,233,FALSE
14454,Y7QZcr24ye0_00169,46,0,366,FALSE
14455,Y7QZcr24ye0_00170,46,0,285,FALSE
14456,Y7QZcr24ye0_00171,46,0,425,FALSE
14457,Y7QZcr24ye0_00172,46,0,246,FALSE
14458,Y7QZcr24ye0_00175,46,0,232,FALSE
14459,Y7QZcr24ye0_00176,46,0,228,FALSE
14460,Y7QZcr24ye0_00178,46,0,230,FALSE
14461,Y7QZcr24ye0_00185,46,0,174,FALSE
14462,Y7QZcr24ye0_00186,46,0,207,FALSE
14463,Y7QZcr24ye0_00187,46,0,198,FALSE
14464,Y7QZcr24ye0_00188,46,0,194,FALSE
14465,Y7QZcr24ye0_00189,46,0,177,FALSE
14466,Y7QZcr24ye0_00190,46,0,221,FALSE
14467,Y7QZcr24ye0_00191,46,0,160,TRUE
14468,Y7QZcr24ye0_00192,46,0,203,FALSE
14469,Y7QZcr24ye0_00193,46,0,91,FALSE
14470,Y7QZcr24ye0_00194,46,0,175,TRUE
14471,Y7QZcr24ye0_00195,46,0,199,FALSE
14472,Y7QZcr24ye0_00196,46,0,246,FALSE
14473,Y7QZcr24ye0_00201,46,0,119,FALSE
14474,Y7QZcr24ye0_00202,46,0,186,FALSE
14475,Y7QZcr24ye0_00205,46,0,273,FALSE
14476,Y7QZcr24ye0_00206,46,0,226,FALSE
14477,Y7QZcr24ye0_00209,46,0,177,TRUE
14478,Y7QZcr24ye0_00210,46,0,221,FALSE
14479,Y7QZcr24ye0_00217,46,0,145,FALSE
14480,Y7QZcr24ye0_00218,46,0,197,FALSE
14481,Y7QZcr24ye0_00219,46,0,209,FALSE
14482,Y7QZcr24ye0_00220,46,0,252,FALSE
14483,Y7QZcr24ye0_00225,46,0,225,FALSE
14484,Y7QZcr24ye0_00226,46,0,250,FALSE
14485,Y7QZcr24ye0_00229,46,0,410,FALSE
14486,Y7QZcr24ye0_00230,46,0,311,FALSE
14487,Y7QZcr24ye0_00231,46,0,378,FALSE
14488,Y7QZcr24ye0_00232,46,0,210,FALSE
14489,Y7QZcr24ye0_00233,46,0,190,FALSE
14490,Y7QZcr24ye0_00234,46,0,251,FALSE
14491,Y7QZcr24ye0_00239,46,0,157,TRUE
14492,Y7QZcr24ye0_00240,46,0,206,FALSE
14493,Y7QZcr24ye0_00245,46,0,252,FALSE
14494,Y7QZcr24ye0_00246,46,0,225,FALSE
14495,Y7QZcr24ye0_00247,46,0,278,FALSE
14496,Y7QZcr24ye0_00248,46,0,200,FALSE
14497,Y7QZcr24ye0_00280,46,0,211,FALSE
14498,Y7QZcr24ye0_00281,46,0,234,FALSE
14499,Y7QZcr24ye0_00715,46,0,160,FALSE
14500,Y7QZcr24ye0_00716,46,0,323,FALSE
14501,Y7QZcr24ye0_00717,46,0,295,FALSE
14502,Y7QZcr24ye0_00721,46,0,150,FALSE
14503,Y7QZcr24ye0_00722,46,0,261,FALSE
14504,Y7QZcr24ye0_00723,46,0,266,FALSE
14505,Y7QZcr24ye0_00741,46,0,141,TRUE
14506,Y7QZcr24ye0_00742,46,0,251,FALSE
14507,Y7QZcr24ye0_00743,46,0,293,FALSE
14508,Y7QZcr24ye0_00756,46,0,144,TRUE
14509,Y7QZcr24ye0_00757,46,0,274,FALSE
14510,Y7QZcr24ye0_00758,46,0,302,FALSE
14511,Y7QZcr24ye0_00762,46,0,122,FALSE
14512,Y7QZcr24ye0_00763,46,0,218,FALSE
14513,Y7QZcr24ye0_00764,46,0,228,FALSE
14514,Y7QZcr24ye0_00768,46,0,153,TRUE
14515,Y7QZcr24ye0_00769,46,0,260,FALSE
14516,Y7QZcr24ye0_00770,46,0,212,FALSE
14517,Y7QZcr24ye0_00774,46,0,155,TRUE
14518,Y7QZcr24ye0_00775,46,0,269,FALSE
14519,Y7QZcr24ye0_00776,46,0,261,FALSE
14520,Y7QZcr24ye0_00800,46,0,159,FALSE
14521,Y7QZcr24ye0_00801,46,0,290,FALSE
14522,Y7QZcr24ye0_00802,46,0,301,FALSE
14523,Y7QZcr24ye0_00803,46,0,88,FALSE
14524,Y7QZcr24ye0_00804,46,0,232,FALSE
14525,Y7QZcr24ye0_00805,46,0,236,FALSE
14526,Y7QZcr24ye0_00806,46,0,130,TRUE
14527,Y7QZcr24ye0_00807,46,0,235,FALSE
14528,Y7QZcr24ye0_00808,46,0,231,FALSE
14529,Y7QZcr24ye0_00812,46,0,155,FALSE
14530,Y7QZcr24ye0_00813,46,0,303,FALSE
14531,Y7QZcr24ye0_00814,46,0,290,FALSE
14532,Y7QZcr24ye0_00818,46,0,101,TRUE
14533,Y7QZcr24ye0_00819,46,0,220,FALSE
14534,Y7QZcr24ye0_00820,46,0,224,FALSE
14535,Y7QZcr24ye0_00821,46,0,134,FALSE
14536,Y7QZcr24ye0_00822,46,0,273,FALSE
14537,Y7QZcr24ye0_00823,46,0,261,FALSE
14538,Y7QZcr24ye0_00841,46,0,147,FALSE
14539,Y7QZcr24ye0_00842,46,0,291,FALSE
14540,Y7QZcr24ye0_00843,46,0,315,FALSE
14541,Z_uFnDg-a4I_00015,46,0,193,FALSE
14542,Z_uFnDg-a4I_00016,46,0,131,TRUE
14543,Z_uFnDg-a4I_00017,46,0,170,TRUE
14544,Z_uFnDg-a4I_00018,46,0,94,TRUE
14545,Z_uFnDg-a4I_00019,46,0,147,FALSE
14546,Z_uFnDg-a4I_00020,46,0,205,FALSE
14547,Z_uFnDg-a4I_00021,46,0,125,TRUE
14548,Z_uFnDg-a4I_00022,46,0,154,TRUE
14549,Z_uFnDg-a4I_00023,46,0,195,FALSE
14550,Z_uFnDg-a4I_00081,46,0,194,FALSE
14551,Z_uFnDg-a4I_00082,46,0,178,TRUE
14552,Z_uFnDg-a4I_00122,46,0,67,FALSE
14553,Z_uFnDg-a4I_00123,46,0,139,TRUE
14554,Z_uFnDg-a4I_00124,46,0,171,TRUE
14555,Z_uFnDg-a4I_00125,46,0,151,FALSE
14556,Z_uFnDg-a4I_00126,46,0,157,FALSE
14557,Z_uFnDg-a4I_00127,46,0,190,FALSE
14558,_lmT4WlK7G0_00026,46,0,200,FALSE
14559,_lmT4WlK7G0_00027,46,0,150,TRUE
14560,_lmT4WlK7G0_00028,46,0,112,TRUE
14561,_lmT4WlK7G0_00029,46,0,123,TRUE
14562,_lmT4WlK7G0_00030,46,0,160,TRUE
14563,_lmT4WlK7G0_00031,46,0,110,FALSE
14564,_lmT4WlK7G0_00032,46,0,136,FALSE
14565,_lmT4WlK7G0_00039,46,0,126,TRUE
14566,_lmT4WlK7G0_00040,46,0,187,FALSE
14567,_lmT4WlK7G0_00041,46,0,101,FALSE
14568,db7DmpqzGmc_00038,46,0,90,FALSE
14569,db7DmpqzGmc_00040,46,0,151,TRUE
14570,db7DmpqzGmc_00041,46,0,95,FALSE
14571,db7DmpqzGmc_00045,46,0,92,TRUE
14572,db7DmpqzGmc_00046,46,0,158,TRUE
14573,db7DmpqzGmc_00047,46,0,176,TRUE
14574,db7DmpqzGmc_00048,46,0,201,FALSE
14575,db7DmpqzGmc_00049,46,0,151,TRUE
14576,db7DmpqzGmc_00050,46,0,148,FALSE
14577,db7DmpqzGmc_00051,46,0,52,FALSE
14578,db7DmpqzGmc_00052,46,0,121,TRUE
14579,db7DmpqzGmc_00053,46,0,101,FALSE
14580,db7DmpqzGmc_00163,46,0,44,FALSE
14581,db7DmpqzGmc_00164,46,0,69,FALSE
14582,db7DmpqzGmc_00165,46,0,81,FALSE
14583,db7DmpqzGmc_00169,46,0,105,TRUE
14584,db7DmpqzGmc_00171,46,0,151,TRUE
14585,db7DmpqzGmc_00172,46,0,152,TRUE
14586,db7DmpqzGmc_00173,46,0,85,FALSE
14587,db7DmpqzGmc_00174,46,0,142,TRUE
14588,db7DmpqzGmc_00175,46,0,130,FALSE
14589,db7DmpqzGmc_00176,46,0,131,TRUE
14590,db7DmpqzGmc_00177,46,0,93,TRUE
14591,db7DmpqzGmc_00178,46,0,101,FALSE
14592,ddV_Cpszpls_00011,46,0,134,FALSE
14593,ddV_Cpszpls_00021,46,0,102,TRUE
14594,ddV_Cpszpls_00022,46,0,104,TRUE
14595,ddV_Cpszpls_00023,46,0,179,TRUE
14596,ddV_Cpszpls_00024,46,0,95,FALSE
14597,ddV_Cpszpls_00025,46,0,66,TRUE
14598,ddV_Cpszpls_00026,46,0,182,FALSE
14599,ddV_Cpszpls_00027,46,0,72,FALSE
14600,ddV_Cpszpls_00028,46,0,85,TRUE
14601,ddV_Cpszpls_00029,46,0,178,FALSE
14602,ddV_Cpszpls_00030,46,0,72,FALSE
14603,ddV_Cpszpls_00031,46,0,287,FALSE
14604,ddV_Cpszpls_00032,46,0,242,FALSE
14605,ddV_Cpszpls_00033,46,0,109,TRUE
14606,ddV_Cpszpls_00037,46,0,105,FALSE
14607,ddV_Cpszpls_00038,46,0,188,FALSE
14608,ddV_Cpszpls_00039,46,0,115,FALSE
14609,ddV_Cpszpls_00040,46,0,102,TRUE
14610,ddV_Cpszpls_00041,46,0,197,FALSE
14611,ddV_Cpszpls_00042,46,0,96,FALSE
14612,ddV_Cpszpls_00043,46,0,114,TRUE
14613,ddV_Cpszpls_00044,46,0,224,FALSE
14614,ddV_Cpszpls_00045,46,0,129,TRUE
14615,ddV_Cpszpls_00143,46,0,112,TRUE
14616,ddV_Cpszpls_00144,46,0,88,FALSE
14617,ddV_Cpszpls_00145,46,0,212,FALSE
14618,ddV_Cpszpls_00146,46,0,88,FALSE
14619,ddV_Cpszpls_00147,46,0,40,TRUE
14620,ddV_Cpszpls_00148,46,0,145,FALSE
14621,ddV_Cpszpls_00150,46,0,114,TRUE
14622,ddV_Cpszpls_00152,46,0,222,FALSE
14623,ddV_Cpszpls_00154,46,0,135,TRUE
14624,ddV_Cpszpls_00155,46,0,238,FALSE
14625,ddV_Cpszpls_00156,46,0,126,FALSE
14626,ddV_Cpszpls_00160,46,0,140,TRUE
14627,ddV_Cpszpls_00161,46,0,205,FALSE
14628,ddV_Cpszpls_00162,46,0,72,FALSE
14629,ddV_Cpszpls_00163,46,0,56,TRUE
14630,ddV_Cpszpls_00164,46,0,170,FALSE
14631,ddV_Cpszpls_00165,46,0,86,FALSE
14632,ddV_Cpszpls_00166,46,0,85,TRUE
14633,ddV_Cpszpls_00167,46,0,202,FALSE
14634,eN8umEok9U8_00053,46,0,118,TRUE
14635,eN8umEok9U8_00054,46,0,154,TRUE
14636,eN8umEok9U8_00062,46,0,121,TRUE
14637,eN8umEok9U8_00063,46,0,168,TRUE
14638,eN8umEok9U8_00064,46,0,206,FALSE
14639,eN8umEok9U8_00065,46,0,257,FALSE
14640,eN8umEok9U8_00108,46,0,98,TRUE
14641,eN8umEok9U8_00109,46,0,95,TRUE
14642,eN8umEok9U8_00171,46,0,106,TRUE
14643,eN8umEok9U8_00172,46,0,129,TRUE
14644,fB1Pc3CylrQ_00001,46,0,128,TRUE
14645,fB1Pc3CylrQ_00004,46,0,43,TRUE
14646,fB1Pc3CylrQ_00007,46,0,52,TRUE
14647,fohMq9tOn6E_00000,46,0,128,TRUE
14648,fohMq9tOn6E_00001,46,0,114,TRUE
14649,fohMq9tOn6E_00028,46,0,49,TRUE
14650,fohMq9tOn6E_00029,46,0,76,FALSE
14651,fohMq9tOn6E_00030,46,0,89,TRUE
14652,k1F4LHeYhBs_00119,46,0,242,FALSE
14653,k1F4LHeYhBs_00120,46,0,247,FALSE
14654,k1F4LHeYhBs_00121,46,0,251,FALSE
14655,nOlRwoxsDJ0_00113,46,0,172,TRUE
14656,nOlRwoxsDJ0_00114,46,0,208,FALSE
14657,nOlRwoxsDJ0_00115,46,0,240,FALSE
14658,nOlRwoxsDJ0_00116,46,0,228,FALSE
14659,nOlRwoxsDJ0_00119,46,0,299,FALSE
14660,nOlRwoxsDJ0_00120,46,0,298,FALSE
14661,nOlRwoxsDJ0_00123,46,0,105,TRUE
14662,nOlRwoxsDJ0_00124,46,0,164,FALSE
14663,nOlRwoxsDJ0_00127,46,0,151,TRUE
14664,nOlRwoxsDJ0_00128,46,0,212,FALSE
14665,nOlRwoxsDJ0_00133,46,0,228,FALSE
14666,nOlRwoxsDJ0_00134,46,0,236,FALSE
14667,nOlRwoxsDJ0_00135,46,0,329,FALSE
14668,nOlRwoxsDJ0_00136,46,0,298,FALSE
14669,nOlRwoxsDJ0_00139,46,0,171,TRUE
14670,nOlRwoxsDJ0_00140,46,0,215,FALSE
14671,nOlRwoxsDJ0_00141,46,0,142,TRUE
14672,nOlRwoxsDJ0_00142,46,0,179,TRUE
14673,nOlRwoxsDJ0_00145,46,0,172,FALSE
14674,nOlRwoxsDJ0_00146,46,0,214,FALSE
14675,nOlRwoxsDJ0_00151,46,0,163,FALSE
14676,nOlRwoxsDJ0_00152,46,0,216,FALSE
14677,nOlRwoxsDJ0_00153,46,0,297,FALSE
14678,nOlRwoxsDJ0_00154,46,0,197,FALSE
14679,nOlRwoxsDJ0_00157,46,0,134,TRUE
14680,nOlRwoxsDJ0_00158,46,0,258,FALSE
14681,nOlRwoxsDJ0_00159,46,0,255,FALSE
14682,nOlRwoxsDJ0_00164,46,0,241,FALSE
14683,nOlRwoxsDJ0_00165,46,0,232,FALSE
14684,nOlRwoxsDJ0_00174,46,0,182,FALSE
14685,nOlRwoxsDJ0_00175,46,0,229,FALSE
14686,nOlRwoxsDJ0_00182,46,0,130,FALSE
14687,nOlRwoxsDJ0_00183,46,0,218,FALSE
14688,nOlRwoxsDJ0_00186,46,0,146,TRUE
14689,nOlRwoxsDJ0_00194,46,0,122,TRUE
14690,nOlRwoxsDJ0_00195,46,0,214,FALSE
14691,nOlRwoxsDJ0_00200,46,0,182,FALSE
14692,nOlRwoxsDJ0_00201,46,0,267,FALSE
14693,nOlRwoxsDJ0_00204,46,0,157,TRUE
14694,nOlRwoxsDJ0_00205,46,0,266,FALSE
14695,nOlRwoxsDJ0_00206,46,0,184,FALSE
14696,nOlRwoxsDJ0_00207,46,0,200,FALSE
14697,nOlRwoxsDJ0_00211,46,0,221,FALSE
14698,nOlRwoxsDJ0_00212,46,0,274,FALSE
14699,nOlRwoxsDJ0_00217,46,0,186,FALSE
14700,nOlRwoxsDJ0_00218,46,0,259,FALSE
14701,nOlRwoxsDJ0_00219,46,0,207,FALSE
14702,nOlRwoxsDJ0_00220,46,0,293,FALSE
14703,nOlRwoxsDJ0_00223,46,0,151,TRUE
14704,nOlRwoxsDJ0_00224,46,0,191,FALSE
14705,nOlRwoxsDJ0_00225,46,0,173,TRUE
14706,nOlRwoxsDJ0_00226,46,0,222,FALSE
14707,nOlRwoxsDJ0_00520,46,0,423,FALSE
14708,nOlRwoxsDJ0_00521,46,0,242,FALSE
14709,nOlRwoxsDJ0_00532,46,0,153,TRUE
14710,nOlRwoxsDJ0_00533,46,0,232,FALSE
14711,nOlRwoxsDJ0_00536,46,0,303,FALSE
14712,nOlRwoxsDJ0_00537,46,0,265,FALSE
14713,nOlRwoxsDJ0_00552,46,0,134,FALSE
14714,nOlRwoxsDJ0_00554,46,0,219,FALSE
14715,nOlRwoxsDJ0_00562,46,0,115,FALSE
14716,nOlRwoxsDJ0_00563,46,0,228,FALSE
14717,nOlRwoxsDJ0_00570,46,0,162,FALSE
14718,nOlRwoxsDJ0_00571,46,0,246,FALSE
14719,nOlRwoxsDJ0_00574,46,0,128,FALSE
14720,nOlRwoxsDJ0_00575,46,0,239,FALSE
14721,nOlRwoxsDJ0_00578,46,0,142,FALSE
14722,nOlRwoxsDJ0_00579,46,0,250,FALSE
14723,nOlRwoxsDJ0_00582,46,0,152,FALSE
14724,nOlRwoxsDJ0_00583,46,0,263,FALSE
14725,nOlRwoxsDJ0_00593,46,0,177,TRUE
14726,nOlRwoxsDJ0_00594,46,0,255,FALSE
14727,nOlRwoxsDJ0_00597,46,0,130,FALSE
14728,nOlRwoxsDJ0_00598,46,0,258,FALSE
14729,nOlRwoxsDJ0_00611,46,0,168,TRUE
14730,nOlRwoxsDJ0_00612,46,0,267,FALSE
14731,nOlRwoxsDJ0_00615,46,0,131,FALSE
14732,nOlRwoxsDJ0_00616,46,0,252,FALSE
14733,nOlRwoxsDJ0_00619,46,0,145,TRUE
14734,nOlRwoxsDJ0_00620,46,0,260,FALSE
14735,nOlRwoxsDJ0_00631,46,0,192,FALSE
14736,nOlRwoxsDJ0_00632,46,0,286,FALSE
14737,nOlRwoxsDJ0_00637,46,0,128,FALSE
14738,nOlRwoxsDJ0_00638,46,0,232,FALSE
14739,nOlRwoxsDJ0_00643,46,0,151,FALSE
14740,nOlRwoxsDJ0_00644,46,0,244,FALSE
14741,nOlRwoxsDJ0_00651,46,0,126,FALSE
14742,nOlRwoxsDJ0_00652,46,0,257,FALSE
14743,nOlRwoxsDJ0_00653,46,0,182,FALSE
14744,nOlRwoxsDJ0_00654,46,0,291,FALSE
14745,nOlRwoxsDJ0_00659,46,0,143,TRUE
14746,nOlRwoxsDJ0_00660,46,0,272,FALSE
14747,nOlRwoxsDJ0_00661,46,0,143,TRUE
14748,nOlRwoxsDJ0_00662,46,0,266,FALSE
14749,siEI_jaSmd4_00020,46,0,78,TRUE
14750,siEI_jaSmd4_00028,46,0,48,TRUE
14751,siEI_jaSmd4_00029,46,0,100,TRUE
14752,siEI_jaSmd4_00031,46,0,76,TRUE
14753,siEI_jaSmd4_00035,46,0,120,TRUE
14754,siEI_jaSmd4_00043,46,0,103,TRUE
14755,siEI_jaSmd4_00052,46,0,66,TRUE
14756,siEI_jaSmd4_00060,46,0,64,TRUE
14757,siEI_jaSmd4_00065,46,0,157,TRUE
14758,siEI_jaSmd4_00069,46,0,144,TRUE
14759,sk8TafuB3lU_00046,46,0,254,FALSE
14760,sk8TafuB3lU_00050,46,0,294,FALSE
14761,sk8TafuB3lU_00111,46,0,172,TRUE
14762,sk8TafuB3lU_00112,46,0,319,FALSE
14763,sk8TafuB3lU_00133,46,0,165,TRUE
14764,sk8TafuB3lU_00134,46,0,297,FALSE
14765,sk8TafuB3lU_00143,46,0,156,TRUE
14766,sk8TafuB3lU_00144,46,0,264,FALSE
14767,sk8TafuB3lU_00145,46,0,205,FALSE
14768,sk8TafuB3lU_00146,46,0,265,FALSE
14769,sk8TafuB3lU_00150,46,0,125,FALSE
14770,sk8TafuB3lU_00151,46,0,215,FALSE
14771,sk8TafuB3lU_00152,46,0,174,FALSE
14772,sk8TafuB3lU_00153,46,0,308,FALSE
14773,sk8TafuB3lU_00158,46,0,252,FALSE
14774,sk8TafuB3lU_00159,46,0,148,TRUE
14775,sk8TafuB3lU_00160,46,0,282,FALSE
14776,sk8TafuB3lU_00161,46,0,216,FALSE
14777,sk8TafuB3lU_00162,46,0,250,FALSE
14778,sk8TafuB3lU_00163,46,0,230,FALSE
14779,sk8TafuB3lU_00164,46,0,244,FALSE
14780,sk8TafuB3lU_00165,46,0,160,FALSE
14781,sk8TafuB3lU_00176,46,0,195,FALSE
14782,sk8TafuB3lU_00177,46,0,253,FALSE
14783,sk8TafuB3lU_00179,46,0,284,FALSE
14784,sk8TafuB3lU_00181,46,0,132,FALSE
14785,sk8TafuB3lU_00182,46,0,209,FALSE
14786,sk8TafuB3lU_00183,46,0,167,FALSE
14787,sk8TafuB3lU_00184,46,0,226,FALSE
14788,sk8TafuB3lU_00188,46,0,226,FALSE
14789,sk8TafuB3lU_00189,46,0,132,FALSE
14790,sk8TafuB3lU_00190,46,0,262,FALSE
14791,sk8TafuB3lU_00193,46,0,226,FALSE
14792,sk8TafuB3lU_00195,46,0,200,FALSE
14793,sk8TafuB3lU_00196,46,0,220,FALSE
14794,sk8TafuB3lU_00197,46,0,238,FALSE
14795,sk8TafuB3lU_00198,46,0,166,TRUE
14796,sk8TafuB3lU_00199,46,0,252,FALSE
14797,sk8TafuB3lU_00200,46,0,251,FALSE
14798,sk8TafuB3lU_00201,46,0,261,FALSE
14799,sk8TafuB3lU_00204,46,0,135,TRUE
14800,sk8TafuB3lU_00205,46,0,240,FALSE
14801,sk8TafuB3lU_00206,46,0,168,FALSE
14802,sk8TafuB3lU_00207,46,0,246,FALSE
14803,sk8TafuB3lU_00208,46,0,104,TRUE
14804,sk8TafuB3lU_00209,46,0,226,FALSE
14805,sk8TafuB3lU_00216,46,0,204,FALSE
14806,sk8TafuB3lU_00217,46,0,256,FALSE
14807,sk8TafuB3lU_00233,46,0,164,FALSE
14808,sk8TafuB3lU_00234,46,0,262,FALSE
14809,sk8TafuB3lU_00235,46,0,175,FALSE
14810,sk8TafuB3lU_00236,46,0,283,FALSE
14811,sk8TafuB3lU_00240,46,0,123,FALSE
14812,sk8TafuB3lU_00241,46,0,242,FALSE
14813,sk8TafuB3lU_00242,46,0,143,FALSE
14814,sk8TafuB3lU_00243,46,0,262,FALSE
14815,sk8TafuB3lU_00252,46,0,151,TRUE
14816,sk8TafuB3lU_00253,46,0,222,FALSE
14817,sk8TafuB3lU_00755,46,0,130,TRUE
14818,sk8TafuB3lU_00756,46,0,234,FALSE
14819,sk8TafuB3lU_00757,46,0,242,FALSE
14820,sk8TafuB3lU_00773,46,0,135,FALSE
14821,sk8TafuB3lU_00774,46,0,250,FALSE
14822,sk8TafuB3lU_00775,46,0,238,FALSE
14823,sk8TafuB3lU_00781,46,0,124,FALSE
14824,sk8TafuB3lU_00782,46,0,197,FALSE
14825,sk8TafuB3lU_00783,46,0,205,FALSE
14826,sk8TafuB3lU_00793,46,0,224,FALSE
14827,sk8TafuB3lU_00794,46,0,255,FALSE
14828,sk8TafuB3lU_00795,46,0,259,FALSE
14829,sk8TafuB3lU_00801,46,0,137,FALSE
14830,sk8TafuB3lU_00802,46,0,251,FALSE
14831,sk8TafuB3lU_00803,46,0,260,FALSE
14832,sk8TafuB3lU_00804,46,0,133,FALSE
14833,sk8TafuB3lU_00805,46,0,229,FALSE
14834,sk8TafuB3lU_00806,46,0,211,FALSE
14835,sk8TafuB3lU_00815,46,0,218,FALSE
14836,sk8TafuB3lU_00816,46,0,244,FALSE
14837,sk8TafuB3lU_00817,46,0,257,FALSE
14838,sk8TafuB3lU_00818,46,0,158,FALSE
14839,sk8TafuB3lU_00819,46,0,264,FALSE
14840,sk8TafuB3lU_00820,46,0,250,FALSE
14841,sk8TafuB3lU_00821,46,0,123,FALSE
14842,sk8TafuB3lU_00822,46,0,275,FALSE
14843,sk8TafuB3lU_00823,46,0,260,FALSE
14844,sk8TafuB3lU_00827,46,0,139,FALSE
14845,sk8TafuB3lU_00828,46,0,275,FALSE
14846,sk8TafuB3lU_00829,46,0,241,FALSE
14847,sk8TafuB3lU_00843,46,0,143,FALSE
14848,sk8TafuB3lU_00844,46,0,262,FALSE
14849,sk8TafuB3lU_00845,46,0,213,FALSE
14850,sk8TafuB3lU_00846,46,0,275,FALSE
14851,sk8TafuB3lU_00847,46,0,285,FALSE
14852,sk8TafuB3lU_00851,46,0,224,FALSE
14853,sk8TafuB3lU_00852,46,0,230,FALSE
14854,sk8TafuB3lU_00853,46,0,259,FALSE
14855,sk8TafuB3lU_00854,46,0,249,FALSE
14856,sk8TafuB3lU_00882,46,0,139,FALSE
14857,sk8TafuB3lU_00883,46,0,265,FALSE
14858,sk8TafuB3lU_00884,46,0,246,FALSE
14859,sk8TafuB3lU_00885,46,0,140,TRUE
14860,sk8TafuB3lU_00886,46,0,251,FALSE
14861,sk8TafuB3lU_00887,46,0,239,FALSE
14862,sk8TafuB3lU_00912,46,0,166,TRUE
14863,sk8TafuB3lU_00913,46,0,264,FALSE
14864,sk8TafuB3lU_00931,46,0,476,FALSE
14865,sk8TafuB3lU_00932,46,0,289,FALSE
14866,sk8TafuB3lU_00933,46,0,227,FALSE
14867,sk8TafuB3lU_00938,46,0,117,FALSE
14868,sk8TafuB3lU_00939,46,0,222,FALSE
14869,sk8TafuB3lU_00940,46,0,224,FALSE
14870,sk8TafuB3lU_00941,46,0,223,FALSE
14871,sk8TafuB3lU_00942,46,0,232,FALSE
14872,sk8TafuB3lU_00943,46,0,229,FALSE
14873,uDESPUxbjnI_00003,46,0,142,TRUE
14874,uDESPUxbjnI_00004,46,0,93,FALSE
14875,uDESPUxbjnI_00005,46,0,115,FALSE
14876,uDESPUxbjnI_00006,46,0,89,TRUE
14877,uDESPUxbjnI_00007,46,0,89,FALSE
14878,uDESPUxbjnI_00008,46,0,132,TRUE
14879,uDESPUxbjnI_00015,46,0,57,FALSE
14880,uDESPUxbjnI_00016,46,0,186,FALSE
14881,uDESPUxbjnI_00017,46,0,142,FALSE
14882,uDESPUxbjnI_00018,46,0,89,FALSE
14883,uDESPUxbjnI_00019,46,0,96,FALSE
14884,uDESPUxbjnI_00020,46,0,149,FALSE
14885,uDESPUxbjnI_00024,46,0,90,FALSE
14886,uDESPUxbjnI_00025,46,0,154,FALSE
14887,uDESPUxbjnI_00030,46,0,120,TRUE
14888,uDESPUxbjnI_00031,46,0,108,FALSE
14889,uDESPUxbjnI_00032,46,0,154,FALSE
14890,uDESPUxbjnI_00039,46,0,71,TRUE
14891,uDESPUxbjnI_00040,46,0,113,FALSE
14892,uDESPUxbjnI_00041,46,0,153,FALSE
14893,uDESPUxbjnI_00042,46,0,121,FALSE
14894,uDESPUxbjnI_00043,46,0,171,FALSE
14895,uDESPUxbjnI_00124,46,0,279,FALSE
14896,uDESPUxbjnI_00125,46,0,94,FALSE
14897,uDESPUxbjnI_00126,46,0,118,TRUE
14898,uDESPUxbjnI_00127,46,0,50,FALSE
14899,uDESPUxbjnI_00128,46,0,69,FALSE
14900,uDESPUxbjnI_00129,46,0,143,FALSE
14901,uDESPUxbjnI_00137,46,0,68,TRUE
14902,uDESPUxbjnI_00138,46,0,209,FALSE
14903,uDESPUxbjnI_00139,46,0,136,FALSE
14904,uDESPUxbjnI_00140,46,0,122,FALSE
14905,uDESPUxbjnI_00141,46,0,133,FALSE
14906,uDESPUxbjnI_00145,46,0,87,FALSE
14907,uDESPUxbjnI_00146,46,0,151,FALSE
14908,uDESPUxbjnI_00147,46,0,93,FALSE
14909,uDESPUxbjnI_00151,46,0,189,FALSE
14910,uDESPUxbjnI_00152,46,0,144,TRUE
14911,uDESPUxbjnI_00153,46,0,209,FALSE
14912,uDESPUxbjnI_00160,46,0,128,FALSE
14913,uDESPUxbjnI_00161,46,0,135,FALSE
14914,uDESPUxbjnI_00162,46,0,159,FALSE
14915,uDESPUxbjnI_00163,46,0,122,FALSE
14916,uDESPUxbjnI_00164,46,0,176,FALSE
14917,vlfy4cny75s_00003,46,0,76,TRUE
14918,vlfy4cny75s_00034,46,0,105,TRUE
14919,vlfy4cny75s_00035,46,0,138,TRUE
14920,vlfy4cny75s_00036,46,0,210,FALSE
14921,vlfy4cny75s_00144,46,0,97,TRUE
14922,vlfy4cny75s_00145,46,0,139,TRUE
14923,vlfy4cny75s_00146,46,0,231,FALSE
14924,zYHstCxnAPA_00053,46,0,304,FALSE
14925,zYHstCxnAPA_00054,46,0,236,FALSE
14926,zYHstCxnAPA_00057,46,0,100,FALSE
14927,zYHstCxnAPA_00082,46,0,151,TRUE
14928,zYHstCxnAPA_00083,46,0,239,FALSE
14929,zYHstCxnAPA_00084,46,0,175,FALSE
14930,zYHstCxnAPA_00085,46,0,226,FALSE
14931,zYHstCxnAPA_00094,46,0,146,TRUE
14932,zYHstCxnAPA_00095,46,0,211,FALSE
14933,zYHstCxnAPA_00096,46,0,330,FALSE
14934,zYHstCxnAPA_00097,46,0,224,FALSE
14935,zYHstCxnAPA_00104,46,0,214,FALSE
14936,zYHstCxnAPA_00105,46,0,225,FALSE
14937,zYHstCxnAPA_00106,46,0,455,FALSE
14938,zYHstCxnAPA_00107,46,0,232,FALSE
14939,zYHstCxnAPA_00112,46,0,247,FALSE
14940,zYHstCxnAPA_00113,46,0,73,FALSE
14941,zYHstCxnAPA_00114,46,0,184,FALSE
14942,zYHstCxnAPA_00115,46,0,277,FALSE
14943,zYHstCxnAPA_00116,46,0,215,FALSE
14944,zYHstCxnAPA_00156,46,0,215,FALSE
14945,zYHstCxnAPA_00157,46,0,204,FALSE
14946,zYHstCxnAPA_00257,46,0,235,FALSE
14947,zYHstCxnAPA_00415,46,0,263,FALSE
14948,zYHstCxnAPA_00416,46,0,243,FALSE
14949,zYHstCxnAPA_00455,46,0,173,TRUE
14950,zYHstCxnAPA_00461,46,0,127,FALSE
14951,zYHstCxnAPA_00462,46,0,275,FALSE
14952,zYHstCxnAPA_00465,46,0,87,TRUE
14953,zYHstCxnAPA_00466,46,0,204,FALSE
14954,zYHstCxnAPA_00494,46,0,110,FALSE
14955,zYHstCxnAPA_00495,46,0,249,FALSE
14956,zYHstCxnAPA_00496,46,0,139,TRUE
14957,zYHstCxnAPA_00497,46,0,228,FALSE
14958,zYHstCxnAPA_00504,46,0,204,FALSE
14959,zYHstCxnAPA_00505,46,0,316,FALSE
14960,zYHstCxnAPA_00508,46,0,155,TRUE
14961,zYHstCxnAPA_00509,46,0,220,FALSE
14962,zYHstCxnAPA_00510,46,0,221,FALSE
14963,zYHstCxnAPA_00511,46,0,279,FALSE
14964,zYHstCxnAPA_00512,46,0,213,FALSE
14965,zYHstCxnAPA_00513,46,0,279,FALSE
14966,zYHstCxnAPA_00518,46,0,197,FALSE
14967,zYHstCxnAPA_00519,46,0,295,FALSE
14968,zYHstCxnAPA_00532,46,0,110,FALSE
14969,zYHstCxnAPA_00533,46,0,205,FALSE
14970,zYHstCxnAPA_00537,46,0,274,FALSE
14971,zYHstCxnAPA_00538,46,0,299,FALSE
14972,zYHstCxnAPA_00539,46,0,258,FALSE
14973,zYHstCxnAPA_00540,46,0,348,FALSE
14974,zYHstCxnAPA_00544,46,0,274,FALSE
14975,zbAC7t15q3k_00037,46,0,73,FALSE
14976,zbAC7t15q3k_00041,46,0,177,FALSE
14977,zbAC7t15q3k_00045,46,0,59,TRUE
14978,zbAC7t15q3k_00046,46,0,176,TRUE
14979,zbAC7t15q3k_00047,46,0,92,FALSE
14980,zbAC7t15q3k_00048,46,0,74,TRUE
14981,zbAC7t15q3k_00049,46,0,161,TRUE
14982,zbAC7t15q3k_00050,46,0,56,FALSE
14983,2x00lRzlTVQ_00038,47,0,128,TRUE
14984,2x00lRzlTVQ_00039,47,0,199,FALSE
14985,D8YKHC5hmUs_00044,47,0,55,TRUE
14986,D8YKHC5hmUs_00045,47,0,117,TRUE
14987,D8YKHC5hmUs_00069,47,0,192,FALSE
14988,D8YKHC5hmUs_00070,47,0,122,TRUE
14989,D8YKHC5hmUs_00101,47,0,54,TRUE
14990,D8YKHC5hmUs_00102,47,0,117,TRUE
14991,D8YKHC5hmUs_00109,47,0,47,TRUE
14992,D8YKHC5hmUs_00110,47,0,99,TRUE
14993,JzOshOJgofw_00042,47,0,101,TRUE
14994,JzOshOJgofw_00043,47,0,132,TRUE
14995,LkluZoNfKu8_00028,47,0,64,TRUE
14996,LkluZoNfKu8_00029,47,0,158,TRUE
14997,LkluZoNfKu8_00108,47,0,66,TRUE
14998,LkluZoNfKu8_00109,47,0,217,FALSE
14999,Y7QZcr24ye0_00660,47,0,130,FALSE
15000,Y7QZcr24ye0_00662,47,0,226,FALSE
15001,Y7QZcr24ye0_00699,47,0,121,TRUE
15002,Y7QZcr24ye0_00700,47,0,231,FALSE
15003,eN8umEok9U8_00051,47,0,75,FALSE
15004,eN8umEok9U8_00052,47,0,120,FALSE
15005,fohMq9tOn6E_00002,47,0,62,TRUE
15006,fohMq9tOn6E_00003,47,0,99,TRUE
15007,fohMq9tOn6E_00008,47,0,58,TRUE
15008,fohMq9tOn6E_00009,47,0,118,TRUE
15009,fohMq9tOn6E_00026,47,0,63,TRUE
15010,fohMq9tOn6E_00027,47,0,130,TRUE
15011,nOlRwoxsDJ0_00062,47,0,142,TRUE
15012,nOlRwoxsDJ0_00063,47,0,203,FALSE
15013,nOlRwoxsDJ0_00072,47,0,153,TRUE
15014,nOlRwoxsDJ0_00074,47,0,209,FALSE
15015,siEI_jaSmd4_00036,47,0,211,FALSE
15016,sk8TafuB3lU_00187,47,0,148,FALSE
15017,sk8TafuB3lU_00210,47,0,156,TRUE
15018,sk8TafuB3lU_00211,47,0,217,FALSE
15019,sk8TafuB3lU_00222,47,0,284,FALSE
15020,sk8TafuB3lU_00223,47,0,304,FALSE
15021,xbQCwTHcGN8_00309,47,0,53,TRUE
15022,xbQCwTHcGN8_00310,47,0,199,FALSE
15023,zYHstCxnAPA_00065,47,0,147,FALSE
15024,zYHstCxnAPA_00108,47,0,253,FALSE
15025,zYHstCxnAPA_00109,47,0,224,FALSE
15026,zbAC7t15q3k_00079,47,0,202,FALSE
15027,8qRmKunCjtY_00016,0,0,78,FALSE
15028,CVAfPfVFulQ_00038,0,0,100,TRUE
15029,CVAfPfVFulQ_00040,0,0,79,TRUE
15030,CVAfPfVFulQ_00048,0,0,76,TRUE
15031,CVAfPfVFulQ_00049,0,0,83,TRUE
15032,CVAfPfVFulQ_00075,0,0,76,TRUE
15033,CVAfPfVFulQ_00081,0,0,53,TRUE
15034,CVAfPfVFulQ_00082,0,0,128,TRUE
15035,L_SB1PRgDTE_00019,0,0,134,TRUE
15036,L_SB1PRgDTE_00020,0,0,170,TRUE
15037,L_SB1PRgDTE_00029,0,0,86,FALSE
15038,L_SB1PRgDTE_00030,0,0,138,TRUE
15039,Le6xdQ2OO8w_00067,0,0,128,TRUE
15040,Le6xdQ2OO8w_00068,0,0,157,TRUE
15041,Le6xdQ2OO8w_00119,0,0,129,TRUE
15042,Le6xdQ2OO8w_00120,0,0,95,TRUE
15043,Le6xdQ2OO8w_00121,0,0,109,FALSE
15044,Le6xdQ2OO8w_00124,0,0,105,TRUE
15045,Le6xdQ2OO8w_00125,0,0,148,TRUE
15046,Le6xdQ2OO8w_00126,0,0,111,TRUE
15047,Le6xdQ2OO8w_00127,0,0,160,TRUE
15048,Le6xdQ2OO8w_00128,0,0,129,TRUE
15049,Le6xdQ2OO8w_00130,0,0,122,TRUE
15050,Le6xdQ2OO8w_00131,0,0,52,FALSE
15051,Le6xdQ2OO8w_00132,0,0,81,TRUE
15052,Le6xdQ2OO8w_00135,0,0,81,TRUE
15053,Le6xdQ2OO8w_00136,0,0,129,TRUE
15054,Le6xdQ2OO8w_00139,0,0,149,TRUE
15055,Le6xdQ2OO8w_00140,0,0,132,TRUE
15056,Le6xdQ2OO8w_00141,0,0,138,TRUE
15057,Le6xdQ2OO8w_00142,0,0,132,TRUE
15058,Le6xdQ2OO8w_00145,0,0,130,TRUE
15059,Le6xdQ2OO8w_00146,0,0,102,TRUE
15060,Le6xdQ2OO8w_00151,0,0,157,TRUE
15061,Le6xdQ2OO8w_00152,0,0,99,TRUE
15062,Le6xdQ2OO8w_00153,0,0,85,TRUE
15063,Le6xdQ2OO8w_00154,0,0,112,TRUE
15064,Le6xdQ2OO8w_00155,0,0,168,TRUE
15065,Le6xdQ2OO8w_00156,0,0,118,TRUE
15066,Le6xdQ2OO8w_00157,0,0,101,FALSE
15067,Le6xdQ2OO8w_00158,0,0,157,TRUE
15068,Le6xdQ2OO8w_00160,0,0,104,TRUE
15069,MbzIpx8kAD0_00025,0,0,95,TRUE
15070,MbzIpx8kAD0_00035,0,0,73,TRUE
15071,MbzIpx8kAD0_00036,0,0,192,FALSE
15072,TMJ1XIZBRW4_00024,0,0,93,TRUE
15073,TMJ1XIZBRW4_00026,0,0,86,FALSE
15074,TMJ1XIZBRW4_00045,0,0,115,TRUE
15075,TMJ1XIZBRW4_00054,0,0,78,TRUE
15076,bSsVWVfYU4w_00086,0,0,52,FALSE
15077,bSsVWVfYU4w_00087,0,0,110,TRUE
15078,bSsVWVfYU4w_00118,0,0,150,TRUE
15079,bSsVWVfYU4w_00119,0,0,110,TRUE
15080,bSsVWVfYU4w_00134,0,0,76,TRUE
15081,bSsVWVfYU4w_00135,0,0,141,TRUE
15082,bSsVWVfYU4w_00168,0,0,82,TRUE
15083,bSsVWVfYU4w_00169,0,0,140,TRUE
15084,bl0C6d9QgIg_00017,0,0,249,FALSE
15085,bl0C6d9QgIg_00018,0,0,331,FALSE
15086,bl0C6d9QgIg_00021,0,0,50,TRUE
15087,bl0C6d9QgIg_00022,0,0,95,TRUE
15088,bl0C6d9QgIg_00023,0,0,89,FALSE
15089,bl0C6d9QgIg_00024,0,0,121,TRUE
15090,k71Cc-Sm-Mg_00116,0,0,89,TRUE
15091,k71Cc-Sm-Mg_00118,0,0,97,FALSE
15092,k71Cc-Sm-Mg_00119,0,0,157,FALSE
15093,mGRum47TLX0_00045,0,0,210,FALSE
15094,ovWCmIMMkRI_00053,0,0,59,TRUE
15095,ovWCmIMMkRI_00054,0,0,87,TRUE
15096,ovWCmIMMkRI_00055,0,0,87,TRUE
15097,zmacW6f2Tdk_00024,0,0,182,FALSE
15098,zmacW6f2Tdk_00047,0,0,91,FALSE
15099,zmacW6f2Tdk_00048,0,0,92,TRUE
15100,CVAfPfVFulQ_00076,1,0,91,TRUE
15101,CVAfPfVFulQ_00078,1,0,45,TRUE
15102,MbzIpx8kAD0_00065,1,0,163,TRUE
15103,SbzcCzXjYSU_00047,1,0,157,TRUE
15104,SbzcCzXjYSU_00048,1,0,107,TRUE
15105,SbzcCzXjYSU_00049,1,0,86,FALSE
15106,SbzcCzXjYSU_00050,1,0,83,TRUE
15107,SbzcCzXjYSU_00051,1,0,104,TRUE
15108,SbzcCzXjYSU_00052,1,0,73,FALSE
15109,SbzcCzXjYSU_00056,1,0,108,TRUE
15110,SbzcCzXjYSU_00057,1,0,82,FALSE
15111,SbzcCzXjYSU_00058,1,0,100,TRUE
15112,TMJ1XIZBRW4_00052,1,0,96,TRUE
15113,TMJ1XIZBRW4_00055,1,0,112,TRUE
15114,cs8g1es4vfM_00010,1,0,76,TRUE
15115,cs8g1es4vfM_00011,1,0,84,TRUE
15116,cs8g1es4vfM_00032,1,0,154,TRUE
15117,cs8g1es4vfM_00033,1,0,98,FALSE
15118,cs8g1es4vfM_00034,1,0,63,TRUE
15119,cs8g1es4vfM_00035,1,0,86,TRUE
15120,cs8g1es4vfM_00040,1,0,100,TRUE
15121,cs8g1es4vfM_00041,1,0,102,TRUE
15122,cs8g1es4vfM_00042,1,0,80,TRUE
15123,cs8g1es4vfM_00043,1,0,92,TRUE
15124,cs8g1es4vfM_00055,1,0,125,TRUE
15125,cs8g1es4vfM_00056,1,0,101,TRUE
15126,jMEYIEYkpY0_00096,1,0,73,TRUE
15127,jMEYIEYkpY0_00097,1,0,125,TRUE
15128,jMEYIEYkpY0_00098,1,0,141,TRUE
15129,jMEYIEYkpY0_00102,1,0,103,TRUE
15130,jMEYIEYkpY0_00103,1,0,139,TRUE
15131,jMEYIEYkpY0_00104,1,0,125,TRUE
15132,ovWCmIMMkRI_00033,1,0,71,TRUE
15133,ovWCmIMMkRI_00034,1,0,91,TRUE
15134,ovWCmIMMkRI_00035,1,0,117,TRUE
15135,ovWCmIMMkRI_00056,1,0,89,TRUE
15136,ovWCmIMMkRI_00057,1,0,101,TRUE
15137,ovWCmIMMkRI_00058,1,0,104,TRUE
15138,roFeEJPgJD8_00028,1,0,80,TRUE
15139,yHo2oERGo7A_00056,1,0,121,TRUE
15140,yHo2oERGo7A_00057,1,0,101,FALSE
15141,yHo2oERGo7A_00058,1,0,93,TRUE
15142,yHo2oERGo7A_00087,1,0,73,TRUE
15143,yHo2oERGo7A_00088,1,0,113,TRUE
15144,yHo2oERGo7A_00089,1,0,94,FALSE
15145,zmacW6f2Tdk_00049,1,0,177,TRUE
15146,zmacW6f2Tdk_00050,1,0,184,FALSE
15147,rRw7peH60Yw_00032,2,0,127,TRUE
15148,zmacW6f2Tdk_00057,2,0,126,FALSE
15149,zmacW6f2Tdk_00058,2,0,125,FALSE
15150,CVAfPfVFulQ_00079,3,0,40,TRUE
15151,CVAfPfVFulQ_00084,3,0,70,TRUE
15152,Jud-06v5Ghw_00000,3,0,66,FALSE
15153,Jud-06v5Ghw_00001,3,0,114,TRUE
15154,Jud-06v5Ghw_00002,3,0,142,TRUE
15155,Le6xdQ2OO8w_00165,3,0,163,TRUE
15156,Le6xdQ2OO8w_00166,3,0,85,TRUE
15157,Le6xdQ2OO8w_00171,3,0,174,TRUE
15158,Le6xdQ2OO8w_00172,3,0,104,TRUE
15159,Le6xdQ2OO8w_00201,3,0,132,TRUE
15160,Le6xdQ2OO8w_00202,3,0,104,TRUE
15161,Le6xdQ2OO8w_00215,3,0,69,TRUE
15162,Le6xdQ2OO8w_00226,3,0,97,FALSE
15163,Le6xdQ2OO8w_00227,3,0,104,TRUE
15164,Le6xdQ2OO8w_00228,3,0,75,TRUE
15165,Le6xdQ2OO8w_00229,3,0,108,TRUE
15166,Le6xdQ2OO8w_00249,3,0,85,TRUE
15167,Le6xdQ2OO8w_00256,3,0,59,TRUE
15168,SbzcCzXjYSU_00020,3,0,61,TRUE
15169,cs8g1es4vfM_00004,3,0,269,FALSE
15170,cs8g1es4vfM_00005,3,0,109,TRUE
15171,jMEYIEYkpY0_00029,3,0,188,FALSE
15172,jMEYIEYkpY0_00030,3,0,112,TRUE
15173,jMEYIEYkpY0_00031,3,0,116,TRUE
15174,mGRum47TLX0_00032,3,0,143,TRUE
15175,roFeEJPgJD8_00038,3,0,78,TRUE
15176,yHo2oERGo7A_00006,3,0,60,TRUE
15177,yHo2oERGo7A_00007,3,0,78,TRUE
15178,yHo2oERGo7A_00008,3,0,60,TRUE
15179,zmacW6f2Tdk_00039,3,0,95,FALSE
15180,zmacW6f2Tdk_00040,3,0,130,TRUE
15181,CVAfPfVFulQ_00021,4,0,65,TRUE
15182,CVAfPfVFulQ_00063,4,0,123,TRUE
15183,CVAfPfVFulQ_00080,4,0,64,TRUE
15184,L2tKML4URG8_00012,4,0,52,TRUE
15185,L2tKML4URG8_00013,4,0,100,TRUE
15186,Le6xdQ2OO8w_00179,4,0,64,TRUE
15187,Le6xdQ2OO8w_00180,4,0,72,FALSE
15188,Le6xdQ2OO8w_00193,4,0,104,FALSE
15189,Le6xdQ2OO8w_00194,4,0,121,TRUE
15190,Le6xdQ2OO8w_00214,4,0,74,TRUE
15191,Le6xdQ2OO8w_00234,4,0,202,FALSE
15192,Le6xdQ2OO8w_00235,4,0,182,FALSE
15193,Le6xdQ2OO8w_00248,4,0,100,TRUE
15194,Le6xdQ2OO8w_00253,4,0,56,TRUE
15195,MbzIpx8kAD0_00057,4,0,136,TRUE
15196,MbzIpx8kAD0_00059,4,0,70,TRUE
15197,bSsVWVfYU4w_00126,4,0,151,TRUE
15198,bSsVWVfYU4w_00127,4,0,105,TRUE
15199,bSsVWVfYU4w_00162,4,0,186,FALSE
15200,bSsVWVfYU4w_00163,4,0,134,TRUE
15201,mGRum47TLX0_00047,4,0,73,TRUE
15202,jMEYIEYkpY0_00090,5,0,95,TRUE
15203,jMEYIEYkpY0_00091,5,0,134,TRUE
15204,jMEYIEYkpY0_00092,5,0,130,TRUE
15205,roFeEJPgJD8_00006,5,0,77,FALSE
15206,roFeEJPgJD8_00016,5,0,127,TRUE
15207,roFeEJPgJD8_00017,5,0,63,TRUE
15208,roFeEJPgJD8_00042,5,0,111,TRUE
15209,roFeEJPgJD8_00043,5,0,113,TRUE
15210,sFO6XlfgxNQ_00055,5,0,110,TRUE
15211,sFO6XlfgxNQ_00056,5,0,158,TRUE
15212,sFO6XlfgxNQ_00057,5,0,59,FALSE
15213,sFO6XlfgxNQ_00061,5,0,182,FALSE
15214,sFO6XlfgxNQ_00062,5,0,141,FALSE
15215,sFO6XlfgxNQ_00063,5,0,140,FALSE
15216,sFO6XlfgxNQ_00103,5,0,78,TRUE
15217,sFO6XlfgxNQ_00104,5,0,185,FALSE
15218,sFO6XlfgxNQ_00105,5,0,222,FALSE
15219,sFO6XlfgxNQ_00109,5,0,59,FALSE
15220,sFO6XlfgxNQ_00110,5,0,189,FALSE
15221,sFO6XlfgxNQ_00111,5,0,196,FALSE
15222,sFO6XlfgxNQ_00115,5,0,106,FALSE
15223,sFO6XlfgxNQ_00116,5,0,205,FALSE
15224,sFO6XlfgxNQ_00117,5,0,119,FALSE
15225,sFO6XlfgxNQ_00118,5,0,89,TRUE
15226,sFO6XlfgxNQ_00119,5,0,86,FALSE
15227,sFO6XlfgxNQ_00120,5,0,115,TRUE
15228,sFO6XlfgxNQ_00121,5,0,111,TRUE
15229,sFO6XlfgxNQ_00122,5,0,216,FALSE
15230,sFO6XlfgxNQ_00123,5,0,132,FALSE
15231,zBXtMcI41z8_00026,5,0,58,FALSE
15232,zBXtMcI41z8_00027,5,0,72,FALSE
15233,zBXtMcI41z8_00028,5,0,58,FALSE
15234,zBXtMcI41z8_00032,5,0,191,FALSE
15235,zBXtMcI41z8_00033,5,0,77,TRUE
15236,zBXtMcI41z8_00034,5,0,75,TRUE
15237,zBXtMcI41z8_00073,5,0,102,TRUE
15238,zBXtMcI41z8_00074,5,0,80,TRUE
15239,zBXtMcI41z8_00075,5,0,64,FALSE
15240,zBXtMcI41z8_00108,5,0,68,FALSE
15241,zBXtMcI41z8_00109,5,0,94,FALSE
15242,zBXtMcI41z8_00110,5,0,71,FALSE
15243,qD3IMtAanSg_00021,6,0,67,TRUE
15244,qD3IMtAanSg_00022,6,0,171,TRUE
15245,qD3IMtAanSg_00023,6,0,84,TRUE
15246,qD3IMtAanSg_00059,6,0,151,TRUE
15247,qD3IMtAanSg_00060,6,0,219,FALSE
15248,qD3IMtAanSg_00061,6,0,126,TRUE
15249,qD3IMtAanSg_00067,6,0,56,FALSE
15250,qD3IMtAanSg_00068,6,0,180,FALSE
15251,qD3IMtAanSg_00069,6,0,101,TRUE
15252,qD3IMtAanSg_00073,6,0,100,TRUE
15253,qD3IMtAanSg_00074,6,0,244,FALSE
15254,qD3IMtAanSg_00075,6,0,190,FALSE
15255,qD3IMtAanSg_00091,6,0,107,TRUE
15256,qD3IMtAanSg_00092,6,0,153,FALSE
15257,qD3IMtAanSg_00130,6,0,69,TRUE
15258,zBXtMcI41z8_00067,6,0,58,TRUE
15259,zBXtMcI41z8_00068,6,0,89,FALSE
15260,zBXtMcI41z8_00069,6,0,99,TRUE
15261,zBXtMcI41z8_00070,6,0,121,TRUE
15262,zBXtMcI41z8_00071,6,0,98,TRUE
15263,zBXtMcI41z8_00072,6,0,104,TRUE
15264,8qRmKunCjtY_00010,7,0,104,TRUE
15265,8qRmKunCjtY_00019,7,0,184,FALSE
15266,Le6xdQ2OO8w_00173,7,0,173,TRUE
15267,Le6xdQ2OO8w_00174,7,0,142,TRUE
15268,SbzcCzXjYSU_00008,7,0,247,FALSE
15269,SbzcCzXjYSU_00009,7,0,263,FALSE
15270,SbzcCzXjYSU_00032,7,0,199,FALSE
15271,SbzcCzXjYSU_00033,7,0,120,FALSE
15272,SbzcCzXjYSU_00034,7,0,174,TRUE
15273,SbzcCzXjYSU_00053,7,0,154,TRUE
15274,SbzcCzXjYSU_00054,7,0,140,TRUE
15275,SbzcCzXjYSU_00055,7,0,92,FALSE
15276,TMJ1XIZBRW4_00036,7,0,52,TRUE
15277,TMJ1XIZBRW4_00041,7,0,84,FALSE
15278,XfCaMLlyj9I_00112,7,0,96,FALSE
15279,XfCaMLlyj9I_00113,7,0,76,TRUE
15280,XfCaMLlyj9I_00114,7,0,135,TRUE
15281,XfCaMLlyj9I_00115,7,0,98,FALSE
15282,XfCaMLlyj9I_00116,7,0,106,TRUE
15283,XfCaMLlyj9I_00117,7,0,237,FALSE
15284,XfCaMLlyj9I_00118,7,0,94,FALSE
15285,jMEYIEYkpY0_00027,7,0,101,TRUE
15286,jMEYIEYkpY0_00028,7,0,161,TRUE
15287,jMEYIEYkpY0_00032,7,0,85,FALSE
15288,jMEYIEYkpY0_00033,7,0,147,TRUE
15289,jMEYIEYkpY0_00034,7,0,143,TRUE
15290,jMEYIEYkpY0_00062,7,0,53,TRUE
15291,jMEYIEYkpY0_00063,7,0,118,TRUE
15292,jMEYIEYkpY0_00064,7,0,99,TRUE
15293,k71Cc-Sm-Mg_00039,7,0,93,TRUE
15294,k71Cc-Sm-Mg_00040,7,0,120,TRUE
15295,k71Cc-Sm-Mg_00041,7,0,160,TRUE
15296,k71Cc-Sm-Mg_00169,7,0,121,TRUE
15297,k71Cc-Sm-Mg_00170,7,0,121,FALSE
15298,k71Cc-Sm-Mg_00171,7,0,151,TRUE
15299,qD3IMtAanSg_00029,7,0,70,FALSE
15300,qD3IMtAanSg_00035,7,0,81,TRUE
15301,qD3IMtAanSg_00103,7,0,63,TRUE
15302,rRw7peH60Yw_00006,7,0,139,TRUE
15303,rRw7peH60Yw_00013,7,0,150,TRUE
15304,rRw7peH60Yw_00016,7,0,91,TRUE
15305,rRw7peH60Yw_00018,7,0,76,TRUE
15306,rRw7peH60Yw_00020,7,0,77,TRUE
15307,roFeEJPgJD8_00012,7,0,67,TRUE
15308,roFeEJPgJD8_00013,7,0,189,FALSE
15309,roFeEJPgJD8_00041,7,0,217,FALSE
15310,sFO6XlfgxNQ_00086,7,0,110,TRUE
15311,sFO6XlfgxNQ_00087,7,0,179,TRUE
15312,sFO6XlfgxNQ_00088,7,0,77,FALSE
15313,zmacW6f2Tdk_00008,7,0,167,FALSE
15314,zmacW6f2Tdk_00009,7,0,112,TRUE
15315,zmacW6f2Tdk_00014,7,0,78,TRUE
15316,zmacW6f2Tdk_00015,7,0,114,TRUE
15317,zmacW6f2Tdk_00016,7,0,40,TRUE
15318,zmacW6f2Tdk_00017,7,0,115,TRUE
15319,zmacW6f2Tdk_00027,7,0,96,TRUE
15320,zmacW6f2Tdk_00028,7,0,84,TRUE
15321,zmacW6f2Tdk_00035,7,0,47,TRUE
15322,zmacW6f2Tdk_00036,7,0,98,TRUE
15323,zmacW6f2Tdk_00043,7,0,52,TRUE
15324,zmacW6f2Tdk_00044,7,0,81,TRUE
15325,zmacW6f2Tdk_00051,7,0,126,TRUE
15326,zmacW6f2Tdk_00052,7,0,117,TRUE
15327,CVAfPfVFulQ_00060,8,0,78,TRUE
15328,CVAfPfVFulQ_00070,8,0,102,TRUE
15329,L_SB1PRgDTE_00026,8,0,173,TRUE
15330,L_SB1PRgDTE_00027,8,0,119,TRUE
15331,Le6xdQ2OO8w_00183,8,0,77,TRUE
15332,Le6xdQ2OO8w_00184,8,0,108,TRUE
15333,Le6xdQ2OO8w_00224,8,0,122,TRUE
15334,Le6xdQ2OO8w_00225,8,0,98,TRUE
15335,Le6xdQ2OO8w_00232,8,0,44,FALSE
15336,Le6xdQ2OO8w_00233,8,0,79,TRUE
15337,Le6xdQ2OO8w_00254,8,0,60,TRUE
15338,SbzcCzXjYSU_00016,8,0,95,FALSE
15339,SbzcCzXjYSU_00021,8,0,72,TRUE
15340,SbzcCzXjYSU_00022,8,0,183,FALSE
15341,TMJ1XIZBRW4_00051,8,0,129,TRUE
15342,bSsVWVfYU4w_00142,8,0,130,TRUE
15343,bSsVWVfYU4w_00143,8,0,111,TRUE
15344,bSsVWVfYU4w_00152,8,0,196,FALSE
15345,bSsVWVfYU4w_00153,8,0,131,TRUE
15346,bSsVWVfYU4w_00154,8,0,58,TRUE
15347,bSsVWVfYU4w_00155,8,0,103,TRUE
15348,bSsVWVfYU4w_00170,8,0,84,TRUE
15349,bSsVWVfYU4w_00171,8,0,154,TRUE
15350,cs8g1es4vfM_00020,8,0,156,TRUE
15351,jMEYIEYkpY0_00035,8,0,95,TRUE
15352,jMEYIEYkpY0_00036,8,0,126,TRUE
15353,jMEYIEYkpY0_00037,8,0,126,TRUE
15354,jMEYIEYkpY0_00093,8,0,50,TRUE
15355,jMEYIEYkpY0_00094,8,0,97,TRUE
15356,jMEYIEYkpY0_00095,8,0,85,TRUE
15357,mGRum47TLX0_00057,8,0,178,TRUE
15358,roFeEJPgJD8_00036,8,0,73,TRUE
15359,yHo2oERGo7A_00044,8,0,162,TRUE
15360,yHo2oERGo7A_00045,8,0,111,TRUE
15361,yHo2oERGo7A_00046,8,0,86,TRUE
15362,yHo2oERGo7A_00047,8,0,34,TRUE
15363,yHo2oERGo7A_00053,8,0,171,TRUE
15364,yHo2oERGo7A_00054,8,0,93,TRUE
15365,yHo2oERGo7A_00055,8,0,73,FALSE
15366,yHo2oERGo7A_00059,8,0,127,FALSE
15367,yHo2oERGo7A_00060,8,0,98,TRUE
15368,yHo2oERGo7A_00061,8,0,105,TRUE
15369,yHo2oERGo7A_00065,8,0,117,FALSE
15370,yHo2oERGo7A_00066,8,0,130,FALSE
15371,yHo2oERGo7A_00067,8,0,126,TRUE
15372,yHo2oERGo7A_00069,8,0,54,TRUE
15373,yHo2oERGo7A_00070,8,0,81,TRUE
15374,yHo2oERGo7A_00071,8,0,93,FALSE
15375,zmacW6f2Tdk_00018,8,0,76,TRUE
15376,zmacW6f2Tdk_00019,8,0,61,FALSE
15377,zmacW6f2Tdk_00029,8,0,194,FALSE
15378,zmacW6f2Tdk_00030,8,0,169,TRUE
15379,zmacW6f2Tdk_00037,8,0,71,TRUE
15380,zmacW6f2Tdk_00038,8,0,91,TRUE
15381,roFeEJPgJD8_00029,9,0,223,FALSE
15382,roFeEJPgJD8_00032,9,0,57,TRUE
15383,qD3IMtAanSg_00005,10,0,151,FALSE
15384,qD3IMtAanSg_00006,10,0,155,FALSE
15385,qD3IMtAanSg_00007,10,0,130,TRUE
15386,qD3IMtAanSg_00016,10,0,99,FALSE
15387,qD3IMtAanSg_00017,10,0,165,FALSE
15388,qD3IMtAanSg_00018,10,0,89,TRUE
15389,qD3IMtAanSg_00082,10,0,60,FALSE
15390,qD3IMtAanSg_00083,10,0,138,FALSE
15391,qD3IMtAanSg_00084,10,0,62,TRUE
15392,qD3IMtAanSg_00098,10,0,203,FALSE
15393,qD3IMtAanSg_00099,10,0,145,FALSE
15394,qD3IMtAanSg_00100,10,0,113,TRUE
15395,qD3IMtAanSg_00123,10,0,107,FALSE
15396,qD3IMtAanSg_00124,10,0,180,FALSE
15397,qD3IMtAanSg_00125,10,0,106,FALSE
15398,qD3IMtAanSg_00045,11,0,67,TRUE
15399,qD3IMtAanSg_00046,11,0,180,FALSE
15400,qD3IMtAanSg_00062,11,0,84,TRUE
15401,qD3IMtAanSg_00063,11,0,202,FALSE
15402,qD3IMtAanSg_00064,11,0,74,TRUE
15403,qD3IMtAanSg_00065,11,0,82,TRUE
15404,qD3IMtAanSg_00066,11,0,216,FALSE
15405,qD3IMtAanSg_00110,11,0,68,TRUE
15406,qD3IMtAanSg_00111,11,0,181,FALSE
15407,qD3IMtAanSg_00112,11,0,74,TRUE
15408,qD3IMtAanSg_00113,11,0,91,FALSE
15409,qD3IMtAanSg_00114,11,0,206,FALSE
15410,qD3IMtAanSg_00115,11,0,80,FALSE
15411,qD3IMtAanSg_00116,11,0,203,FALSE
15412,zBXtMcI41z8_00057,11,0,174,TRUE
15413,zBXtMcI41z8_00058,11,0,125,TRUE
15414,zBXtMcI41z8_00059,11,0,136,TRUE
15415,XfCaMLlyj9I_00107,12,0,101,FALSE
15416,XfCaMLlyj9I_00108,12,0,96,TRUE
15417,XfCaMLlyj9I_00109,12,0,132,TRUE
15418,XfCaMLlyj9I_00110,12,0,53,FALSE
15419,jMEYIEYkpY0_00047,12,0,127,TRUE
15420,jMEYIEYkpY0_00048,12,0,108,TRUE
15421,jMEYIEYkpY0_00049,12,0,142,TRUE
15422,jMEYIEYkpY0_00065,12,0,70,TRUE
15423,jMEYIEYkpY0_00066,12,0,136,TRUE
15424,jMEYIEYkpY0_00067,12,0,94,TRUE
15425,rRw7peH60Yw_00010,12,0,150,TRUE
15426,roFeEJPgJD8_00015,12,0,120,TRUE
15427,roFeEJPgJD8_00033,12,0,126,TRUE
15428,sFO6XlfgxNQ_00083,12,0,45,FALSE
15429,sFO6XlfgxNQ_00084,12,0,136,FALSE
15430,sFO6XlfgxNQ_00085,12,0,95,FALSE
15431,sFO6XlfgxNQ_00092,12,0,109,TRUE
15432,sFO6XlfgxNQ_00093,12,0,277,FALSE
15433,sFO6XlfgxNQ_00094,12,0,131,FALSE
15434,sFO6XlfgxNQ_00100,12,0,117,TRUE
15435,sFO6XlfgxNQ_00101,12,0,180,FALSE
15436,sFO6XlfgxNQ_00102,12,0,143,TRUE
15437,zBXtMcI41z8_00041,12,0,65,FALSE
15438,zBXtMcI41z8_00042,12,0,67,FALSE
15439,zBXtMcI41z8_00043,12,0,69,FALSE
15440,zBXtMcI41z8_00050,12,0,57,TRUE
15441,zBXtMcI41z8_00051,12,0,91,TRUE
15442,zBXtMcI41z8_00052,12,0,65,TRUE
15443,qD3IMtAanSg_00008,13,0,191,FALSE
15444,qD3IMtAanSg_00009,13,0,188,FALSE
15445,qD3IMtAanSg_00010,13,0,94,TRUE
15446,qD3IMtAanSg_00027,13,0,100,FALSE
15447,qD3IMtAanSg_00028,13,0,141,FALSE
15448,qD3IMtAanSg_00033,13,0,199,FALSE
15449,qD3IMtAanSg_00034,13,0,172,FALSE
15450,qD3IMtAanSg_00101,13,0,65,FALSE
15451,qD3IMtAanSg_00102,13,0,152,FALSE
15452,qD3IMtAanSg_00136,13,0,129,FALSE
15453,qD3IMtAanSg_00137,13,0,188,FALSE
15454,qD3IMtAanSg_00138,13,0,106,TRUE
15455,jMEYIEYkpY0_00089,14,0,133,TRUE
15456,roFeEJPgJD8_00014,14,0,55,TRUE
15457,8qRmKunCjtY_00000,15,0,75,TRUE
15458,CVAfPfVFulQ_00019,15,0,61,FALSE
15459,CVAfPfVFulQ_00023,15,0,116,TRUE
15460,CVAfPfVFulQ_00026,15,0,46,TRUE
15461,Le6xdQ2OO8w_00002,15,0,79,TRUE
15462,Le6xdQ2OO8w_00003,15,0,89,TRUE
15463,Le6xdQ2OO8w_00016,15,0,56,TRUE
15464,Le6xdQ2OO8w_00017,15,0,79,TRUE
15465,Le6xdQ2OO8w_00018,15,0,230,FALSE
15466,Le6xdQ2OO8w_00019,15,0,220,FALSE
15467,Le6xdQ2OO8w_00026,15,0,77,TRUE
15468,Le6xdQ2OO8w_00030,15,0,124,TRUE
15469,Le6xdQ2OO8w_00031,15,0,133,TRUE
15470,Le6xdQ2OO8w_00038,15,0,48,FALSE
15471,Le6xdQ2OO8w_00039,15,0,91,TRUE
15472,Le6xdQ2OO8w_00040,15,0,86,TRUE
15473,Le6xdQ2OO8w_00041,15,0,87,TRUE
15474,Le6xdQ2OO8w_00042,15,0,67,TRUE
15475,Le6xdQ2OO8w_00043,15,0,100,TRUE
15476,Le6xdQ2OO8w_00048,15,0,80,TRUE
15477,Le6xdQ2OO8w_00050,15,0,118,TRUE
15478,Le6xdQ2OO8w_00053,15,0,35,TRUE
15479,Le6xdQ2OO8w_00055,15,0,69,TRUE
15480,Le6xdQ2OO8w_00056,15,0,44,TRUE
15481,Le6xdQ2OO8w_00058,15,0,114,TRUE
15482,Le6xdQ2OO8w_00059,15,0,62,TRUE
15483,Le6xdQ2OO8w_00060,15,0,100,TRUE
15484,Le6xdQ2OO8w_00063,15,0,58,TRUE
15485,Le6xdQ2OO8w_00064,15,0,84,TRUE
15486,Le6xdQ2OO8w_00065,15,0,78,TRUE
15487,Le6xdQ2OO8w_00066,15,0,107,TRUE
15488,Le6xdQ2OO8w_00069,15,0,91,TRUE
15489,Le6xdQ2OO8w_00070,15,0,112,TRUE
15490,Le6xdQ2OO8w_00079,15,0,54,TRUE
15491,Le6xdQ2OO8w_00080,15,0,75,TRUE
15492,MbzIpx8kAD0_00013,15,0,128,TRUE
15493,MbzIpx8kAD0_00016,15,0,218,FALSE
15494,MbzIpx8kAD0_00033,15,0,73,TRUE
15495,MbzIpx8kAD0_00034,15,0,73,TRUE
15496,MbzIpx8kAD0_00042,15,0,124,TRUE
15497,TMJ1XIZBRW4_00008,15,0,100,TRUE
15498,TMJ1XIZBRW4_00037,15,0,127,TRUE
15499,XfCaMLlyj9I_00000,15,0,91,TRUE
15500,XfCaMLlyj9I_00001,15,0,60,FALSE
15501,XfCaMLlyj9I_00002,15,0,106,TRUE
15502,XfCaMLlyj9I_00003,15,0,83,FALSE
15503,XfCaMLlyj9I_00008,15,0,250,FALSE
15504,XfCaMLlyj9I_00009,15,0,70,FALSE
15505,XfCaMLlyj9I_00010,15,0,127,TRUE
15506,XfCaMLlyj9I_00011,15,0,69,FALSE
15507,XfCaMLlyj9I_00012,15,0,68,TRUE
15508,XfCaMLlyj9I_00013,15,0,67,FALSE
15509,XfCaMLlyj9I_00014,15,0,139,TRUE
15510,XfCaMLlyj9I_00015,15,0,96,FALSE
15511,XfCaMLlyj9I_00016,15,0,48,FALSE
15512,XfCaMLlyj9I_00017,15,0,72,TRUE
15513,XfCaMLlyj9I_00018,15,0,141,TRUE
15514,XfCaMLlyj9I_00019,15,0,78,FALSE
15515,XfCaMLlyj9I_00025,15,0,108,FALSE
15516,XfCaMLlyj9I_00026,15,0,84,TRUE
15517,XfCaMLlyj9I_00027,15,0,140,TRUE
15518,XfCaMLlyj9I_00028,15,0,85,FALSE
15519,XfCaMLlyj9I_00049,15,0,46,FALSE
15520,XfCaMLlyj9I_00051,15,0,66,FALSE
15521,XfCaMLlyj9I_00052,15,0,124,TRUE
15522,XfCaMLlyj9I_00053,15,0,85,FALSE
15523,bSsVWVfYU4w_00026,15,0,47,TRUE
15524,bSsVWVfYU4w_00027,15,0,79,FALSE
15525,bSsVWVfYU4w_00054,15,0,64,TRUE
15526,bSsVWVfYU4w_00058,15,0,92,TRUE
15527,bSsVWVfYU4w_00059,15,0,185,FALSE
15528,bSsVWVfYU4w_00060,15,0,73,TRUE
15529,bSsVWVfYU4w_00061,15,0,143,TRUE
15530,bSsVWVfYU4w_00067,15,0,50,FALSE
15531,bSsVWVfYU4w_00068,15,0,96,TRUE
15532,bl0C6d9QgIg_00006,15,0,76,TRUE
15533,bl0C6d9QgIg_00007,15,0,88,TRUE
15534,bl0C6d9QgIg_00010,15,0,115,TRUE
15535,bl0C6d9QgIg_00011,15,0,107,TRUE
15536,k71Cc-Sm-Mg_00000,15,0,109,TRUE
15537,k71Cc-Sm-Mg_00001,15,0,129,TRUE
15538,k71Cc-Sm-Mg_00002,15,0,127,TRUE
15539,k71Cc-Sm-Mg_00007,15,0,249,FALSE
15540,k71Cc-Sm-Mg_00008,15,0,156,FALSE
15541,k71Cc-Sm-Mg_00009,15,0,153,TRUE
15542,k71Cc-Sm-Mg_00010,15,0,131,TRUE
15543,k71Cc-Sm-Mg_00011,15,0,124,TRUE
15544,k71Cc-Sm-Mg_00012,15,0,191,FALSE
15545,k71Cc-Sm-Mg_00013,15,0,66,FALSE
15546,k71Cc-Sm-Mg_00014,15,0,116,FALSE
15547,k71Cc-Sm-Mg_00015,15,0,124,TRUE
15548,k71Cc-Sm-Mg_00120,15,0,158,TRUE
15549,k71Cc-Sm-Mg_00121,15,0,140,TRUE
15550,k71Cc-Sm-Mg_00122,15,0,121,FALSE
15551,k71Cc-Sm-Mg_00129,15,0,119,TRUE
15552,k71Cc-Sm-Mg_00130,15,0,105,FALSE
15553,k71Cc-Sm-Mg_00131,15,0,105,FALSE
15554,k71Cc-Sm-Mg_00140,15,0,86,TRUE
15555,k71Cc-Sm-Mg_00141,15,0,108,FALSE
15556,k71Cc-Sm-Mg_00155,15,0,74,FALSE
15557,k71Cc-Sm-Mg_00156,15,0,76,FALSE
15558,mGRum47TLX0_00018,15,0,91,TRUE
15559,mGRum47TLX0_00024,15,0,78,TRUE
15560,mGRum47TLX0_00025,15,0,128,TRUE
15561,mGRum47TLX0_00026,15,0,58,TRUE
15562,ovWCmIMMkRI_00000,15,0,109,TRUE
15563,ovWCmIMMkRI_00001,15,0,107,TRUE
15564,ovWCmIMMkRI_00002,15,0,106,TRUE
15565,ovWCmIMMkRI_00003,15,0,105,FALSE
15566,ovWCmIMMkRI_00006,15,0,62,FALSE
15567,ovWCmIMMkRI_00007,15,0,111,TRUE
15568,ovWCmIMMkRI_00008,15,0,78,TRUE
15569,ovWCmIMMkRI_00009,15,0,64,TRUE
15570,ovWCmIMMkRI_00010,15,0,65,FALSE
15571,roFeEJPgJD8_00004,15,0,93,TRUE
15572,sFO6XlfgxNQ_00003,15,0,90,TRUE
15573,sFO6XlfgxNQ_00004,15,0,202,FALSE
15574,sFO6XlfgxNQ_00005,15,0,95,FALSE
15575,sFO6XlfgxNQ_00027,15,0,47,TRUE
15576,sFO6XlfgxNQ_00028,15,0,135,TRUE
15577,sFO6XlfgxNQ_00029,15,0,96,TRUE
15578,sFO6XlfgxNQ_00040,15,0,51,TRUE
15579,sFO6XlfgxNQ_00041,15,0,148,TRUE
15580,sFO6XlfgxNQ_00042,15,0,88,TRUE
15581,sFO6XlfgxNQ_00046,15,0,82,TRUE
15582,sFO6XlfgxNQ_00047,15,0,186,FALSE
15583,sFO6XlfgxNQ_00048,15,0,91,TRUE
15584,zBXtMcI41z8_00017,15,0,190,FALSE
15585,zBXtMcI41z8_00018,15,0,67,FALSE
15586,zBXtMcI41z8_00019,15,0,73,FALSE
15587,zBXtMcI41z8_00098,15,0,82,FALSE
15588,zBXtMcI41z8_00099,15,0,61,FALSE
15589,zBXtMcI41z8_00100,15,0,70,FALSE
15590,CVAfPfVFulQ_00015,16,0,116,TRUE
15591,CVAfPfVFulQ_00022,16,0,162,TRUE
15592,CVAfPfVFulQ_00028,16,0,138,TRUE
15593,CVAfPfVFulQ_00032,16,0,70,TRUE
15594,L_SB1PRgDTE_00011,16,0,76,TRUE
15595,L_SB1PRgDTE_00012,16,0,114,TRUE
15596,L_SB1PRgDTE_00017,16,0,160,TRUE
15597,L_SB1PRgDTE_00018,16,0,124,FALSE
15598,Le6xdQ2OO8w_00022,16,0,59,TRUE
15599,Le6xdQ2OO8w_00023,16,0,92,TRUE
15600,Le6xdQ2OO8w_00028,16,0,49,TRUE
15601,Le6xdQ2OO8w_00029,16,0,76,TRUE
15602,Le6xdQ2OO8w_00081,16,0,137,TRUE
15603,Le6xdQ2OO8w_00082,16,0,166,TRUE
15604,MbzIpx8kAD0_00017,16,0,78,TRUE
15605,MbzIpx8kAD0_00046,16,0,107,TRUE
15606,TMJ1XIZBRW4_00016,16,0,151,TRUE
15607,bSsVWVfYU4w_00036,16,0,60,TRUE
15608,bSsVWVfYU4w_00037,16,0,122,TRUE
15609,bSsVWVfYU4w_00044,16,0,70,TRUE
15610,bSsVWVfYU4w_00045,16,0,107,TRUE
15611,bSsVWVfYU4w_00048,16,0,63,TRUE
15612,bSsVWVfYU4w_00049,16,0,108,TRUE
15613,bSsVWVfYU4w_00050,16,0,75,TRUE
15614,bSsVWVfYU4w_00051,16,0,116,TRUE
15615,bl0C6d9QgIg_00012,16,0,110,FALSE
15616,bl0C6d9QgIg_00013,16,0,147,TRUE
15617,mGRum47TLX0_00028,16,0,68,TRUE
15618,ovWCmIMMkRI_00021,16,0,112,TRUE
15619,ovWCmIMMkRI_00022,16,0,89,TRUE
15620,ovWCmIMMkRI_00023,16,0,109,TRUE
15621,ovWCmIMMkRI_00036,16,0,127,TRUE
15622,ovWCmIMMkRI_00037,16,0,113,TRUE
15623,zBXtMcI41z8_00020,16,0,56,TRUE
15624,zBXtMcI41z8_00021,16,0,75,FALSE
15625,zBXtMcI41z8_00022,16,0,66,FALSE
15626,zBXtMcI41z8_00101,16,0,49,FALSE
15627,zBXtMcI41z8_00103,16,0,68,TRUE
15628,zBXtMcI41z8_00104,16,0,66,FALSE
15629,CVAfPfVFulQ_00043,17,0,35,TRUE
15630,CVAfPfVFulQ_00044,17,0,50,TRUE
15631,CVAfPfVFulQ_00059,17,0,119,TRUE
15632,Le6xdQ2OO8w_00133,17,0,92,TRUE
15633,Le6xdQ2OO8w_00134,17,0,147,TRUE
15634,Le6xdQ2OO8w_00147,17,0,133,TRUE
15635,Le6xdQ2OO8w_00148,17,0,147,TRUE
15636,Le6xdQ2OO8w_00245,17,0,133,TRUE
15637,MbzIpx8kAD0_00054,17,0,111,TRUE
15638,XfCaMLlyj9I_00054,17,0,122,TRUE
15639,XfCaMLlyj9I_00055,17,0,93,FALSE
15640,XfCaMLlyj9I_00056,17,0,168,TRUE
15641,XfCaMLlyj9I_00057,17,0,65,FALSE
15642,bSsVWVfYU4w_00092,17,0,74,TRUE
15643,bSsVWVfYU4w_00093,17,0,174,TRUE
15644,cs8g1es4vfM_00002,17,0,71,FALSE
15645,cs8g1es4vfM_00003,17,0,124,FALSE
15646,mGRum47TLX0_00042,17,0,62,FALSE
15647,ovWCmIMMkRI_00059,17,0,78,TRUE
15648,ovWCmIMMkRI_00060,17,0,94,TRUE
15649,ovWCmIMMkRI_00061,17,0,77,FALSE
15650,MbzIpx8kAD0_00048,18,0,79,TRUE
15651,MbzIpx8kAD0_00068,18,0,80,TRUE
15652,XfCaMLlyj9I_00152,18,0,38,FALSE
15653,bSsVWVfYU4w_00116,18,0,71,TRUE
15654,bSsVWVfYU4w_00117,18,0,135,TRUE
15655,cs8g1es4vfM_00000,18,0,160,TRUE
15656,cs8g1es4vfM_00001,18,0,133,FALSE
15657,cs8g1es4vfM_00022,18,0,102,TRUE
15658,cs8g1es4vfM_00023,18,0,117,TRUE
15659,cs8g1es4vfM_00050,18,0,122,TRUE
15660,cs8g1es4vfM_00051,18,0,136,FALSE
15661,yHo2oERGo7A_00090,18,0,105,TRUE
15662,yHo2oERGo7A_00091,18,0,128,FALSE
15663,yHo2oERGo7A_00092,18,0,98,TRUE
15664,8qRmKunCjtY_00003,19,0,90,FALSE
15665,8qRmKunCjtY_00005,19,0,74,TRUE
15666,CVAfPfVFulQ_00001,19,0,66,TRUE
15667,CVAfPfVFulQ_00002,19,0,89,TRUE
15668,CVAfPfVFulQ_00003,19,0,69,TRUE
15669,CVAfPfVFulQ_00004,19,0,85,TRUE
15670,CVAfPfVFulQ_00006,19,0,120,FALSE
15671,CVAfPfVFulQ_00007,19,0,119,TRUE
15672,CVAfPfVFulQ_00008,19,0,126,TRUE
15673,CVAfPfVFulQ_00009,19,0,63,TRUE
15674,CVAfPfVFulQ_00010,19,0,133,TRUE
15675,CVAfPfVFulQ_00056,19,0,47,FALSE
15676,L_SB1PRgDTE_00000,19,0,99,TRUE
15677,L_SB1PRgDTE_00001,19,0,128,FALSE
15678,L_SB1PRgDTE_00015,19,0,158,TRUE
15679,L_SB1PRgDTE_00016,19,0,196,FALSE
15680,Le6xdQ2OO8w_00000,19,0,196,FALSE
15681,Le6xdQ2OO8w_00001,19,0,176,TRUE
15682,Le6xdQ2OO8w_00004,19,0,94,TRUE
15683,Le6xdQ2OO8w_00005,19,0,66,FALSE
15684,Le6xdQ2OO8w_00006,19,0,153,TRUE
15685,Le6xdQ2OO8w_00007,19,0,235,FALSE
15686,Le6xdQ2OO8w_00008,19,0,86,TRUE
15687,Le6xdQ2OO8w_00009,19,0,128,TRUE
15688,Le6xdQ2OO8w_00012,19,0,75,FALSE
15689,Le6xdQ2OO8w_00013,19,0,109,TRUE
15690,Le6xdQ2OO8w_00071,19,0,146,TRUE
15691,Le6xdQ2OO8w_00072,19,0,164,FALSE
15692,Le6xdQ2OO8w_00149,19,0,109,TRUE
15693,Le6xdQ2OO8w_00150,19,0,132,TRUE
15694,Le6xdQ2OO8w_00195,19,0,65,TRUE
15695,Le6xdQ2OO8w_00196,19,0,117,TRUE
15696,Le6xdQ2OO8w_00199,19,0,88,TRUE
15697,Le6xdQ2OO8w_00200,19,0,108,TRUE
15698,MbzIpx8kAD0_00000,19,0,52,TRUE
15699,MbzIpx8kAD0_00002,19,0,67,TRUE
15700,MbzIpx8kAD0_00004,19,0,105,TRUE
15701,MbzIpx8kAD0_00005,19,0,46,TRUE
15702,MbzIpx8kAD0_00006,19,0,147,TRUE
15703,MbzIpx8kAD0_00007,19,0,114,TRUE
15704,MbzIpx8kAD0_00009,19,0,133,TRUE
15705,MbzIpx8kAD0_00010,19,0,45,TRUE
15706,MbzIpx8kAD0_00038,19,0,131,TRUE
15707,MbzIpx8kAD0_00055,19,0,130,TRUE
15708,MbzIpx8kAD0_00067,19,0,72,TRUE
15709,TMJ1XIZBRW4_00000,19,0,53,FALSE
15710,TMJ1XIZBRW4_00001,19,0,60,TRUE
15711,TMJ1XIZBRW4_00002,19,0,66,FALSE
15712,TMJ1XIZBRW4_00003,19,0,112,FALSE
15713,TMJ1XIZBRW4_00004,19,0,103,TRUE
15714,TMJ1XIZBRW4_00005,19,0,116,FALSE
15715,TMJ1XIZBRW4_00030,19,0,84,TRUE
15716,TMJ1XIZBRW4_00031,19,0,85,TRUE
15717,TMJ1XIZBRW4_00039,19,0,80,TRUE
15718,XfCaMLlyj9I_00004,19,0,58,FALSE
15719,XfCaMLlyj9I_00005,19,0,64,FALSE
15720,XfCaMLlyj9I_00006,19,0,130,TRUE
15721,XfCaMLlyj9I_00007,19,0,82,FALSE
15722,XfCaMLlyj9I_00021,19,0,80,FALSE
15723,XfCaMLlyj9I_00022,19,0,76,FALSE
15724,XfCaMLlyj9I_00023,19,0,150,TRUE
15725,bSsVWVfYU4w_00000,19,0,79,TRUE
15726,bSsVWVfYU4w_00001,19,0,120,TRUE
15727,bSsVWVfYU4w_00002,19,0,67,TRUE
15728,bSsVWVfYU4w_00003,19,0,117,TRUE
15729,bSsVWVfYU4w_00004,19,0,85,TRUE
15730,bSsVWVfYU4w_00005,19,0,130,FALSE
15731,bSsVWVfYU4w_00006,19,0,93,FALSE
15732,bSsVWVfYU4w_00007,19,0,171,FALSE
15733,bSsVWVfYU4w_00010,19,0,77,TRUE
15734,bSsVWVfYU4w_00011,19,0,142,TRUE
15735,bSsVWVfYU4w_00014,19,0,54,TRUE
15736,bSsVWVfYU4w_00015,19,0,106,TRUE
15737,bSsVWVfYU4w_00018,19,0,77,TRUE
15738,bSsVWVfYU4w_00019,19,0,124,TRUE
15739,bSsVWVfYU4w_00020,19,0,101,TRUE
15740,bSsVWVfYU4w_00021,19,0,133,TRUE
15741,bSsVWVfYU4w_00105,19,0,108,TRUE
15742,bSsVWVfYU4w_00108,19,0,117,TRUE
15743,bSsVWVfYU4w_00109,19,0,124,TRUE
15744,bSsVWVfYU4w_00138,19,0,116,FALSE
15745,bSsVWVfYU4w_00139,19,0,145,TRUE
15746,bl0C6d9QgIg_00000,19,0,77,TRUE
15747,bl0C6d9QgIg_00001,19,0,126,TRUE
15748,bl0C6d9QgIg_00002,19,0,65,TRUE
15749,cs8g1es4vfM_00024,19,0,70,TRUE
15750,mGRum47TLX0_00001,19,0,67,TRUE
15751,mGRum47TLX0_00002,19,0,35,TRUE
15752,mGRum47TLX0_00003,19,0,88,TRUE
15753,mGRum47TLX0_00011,19,0,99,TRUE
15754,mGRum47TLX0_00046,19,0,82,TRUE
15755,mGRum47TLX0_00048,19,0,105,TRUE
15756,mGRum47TLX0_00053,19,0,105,TRUE
15757,mGRum47TLX0_00055,19,0,77,TRUE
15758,mGRum47TLX0_00056,19,0,112,TRUE
15759,ovWCmIMMkRI_00004,19,0,53,TRUE
15760,ovWCmIMMkRI_00005,19,0,88,TRUE
15761,ovWCmIMMkRI_00011,19,0,70,TRUE
15762,ovWCmIMMkRI_00013,19,0,102,FALSE
15763,ovWCmIMMkRI_00014,19,0,81,TRUE
15764,ovWCmIMMkRI_00030,19,0,103,TRUE
15765,ovWCmIMMkRI_00031,19,0,121,TRUE
15766,ovWCmIMMkRI_00032,19,0,116,TRUE
15767,sexZ6VnZ9yc_00002,19,0,96,TRUE
15768,sexZ6VnZ9yc_00003,19,0,192,FALSE
15769,zBXtMcI41z8_00000,19,0,56,FALSE
15770,zBXtMcI41z8_00001,19,0,45,FALSE
15771,zBXtMcI41z8_00002,19,0,81,TRUE
15772,zBXtMcI41z8_00007,19,0,109,TRUE
15773,zBXtMcI41z8_00008,19,0,72,FALSE
15774,zBXtMcI41z8_00009,19,0,74,TRUE
15775,zBXtMcI41z8_00083,19,0,69,TRUE
15776,zBXtMcI41z8_00084,19,0,73,FALSE
15777,zBXtMcI41z8_00085,19,0,99,TRUE
15778,zBXtMcI41z8_00089,19,0,34,FALSE
15779,zBXtMcI41z8_00090,19,0,63,FALSE
15780,zBXtMcI41z8_00091,19,0,47,TRUE
15781,CVAfPfVFulQ_00029,20,0,201,FALSE
15782,CVAfPfVFulQ_00031,20,0,68,TRUE
15783,CVAfPfVFulQ_00033,20,0,139,TRUE
15784,CVAfPfVFulQ_00039,20,0,182,FALSE
15785,CVAfPfVFulQ_00072,20,0,81,TRUE
15786,CVAfPfVFulQ_00077,20,0,150,TRUE
15787,MbzIpx8kAD0_00015,20,0,142,TRUE
15788,MbzIpx8kAD0_00029,20,0,76,TRUE
15789,MbzIpx8kAD0_00032,20,0,54,TRUE
15790,MbzIpx8kAD0_00040,20,0,63,TRUE
15791,TMJ1XIZBRW4_00012,20,0,105,FALSE
15792,TMJ1XIZBRW4_00027,20,0,39,TRUE
15793,TMJ1XIZBRW4_00029,20,0,125,FALSE
15794,TMJ1XIZBRW4_00033,20,0,48,TRUE
15795,TMJ1XIZBRW4_00034,20,0,90,FALSE
15796,TMJ1XIZBRW4_00038,20,0,54,TRUE
15797,bSsVWVfYU4w_00101,20,0,231,FALSE
15798,bSsVWVfYU4w_00156,20,0,76,FALSE
15799,bSsVWVfYU4w_00157,20,0,85,FALSE
15800,jMEYIEYkpY0_00002,20,0,211,FALSE
15801,jMEYIEYkpY0_00003,20,0,28,FALSE
15802,jMEYIEYkpY0_00004,20,0,93,FALSE
15803,mGRum47TLX0_00034,20,0,168,TRUE
15804,mGRum47TLX0_00035,20,0,115,FALSE
15805,mGRum47TLX0_00039,20,0,56,FALSE
15806,mGRum47TLX0_00041,20,0,125,TRUE
15807,mGRum47TLX0_00043,20,0,61,FALSE
15808,mGRum47TLX0_00058,20,0,73,TRUE
15809,roFeEJPgJD8_00026,20,0,69,TRUE
15810,sexZ6VnZ9yc_00000,20,0,109,TRUE
15811,sexZ6VnZ9yc_00001,20,0,171,TRUE
15812,8qRmKunCjtY_00009,21,0,97,TRUE
15813,8qRmKunCjtY_00014,21,0,189,FALSE
15814,8qRmKunCjtY_00018,21,0,91,TRUE
15815,Le6xdQ2OO8w_00244,21,0,164,TRUE
15816,SbzcCzXjYSU_00029,21,0,125,TRUE
15817,SbzcCzXjYSU_00030,21,0,149,FALSE
15818,SbzcCzXjYSU_00031,21,0,122,TRUE
15819,SbzcCzXjYSU_00062,21,0,91,TRUE
15820,SbzcCzXjYSU_00063,21,0,118,TRUE
15821,SbzcCzXjYSU_00064,21,0,89,FALSE
15822,XfCaMLlyj9I_00058,21,0,207,FALSE
15823,XfCaMLlyj9I_00059,21,0,137,TRUE
15824,XfCaMLlyj9I_00060,21,0,178,TRUE
15825,XfCaMLlyj9I_00061,21,0,72,FALSE
15826,bSsVWVfYU4w_00107,21,0,140,TRUE
15827,cs8g1es4vfM_00038,21,0,123,TRUE
15828,cs8g1es4vfM_00039,21,0,151,TRUE
15829,cs8g1es4vfM_00048,21,0,99,TRUE
15830,cs8g1es4vfM_00049,21,0,124,TRUE
15831,cs8g1es4vfM_00052,21,0,79,TRUE
15832,cs8g1es4vfM_00053,21,0,94,TRUE
15833,jMEYIEYkpY0_00000,21,0,66,FALSE
15834,jMEYIEYkpY0_00001,21,0,102,TRUE
15835,jMEYIEYkpY0_00019,21,0,76,TRUE
15836,jMEYIEYkpY0_00020,21,0,82,FALSE
15837,jMEYIEYkpY0_00021,21,0,79,TRUE
15838,jMEYIEYkpY0_00022,21,0,106,FALSE
15839,jMEYIEYkpY0_00023,21,0,125,TRUE
15840,jMEYIEYkpY0_00024,21,0,118,TRUE
15841,jMEYIEYkpY0_00025,21,0,136,FALSE
15842,jMEYIEYkpY0_00026,21,0,125,TRUE
15843,k71Cc-Sm-Mg_00082,21,0,80,FALSE
15844,k71Cc-Sm-Mg_00100,21,0,159,FALSE
15845,k71Cc-Sm-Mg_00102,21,0,138,FALSE
15846,rRw7peH60Yw_00008,21,0,55,TRUE
15847,rRw7peH60Yw_00029,21,0,87,FALSE
15848,yHo2oERGo7A_00017,21,0,109,TRUE
15849,yHo2oERGo7A_00019,21,0,129,TRUE
15850,yHo2oERGo7A_00020,21,0,160,TRUE
15851,yHo2oERGo7A_00041,21,0,71,FALSE
15852,yHo2oERGo7A_00042,21,0,210,FALSE
15853,yHo2oERGo7A_00043,21,0,94,TRUE
15854,yHo2oERGo7A_00096,21,0,136,FALSE
15855,yHo2oERGo7A_00097,21,0,232,FALSE
15856,zmacW6f2Tdk_00000,21,0,132,TRUE
15857,zmacW6f2Tdk_00001,21,0,149,TRUE
15858,zmacW6f2Tdk_00020,21,0,94,FALSE
15859,zmacW6f2Tdk_00021,21,0,108,TRUE
15860,zmacW6f2Tdk_00025,21,0,121,TRUE
15861,zmacW6f2Tdk_00026,21,0,194,FALSE
15862,zmacW6f2Tdk_00031,21,0,128,TRUE
15863,zmacW6f2Tdk_00032,21,0,205,FALSE
15864,XfCaMLlyj9I_00066,22,0,60,TRUE
15865,XfCaMLlyj9I_00067,22,0,78,TRUE
15866,XfCaMLlyj9I_00068,22,0,151,TRUE
15867,XfCaMLlyj9I_00069,22,0,73,FALSE
15868,XfCaMLlyj9I_00143,22,0,82,FALSE
15869,XfCaMLlyj9I_00144,22,0,119,FALSE
15870,XfCaMLlyj9I_00145,22,0,138,TRUE
15871,XfCaMLlyj9I_00146,22,0,67,FALSE
15872,XfCaMLlyj9I_00153,22,0,94,FALSE
15873,XfCaMLlyj9I_00154,22,0,53,FALSE
15874,XfCaMLlyj9I_00155,22,0,151,TRUE
15875,XfCaMLlyj9I_00157,22,0,117,FALSE
15876,XfCaMLlyj9I_00158,22,0,97,TRUE
15877,XfCaMLlyj9I_00159,22,0,71,TRUE
15878,XfCaMLlyj9I_00160,22,0,142,TRUE
15879,XfCaMLlyj9I_00161,22,0,90,FALSE
15880,XfCaMLlyj9I_00162,22,0,75,FALSE
15881,XfCaMLlyj9I_00163,22,0,65,TRUE
15882,XfCaMLlyj9I_00164,22,0,121,TRUE
15883,XfCaMLlyj9I_00165,22,0,76,FALSE
15884,k71Cc-Sm-Mg_00052,22,0,91,TRUE
15885,k71Cc-Sm-Mg_00053,22,0,118,TRUE
15886,k71Cc-Sm-Mg_00054,22,0,128,TRUE
15887,k71Cc-Sm-Mg_00066,22,0,81,TRUE
15888,k71Cc-Sm-Mg_00067,22,0,135,FALSE
15889,k71Cc-Sm-Mg_00068,22,0,121,TRUE
15890,k71Cc-Sm-Mg_00072,22,0,73,TRUE
15891,k71Cc-Sm-Mg_00073,22,0,242,FALSE
15892,k71Cc-Sm-Mg_00074,22,0,165,FALSE
15893,k71Cc-Sm-Mg_00075,22,0,52,FALSE
15894,k71Cc-Sm-Mg_00076,22,0,71,FALSE
15895,k71Cc-Sm-Mg_00077,22,0,74,TRUE
15896,k71Cc-Sm-Mg_00078,22,0,98,FALSE
15897,k71Cc-Sm-Mg_00079,22,0,63,TRUE
15898,k71Cc-Sm-Mg_00080,22,0,109,FALSE
15899,k71Cc-Sm-Mg_00081,22,0,97,TRUE
15900,k71Cc-Sm-Mg_00099,22,0,83,TRUE
15901,k71Cc-Sm-Mg_00101,22,0,143,FALSE
15902,k71Cc-Sm-Mg_00109,22,0,65,TRUE
15903,k71Cc-Sm-Mg_00110,22,0,137,TRUE
15904,k71Cc-Sm-Mg_00111,22,0,79,TRUE
15905,k71Cc-Sm-Mg_00146,22,0,65,FALSE
15906,k71Cc-Sm-Mg_00147,22,0,122,FALSE
15907,k71Cc-Sm-Mg_00148,22,0,97,FALSE
15908,k71Cc-Sm-Mg_00152,22,0,117,TRUE
15909,k71Cc-Sm-Mg_00153,22,0,194,FALSE
15910,k71Cc-Sm-Mg_00154,22,0,133,FALSE
15911,rRw7peH60Yw_00009,22,0,123,TRUE
15912,rRw7peH60Yw_00025,22,0,147,TRUE
15913,rRw7peH60Yw_00028,22,0,89,FALSE
15914,rRw7peH60Yw_00030,22,0,102,TRUE
15915,rRw7peH60Yw_00035,22,0,102,TRUE
15916,XfCaMLlyj9I_00119,23,0,75,FALSE
15917,XfCaMLlyj9I_00120,23,0,71,TRUE
15918,XfCaMLlyj9I_00121,23,0,103,TRUE
15919,XfCaMLlyj9I_00122,23,0,48,FALSE
15920,zBXtMcI41z8_00063,23,0,56,TRUE
15921,zBXtMcI41z8_00064,23,0,91,TRUE
15922,zBXtMcI41z8_00066,23,0,83,TRUE
15923,8qRmKunCjtY_00012,24,0,158,TRUE
15924,CVAfPfVFulQ_00052,24,0,100,FALSE
15925,CVAfPfVFulQ_00054,24,0,50,FALSE
15926,CVAfPfVFulQ_00055,24,0,100,TRUE
15927,L2tKML4URG8_00004,24,0,80,TRUE
15928,L2tKML4URG8_00005,24,0,97,TRUE
15929,L_SB1PRgDTE_00033,24,0,175,TRUE
15930,L_SB1PRgDTE_00034,24,0,176,TRUE
15931,L_SB1PRgDTE_00035,24,0,207,FALSE
15932,Le6xdQ2OO8w_00162,24,0,39,FALSE
15933,Le6xdQ2OO8w_00164,24,0,51,FALSE
15934,Le6xdQ2OO8w_00175,24,0,85,FALSE
15935,Le6xdQ2OO8w_00176,24,0,111,TRUE
15936,Le6xdQ2OO8w_00185,24,0,219,FALSE
15937,Le6xdQ2OO8w_00186,24,0,138,TRUE
15938,Le6xdQ2OO8w_00203,24,0,64,TRUE
15939,Le6xdQ2OO8w_00204,24,0,81,TRUE
15940,Le6xdQ2OO8w_00205,24,0,86,TRUE
15941,Le6xdQ2OO8w_00206,24,0,105,TRUE
15942,Le6xdQ2OO8w_00207,24,0,51,TRUE
15943,Le6xdQ2OO8w_00216,24,0,128,TRUE
15944,Le6xdQ2OO8w_00217,24,0,144,TRUE
15945,Le6xdQ2OO8w_00218,24,0,159,TRUE
15946,Le6xdQ2OO8w_00219,24,0,156,TRUE
15947,Le6xdQ2OO8w_00259,24,0,105,TRUE
15948,MbzIpx8kAD0_00045,24,0,91,TRUE
15949,MbzIpx8kAD0_00050,24,0,80,TRUE
15950,MbzIpx8kAD0_00051,24,0,62,TRUE
15951,MbzIpx8kAD0_00053,24,0,63,TRUE
15952,MbzIpx8kAD0_00063,24,0,84,TRUE
15953,SbzcCzXjYSU_00000,24,0,101,TRUE
15954,SbzcCzXjYSU_00001,24,0,156,FALSE
15955,SbzcCzXjYSU_00002,24,0,45,FALSE
15956,SbzcCzXjYSU_00003,24,0,105,TRUE
15957,SbzcCzXjYSU_00004,24,0,126,FALSE
15958,SbzcCzXjYSU_00014,24,0,107,FALSE
15959,SbzcCzXjYSU_00015,24,0,99,FALSE
15960,TMJ1XIZBRW4_00032,24,0,99,TRUE
15961,TMJ1XIZBRW4_00035,24,0,111,FALSE
15962,TMJ1XIZBRW4_00040,24,0,76,TRUE
15963,bSsVWVfYU4w_00112,24,0,97,FALSE
15964,bSsVWVfYU4w_00113,24,0,169,TRUE
15965,bSsVWVfYU4w_00124,24,0,207,FALSE
15966,bSsVWVfYU4w_00125,24,0,193,FALSE
15967,bSsVWVfYU4w_00136,24,0,75,FALSE
15968,bSsVWVfYU4w_00137,24,0,116,TRUE
15969,bSsVWVfYU4w_00140,24,0,59,TRUE
15970,bSsVWVfYU4w_00141,24,0,128,TRUE
15971,cs8g1es4vfM_00015,24,0,96,TRUE
15972,cs8g1es4vfM_00018,24,0,119,TRUE
15973,cs8g1es4vfM_00019,24,0,181,FALSE
15974,cs8g1es4vfM_00021,24,0,154,TRUE
15975,k71Cc-Sm-Mg_00050,24,0,158,TRUE
15976,k71Cc-Sm-Mg_00058,24,0,71,FALSE
15977,mGRum47TLX0_00050,24,0,159,FALSE
15978,mGRum47TLX0_00052,24,0,76,FALSE
15979,mGRum47TLX0_00054,24,0,163,TRUE
15980,mGRum47TLX0_00061,24,0,152,FALSE
15981,ovWCmIMMkRI_00040,24,0,89,TRUE
15982,ovWCmIMMkRI_00041,24,0,123,TRUE
15983,ovWCmIMMkRI_00042,24,0,118,TRUE
15984,roFeEJPgJD8_00027,24,0,112,TRUE
15985,yHo2oERGo7A_00000,24,0,115,TRUE
15986,yHo2oERGo7A_00001,24,0,170,TRUE
15987,yHo2oERGo7A_00002,24,0,122,TRUE
15988,yHo2oERGo7A_00015,24,0,140,TRUE
15989,yHo2oERGo7A_00016,24,0,137,TRUE
15990,yHo2oERGo7A_00035,24,0,142,TRUE
15991,yHo2oERGo7A_00036,24,0,147,TRUE
15992,yHo2oERGo7A_00037,24,0,161,TRUE
15993,yHo2oERGo7A_00075,24,0,93,FALSE
15994,yHo2oERGo7A_00076,24,0,117,TRUE
15995,yHo2oERGo7A_00077,24,0,83,FALSE
15996,yHo2oERGo7A_00081,24,0,35,FALSE
15997,yHo2oERGo7A_00082,24,0,138,FALSE
15998,yHo2oERGo7A_00083,24,0,70,TRUE
15999,zmacW6f2Tdk_00006,24,0,110,TRUE
16000,zmacW6f2Tdk_00007,24,0,163,TRUE
16001,zmacW6f2Tdk_00041,24,0,157,TRUE
16002,zmacW6f2Tdk_00042,24,0,237,FALSE
16003,L2tKML4URG8_00000,25,0,62,TRUE
16004,L2tKML4URG8_00001,25,0,136,TRUE
16005,L2tKML4URG8_00002,25,0,77,TRUE
16006,L2tKML4URG8_00003,25,0,98,FALSE
16007,L_SB1PRgDTE_00038,25,0,110,TRUE
16008,Le6xdQ2OO8w_00189,25,0,140,TRUE
16009,Le6xdQ2OO8w_00190,25,0,159,TRUE
16010,Le6xdQ2OO8w_00197,25,0,107,TRUE
16011,Le6xdQ2OO8w_00198,25,0,127,TRUE
16012,Le6xdQ2OO8w_00250,25,0,126,TRUE
16013,Le6xdQ2OO8w_00263,25,0,53,TRUE
16014,MbzIpx8kAD0_00047,25,0,77,TRUE
16015,TMJ1XIZBRW4_00053,25,0,66,TRUE
16016,bSsVWVfYU4w_00159,25,0,103,TRUE
16017,bl0C6d9QgIg_00027,25,0,90,TRUE
16018,bl0C6d9QgIg_00028,25,0,154,TRUE
16019,8qRmKunCjtY_00013,26,0,186,FALSE
16020,SbzcCzXjYSU_00018,26,0,129,TRUE
16021,SbzcCzXjYSU_00019,26,0,129,FALSE
16022,SbzcCzXjYSU_00059,26,0,151,TRUE
16023,SbzcCzXjYSU_00060,26,0,203,FALSE
16024,SbzcCzXjYSU_00061,26,0,125,TRUE
16025,XfCaMLlyj9I_00087,26,0,63,TRUE
16026,XfCaMLlyj9I_00088,26,0,80,FALSE
16027,XfCaMLlyj9I_00089,26,0,122,TRUE
16028,XfCaMLlyj9I_00090,26,0,66,TRUE
16029,XfCaMLlyj9I_00095,26,0,152,FALSE
16030,XfCaMLlyj9I_00096,26,0,106,FALSE
16031,XfCaMLlyj9I_00097,26,0,193,FALSE
16032,XfCaMLlyj9I_00098,26,0,117,FALSE
16033,XfCaMLlyj9I_00099,26,0,80,FALSE
16034,XfCaMLlyj9I_00100,26,0,81,TRUE
16035,XfCaMLlyj9I_00101,26,0,157,FALSE
16036,XfCaMLlyj9I_00102,26,0,96,FALSE
16037,jMEYIEYkpY0_00005,26,0,76,TRUE
16038,jMEYIEYkpY0_00006,26,0,153,TRUE
16039,jMEYIEYkpY0_00014,26,0,91,TRUE
16040,jMEYIEYkpY0_00015,26,0,134,FALSE
16041,jMEYIEYkpY0_00016,26,0,125,TRUE
16042,k71Cc-Sm-Mg_00042,26,0,133,TRUE
16043,k71Cc-Sm-Mg_00043,26,0,197,FALSE
16044,k71Cc-Sm-Mg_00044,26,0,148,FALSE
16045,k71Cc-Sm-Mg_00045,26,0,114,FALSE
16046,k71Cc-Sm-Mg_00046,26,0,112,TRUE
16047,k71Cc-Sm-Mg_00047,26,0,124,TRUE
16048,k71Cc-Sm-Mg_00049,26,0,112,TRUE
16049,k71Cc-Sm-Mg_00051,26,0,113,FALSE
16050,k71Cc-Sm-Mg_00055,26,0,77,TRUE
16051,k71Cc-Sm-Mg_00056,26,0,145,FALSE
16052,k71Cc-Sm-Mg_00057,26,0,146,FALSE
16053,k71Cc-Sm-Mg_00172,26,0,108,TRUE
16054,k71Cc-Sm-Mg_00173,26,0,142,FALSE
16055,k71Cc-Sm-Mg_00174,26,0,109,TRUE
16056,k71Cc-Sm-Mg_00175,26,0,106,FALSE
16057,k71Cc-Sm-Mg_00176,26,0,137,FALSE
16058,k71Cc-Sm-Mg_00177,26,0,146,TRUE
16059,k71Cc-Sm-Mg_00178,26,0,112,TRUE
16060,rRw7peH60Yw_00000,26,0,105,FALSE
16061,rRw7peH60Yw_00004,26,0,163,TRUE
16062,rRw7peH60Yw_00011,26,0,94,TRUE
16063,rRw7peH60Yw_00031,26,0,110,TRUE
16064,roFeEJPgJD8_00002,26,0,83,FALSE
16065,roFeEJPgJD8_00008,26,0,195,FALSE
16066,sFO6XlfgxNQ_00052,26,0,79,TRUE
16067,sFO6XlfgxNQ_00054,26,0,182,FALSE
16068,sFO6XlfgxNQ_00058,26,0,117,TRUE
16069,sFO6XlfgxNQ_00059,26,0,178,FALSE
16070,sFO6XlfgxNQ_00060,26,0,124,FALSE
16071,sFO6XlfgxNQ_00070,26,0,196,FALSE
16072,sFO6XlfgxNQ_00071,26,0,212,FALSE
16073,sFO6XlfgxNQ_00072,26,0,118,FALSE
16074,sFO6XlfgxNQ_00073,26,0,62,TRUE
16075,sFO6XlfgxNQ_00074,26,0,144,TRUE
16076,sFO6XlfgxNQ_00075,26,0,92,FALSE
16077,sFO6XlfgxNQ_00080,26,0,41,TRUE
16078,sFO6XlfgxNQ_00081,26,0,140,FALSE
16079,sFO6XlfgxNQ_00082,26,0,72,FALSE
16080,sFO6XlfgxNQ_00089,26,0,70,TRUE
16081,sFO6XlfgxNQ_00090,26,0,172,FALSE
16082,sFO6XlfgxNQ_00091,26,0,113,FALSE
16083,sFO6XlfgxNQ_00112,26,0,37,TRUE
16084,sFO6XlfgxNQ_00113,26,0,108,TRUE
16085,sFO6XlfgxNQ_00114,26,0,58,FALSE
16086,zmacW6f2Tdk_00002,26,0,140,TRUE
16087,zmacW6f2Tdk_00003,26,0,165,TRUE
16088,bSsVWVfYU4w_00102,27,0,198,FALSE
16089,bSsVWVfYU4w_00103,27,0,132,TRUE
16090,bSsVWVfYU4w_00128,27,0,122,TRUE
16091,bSsVWVfYU4w_00129,27,0,111,TRUE
16092,bSsVWVfYU4w_00158,27,0,56,TRUE
16093,jMEYIEYkpY0_00007,27,0,64,TRUE
16094,jMEYIEYkpY0_00008,27,0,113,FALSE
16095,jMEYIEYkpY0_00009,27,0,116,TRUE
16096,jMEYIEYkpY0_00041,27,0,92,FALSE
16097,jMEYIEYkpY0_00042,27,0,115,TRUE
16098,jMEYIEYkpY0_00043,27,0,103,TRUE
16099,jMEYIEYkpY0_00059,27,0,71,TRUE
16100,jMEYIEYkpY0_00060,27,0,114,FALSE
16101,jMEYIEYkpY0_00061,27,0,128,TRUE
16102,jMEYIEYkpY0_00077,27,0,96,FALSE
16103,jMEYIEYkpY0_00078,27,0,132,FALSE
16104,jMEYIEYkpY0_00079,27,0,132,FALSE
16105,ovWCmIMMkRI_00044,27,0,50,TRUE
16106,ovWCmIMMkRI_00045,27,0,80,FALSE
16107,ovWCmIMMkRI_00046,27,0,76,TRUE
16108,ovWCmIMMkRI_00063,27,0,92,FALSE
16109,ovWCmIMMkRI_00064,27,0,93,TRUE
16110,ovWCmIMMkRI_00065,27,0,101,FALSE
16111,qD3IMtAanSg_00038,27,0,129,TRUE
16112,rRw7peH60Yw_00002,27,0,81,TRUE
16113,roFeEJPgJD8_00007,27,0,136,FALSE
16114,yHo2oERGo7A_00024,27,0,120,TRUE
16115,yHo2oERGo7A_00025,27,0,127,TRUE
16116,yHo2oERGo7A_00026,27,0,152,TRUE
16117,yHo2oERGo7A_00027,27,0,213,FALSE
16118,yHo2oERGo7A_00028,27,0,259,FALSE
16119,yHo2oERGo7A_00051,27,0,89,TRUE
16120,yHo2oERGo7A_00052,27,0,112,TRUE
16121,zmacW6f2Tdk_00004,27,0,189,FALSE
16122,zmacW6f2Tdk_00005,27,0,224,FALSE
16123,zmacW6f2Tdk_00010,27,0,122,TRUE
16124,zmacW6f2Tdk_00011,27,0,121,TRUE
16125,zmacW6f2Tdk_00059,27,0,50,FALSE
16126,zmacW6f2Tdk_00060,27,0,74,FALSE
16127,XfCaMLlyj9I_00131,28,0,83,FALSE
16128,XfCaMLlyj9I_00132,28,0,90,FALSE
16129,XfCaMLlyj9I_00133,28,0,152,TRUE
16130,XfCaMLlyj9I_00134,28,0,72,FALSE
16131,XfCaMLlyj9I_00147,28,0,63,TRUE
16132,XfCaMLlyj9I_00148,28,0,72,TRUE
16133,XfCaMLlyj9I_00149,28,0,132,FALSE
16134,XfCaMLlyj9I_00150,28,0,72,FALSE
16135,k71Cc-Sm-Mg_00103,28,0,105,FALSE
16136,k71Cc-Sm-Mg_00104,28,0,132,FALSE
16137,k71Cc-Sm-Mg_00105,28,0,137,TRUE
16138,k71Cc-Sm-Mg_00106,28,0,97,TRUE
16139,k71Cc-Sm-Mg_00107,28,0,123,FALSE
16140,k71Cc-Sm-Mg_00108,28,0,120,TRUE
16141,k71Cc-Sm-Mg_00112,28,0,191,FALSE
16142,k71Cc-Sm-Mg_00113,28,0,205,FALSE
16143,k71Cc-Sm-Mg_00114,28,0,123,FALSE
16144,k71Cc-Sm-Mg_00115,28,0,127,FALSE
16145,qD3IMtAanSg_00024,28,0,113,TRUE
16146,qD3IMtAanSg_00025,28,0,202,FALSE
16147,qD3IMtAanSg_00026,28,0,114,TRUE
16148,qD3IMtAanSg_00036,28,0,100,FALSE
16149,qD3IMtAanSg_00037,28,0,201,FALSE
16150,qD3IMtAanSg_00050,28,0,137,TRUE
16151,qD3IMtAanSg_00051,28,0,223,FALSE
16152,qD3IMtAanSg_00052,28,0,107,FALSE
16153,qD3IMtAanSg_00056,28,0,100,TRUE
16154,qD3IMtAanSg_00057,28,0,193,FALSE
16155,qD3IMtAanSg_00058,28,0,88,FALSE
16156,qD3IMtAanSg_00079,28,0,99,TRUE
16157,qD3IMtAanSg_00080,28,0,178,TRUE
16158,qD3IMtAanSg_00081,28,0,94,TRUE
16159,qD3IMtAanSg_00088,28,0,85,FALSE
16160,qD3IMtAanSg_00089,28,0,176,FALSE
16161,qD3IMtAanSg_00090,28,0,80,FALSE
16162,qD3IMtAanSg_00126,28,0,117,TRUE
16163,qD3IMtAanSg_00127,28,0,232,FALSE
16164,qD3IMtAanSg_00133,28,0,85,TRUE
16165,qD3IMtAanSg_00134,28,0,162,FALSE
16166,qD3IMtAanSg_00135,28,0,87,TRUE
16167,rRw7peH60Yw_00014,28,0,161,TRUE
16168,rRw7peH60Yw_00034,28,0,122,TRUE
16169,zBXtMcI41z8_00029,28,0,44,FALSE
16170,zBXtMcI41z8_00030,28,0,75,FALSE
16171,zBXtMcI41z8_00031,28,0,63,FALSE
16172,zBXtMcI41z8_00047,28,0,54,FALSE
16173,zBXtMcI41z8_00048,28,0,93,FALSE
16174,zBXtMcI41z8_00049,28,0,86,TRUE
16175,zBXtMcI41z8_00111,28,0,81,TRUE
16176,zBXtMcI41z8_00112,28,0,72,TRUE
16177,zBXtMcI41z8_00113,28,0,75,TRUE
16178,CVAfPfVFulQ_00005,29,0,75,TRUE
16179,MbzIpx8kAD0_00001,29,0,58,TRUE
16180,MbzIpx8kAD0_00008,29,0,79,FALSE
16181,bSsVWVfYU4w_00008,29,0,109,TRUE
16182,bSsVWVfYU4w_00009,29,0,127,TRUE
16183,bSsVWVfYU4w_00012,29,0,127,FALSE
16184,bSsVWVfYU4w_00013,29,0,108,TRUE
16185,bSsVWVfYU4w_00016,29,0,142,TRUE
16186,bSsVWVfYU4w_00017,29,0,158,TRUE
16187,bSsVWVfYU4w_00022,29,0,69,TRUE
16188,bSsVWVfYU4w_00023,29,0,113,TRUE
16189,mGRum47TLX0_00004,29,0,97,TRUE
16190,mGRum47TLX0_00006,29,0,113,TRUE
16191,mGRum47TLX0_00007,29,0,203,FALSE
16192,mGRum47TLX0_00010,29,0,129,TRUE
16193,sFO6XlfgxNQ_00016,29,0,68,TRUE
16194,sFO6XlfgxNQ_00017,29,0,158,TRUE
16195,sFO6XlfgxNQ_00018,29,0,115,FALSE
16196,sexZ6VnZ9yc_00004,29,0,179,TRUE
16197,sexZ6VnZ9yc_00005,29,0,146,TRUE
16198,8qRmKunCjtY_00002,31,0,114,TRUE
16199,CVAfPfVFulQ_00000,31,0,61,TRUE
16200,CVAfPfVFulQ_00011,31,0,127,TRUE
16201,CVAfPfVFulQ_00012,31,0,56,FALSE
16202,CVAfPfVFulQ_00014,31,0,65,TRUE
16203,CVAfPfVFulQ_00016,31,0,118,TRUE
16204,CVAfPfVFulQ_00018,31,0,148,FALSE
16205,CVAfPfVFulQ_00035,31,0,41,FALSE
16206,L2tKML4URG8_00010,31,0,54,TRUE
16207,L2tKML4URG8_00011,31,0,92,TRUE
16208,Le6xdQ2OO8w_00010,31,0,41,FALSE
16209,Le6xdQ2OO8w_00011,31,0,54,TRUE
16210,Le6xdQ2OO8w_00020,31,0,216,FALSE
16211,Le6xdQ2OO8w_00021,31,0,235,FALSE
16212,Le6xdQ2OO8w_00024,31,0,47,TRUE
16213,Le6xdQ2OO8w_00025,31,0,73,TRUE
16214,Le6xdQ2OO8w_00032,31,0,92,TRUE
16215,Le6xdQ2OO8w_00033,31,0,92,TRUE
16216,Le6xdQ2OO8w_00087,31,0,174,TRUE
16217,Le6xdQ2OO8w_00088,31,0,105,TRUE
16218,Le6xdQ2OO8w_00091,31,0,101,TRUE
16219,Le6xdQ2OO8w_00092,31,0,86,TRUE
16220,Le6xdQ2OO8w_00105,31,0,88,FALSE
16221,Le6xdQ2OO8w_00106,31,0,90,TRUE
16222,Le6xdQ2OO8w_00110,31,0,90,TRUE
16223,Le6xdQ2OO8w_00111,31,0,114,TRUE
16224,Le6xdQ2OO8w_00137,31,0,215,FALSE
16225,Le6xdQ2OO8w_00138,31,0,107,TRUE
16226,Le6xdQ2OO8w_00143,31,0,120,TRUE
16227,Le6xdQ2OO8w_00144,31,0,103,TRUE
16228,Le6xdQ2OO8w_00167,31,0,62,TRUE
16229,Le6xdQ2OO8w_00168,31,0,93,TRUE
16230,Le6xdQ2OO8w_00181,31,0,134,TRUE
16231,Le6xdQ2OO8w_00182,31,0,120,TRUE
16232,Le6xdQ2OO8w_00240,31,0,76,TRUE
16233,Le6xdQ2OO8w_00241,31,0,94,TRUE
16234,MbzIpx8kAD0_00011,31,0,61,TRUE
16235,MbzIpx8kAD0_00018,31,0,127,TRUE
16236,MbzIpx8kAD0_00020,31,0,49,TRUE
16237,MbzIpx8kAD0_00021,31,0,160,TRUE
16238,MbzIpx8kAD0_00026,31,0,62,TRUE
16239,MbzIpx8kAD0_00027,31,0,75,FALSE
16240,MbzIpx8kAD0_00049,31,0,77,TRUE
16241,MbzIpx8kAD0_00066,31,0,67,TRUE
16242,TMJ1XIZBRW4_00011,31,0,68,FALSE
16243,TMJ1XIZBRW4_00013,31,0,109,TRUE
16244,TMJ1XIZBRW4_00014,31,0,82,FALSE
16245,TMJ1XIZBRW4_00017,31,0,81,TRUE
16246,TMJ1XIZBRW4_00018,31,0,29,FALSE
16247,TMJ1XIZBRW4_00028,31,0,51,FALSE
16248,TMJ1XIZBRW4_00046,31,0,93,TRUE
16249,bSsVWVfYU4w_00028,31,0,53,TRUE
16250,bSsVWVfYU4w_00029,31,0,117,TRUE
16251,bSsVWVfYU4w_00030,31,0,278,FALSE
16252,bSsVWVfYU4w_00031,31,0,206,FALSE
16253,bSsVWVfYU4w_00038,31,0,46,TRUE
16254,bSsVWVfYU4w_00039,31,0,89,TRUE
16255,bSsVWVfYU4w_00046,31,0,44,TRUE
16256,bSsVWVfYU4w_00047,31,0,82,FALSE
16257,bSsVWVfYU4w_00066,31,0,70,FALSE
16258,bSsVWVfYU4w_00077,31,0,48,TRUE
16259,bSsVWVfYU4w_00078,31,0,92,TRUE
16260,cs8g1es4vfM_00008,31,0,53,TRUE
16261,cs8g1es4vfM_00009,31,0,73,TRUE
16262,cs8g1es4vfM_00046,31,0,64,TRUE
16263,cs8g1es4vfM_00047,31,0,87,TRUE
16264,k71Cc-Sm-Mg_00035,31,0,98,TRUE
16265,k71Cc-Sm-Mg_00036,31,0,96,TRUE
16266,k71Cc-Sm-Mg_00037,31,0,118,TRUE
16267,k71Cc-Sm-Mg_00038,31,0,87,TRUE
16268,k71Cc-Sm-Mg_00123,31,0,84,TRUE
16269,k71Cc-Sm-Mg_00164,31,0,80,TRUE
16270,k71Cc-Sm-Mg_00165,31,0,106,TRUE
16271,k71Cc-Sm-Mg_00166,31,0,187,FALSE
16272,k71Cc-Sm-Mg_00167,31,0,58,FALSE
16273,k71Cc-Sm-Mg_00168,31,0,68,FALSE
16274,mGRum47TLX0_00000,31,0,59,TRUE
16275,mGRum47TLX0_00016,31,0,223,FALSE
16276,mGRum47TLX0_00064,31,0,84,TRUE
16277,ovWCmIMMkRI_00024,31,0,91,FALSE
16278,ovWCmIMMkRI_00025,31,0,112,TRUE
16279,ovWCmIMMkRI_00026,31,0,111,TRUE
16280,ovWCmIMMkRI_00043,31,0,39,FALSE
16281,roFeEJPgJD8_00003,31,0,47,TRUE
16282,roFeEJPgJD8_00039,31,0,99,FALSE
16283,yHo2oERGo7A_00003,31,0,113,TRUE
16284,yHo2oERGo7A_00004,31,0,92,TRUE
16285,yHo2oERGo7A_00005,31,0,90,TRUE
16286,CVAfPfVFulQ_00053,32,0,135,TRUE
16287,CVAfPfVFulQ_00065,32,0,137,TRUE
16288,L2tKML4URG8_00006,32,0,55,TRUE
16289,L2tKML4URG8_00007,32,0,84,TRUE
16290,L_SB1PRgDTE_00021,32,0,55,FALSE
16291,L_SB1PRgDTE_00031,32,0,91,TRUE
16292,L_SB1PRgDTE_00032,32,0,86,FALSE
16293,Le6xdQ2OO8w_00046,32,0,118,TRUE
16294,Le6xdQ2OO8w_00047,32,0,130,TRUE
16295,Le6xdQ2OO8w_00210,32,0,122,FALSE
16296,Le6xdQ2OO8w_00211,32,0,106,TRUE
16297,Le6xdQ2OO8w_00230,32,0,83,TRUE
16298,Le6xdQ2OO8w_00231,32,0,97,TRUE
16299,Le6xdQ2OO8w_00236,32,0,53,TRUE
16300,Le6xdQ2OO8w_00237,32,0,88,FALSE
16301,Le6xdQ2OO8w_00238,32,0,116,TRUE
16302,Le6xdQ2OO8w_00239,32,0,155,TRUE
16303,Le6xdQ2OO8w_00242,32,0,46,TRUE
16304,Le6xdQ2OO8w_00243,32,0,75,TRUE
16305,Le6xdQ2OO8w_00261,32,0,89,TRUE
16306,Le6xdQ2OO8w_00262,32,0,77,TRUE
16307,MbzIpx8kAD0_00041,32,0,78,TRUE
16308,MbzIpx8kAD0_00056,32,0,50,TRUE
16309,MbzIpx8kAD0_00064,32,0,71,TRUE
16310,TMJ1XIZBRW4_00047,32,0,70,TRUE
16311,bSsVWVfYU4w_00132,32,0,87,TRUE
16312,bSsVWVfYU4w_00133,32,0,141,FALSE
16313,bSsVWVfYU4w_00150,32,0,70,TRUE
16314,bSsVWVfYU4w_00151,32,0,95,TRUE
16315,bSsVWVfYU4w_00164,32,0,178,TRUE
16316,bSsVWVfYU4w_00165,32,0,105,TRUE
16317,bSsVWVfYU4w_00172,32,0,227,FALSE
16318,bSsVWVfYU4w_00173,32,0,122,TRUE
16319,bl0C6d9QgIg_00019,32,0,55,TRUE
16320,bl0C6d9QgIg_00020,32,0,117,TRUE
16321,mGRum47TLX0_00049,32,0,99,TRUE
16322,mGRum47TLX0_00059,32,0,47,TRUE
16323,mGRum47TLX0_00060,32,0,69,TRUE
16324,mGRum47TLX0_00063,32,0,59,TRUE
16325,mGRum47TLX0_00065,32,0,67,TRUE
16326,mGRum47TLX0_00067,32,0,77,TRUE
16327,ovWCmIMMkRI_00038,32,0,48,TRUE
16328,ovWCmIMMkRI_00039,32,0,94,TRUE
16329,SbzcCzXjYSU_00041,33,0,319,FALSE
16330,SbzcCzXjYSU_00042,33,0,119,FALSE
16331,SbzcCzXjYSU_00043,33,0,115,TRUE
16332,TMJ1XIZBRW4_00044,33,0,55,TRUE
16333,TMJ1XIZBRW4_00050,33,0,88,TRUE
16334,XfCaMLlyj9I_00062,33,0,151,TRUE
16335,XfCaMLlyj9I_00063,33,0,81,TRUE
16336,XfCaMLlyj9I_00064,33,0,95,FALSE
16337,XfCaMLlyj9I_00065,33,0,88,FALSE
16338,XfCaMLlyj9I_00070,33,0,252,FALSE
16339,XfCaMLlyj9I_00071,33,0,89,TRUE
16340,XfCaMLlyj9I_00072,33,0,153,TRUE
16341,XfCaMLlyj9I_00073,33,0,82,FALSE
16342,XfCaMLlyj9I_00074,33,0,294,FALSE
16343,XfCaMLlyj9I_00075,33,0,149,FALSE
16344,XfCaMLlyj9I_00076,33,0,162,FALSE
16345,XfCaMLlyj9I_00077,33,0,69,FALSE
16346,XfCaMLlyj9I_00139,33,0,224,FALSE
16347,XfCaMLlyj9I_00140,33,0,78,TRUE
16348,XfCaMLlyj9I_00141,33,0,129,TRUE
16349,jMEYIEYkpY0_00074,33,0,134,TRUE
16350,jMEYIEYkpY0_00075,33,0,110,TRUE
16351,jMEYIEYkpY0_00076,33,0,104,FALSE
16352,jMEYIEYkpY0_00099,33,0,44,FALSE
16353,k71Cc-Sm-Mg_00095,33,0,74,FALSE
16354,k71Cc-Sm-Mg_00096,33,0,100,TRUE
16355,k71Cc-Sm-Mg_00097,33,0,103,TRUE
16356,k71Cc-Sm-Mg_00098,33,0,69,FALSE
16357,ovWCmIMMkRI_00047,33,0,119,TRUE
16358,ovWCmIMMkRI_00048,33,0,107,TRUE
16359,ovWCmIMMkRI_00049,33,0,105,TRUE
16360,rRw7peH60Yw_00001,33,0,45,TRUE
16361,rRw7peH60Yw_00003,33,0,52,TRUE
16362,rRw7peH60Yw_00005,33,0,130,TRUE
16363,rRw7peH60Yw_00017,33,0,162,TRUE
16364,rRw7peH60Yw_00026,33,0,70,TRUE
16365,roFeEJPgJD8_00018,33,0,90,TRUE
16366,roFeEJPgJD8_00030,33,0,67,TRUE
16367,roFeEJPgJD8_00031,33,0,130,TRUE
16368,8qRmKunCjtY_00008,34,0,84,FALSE
16369,8qRmKunCjtY_00011,34,0,100,TRUE
16370,CVAfPfVFulQ_00050,34,0,82,TRUE
16371,CVAfPfVFulQ_00051,34,0,125,TRUE
16372,CVAfPfVFulQ_00057,34,0,68,TRUE
16373,CVAfPfVFulQ_00061,34,0,66,TRUE
16374,CVAfPfVFulQ_00062,34,0,152,TRUE
16375,CVAfPfVFulQ_00064,34,0,195,FALSE
16376,CVAfPfVFulQ_00066,34,0,197,FALSE
16377,CVAfPfVFulQ_00068,34,0,207,FALSE
16378,CVAfPfVFulQ_00069,34,0,46,TRUE
16379,L2tKML4URG8_00008,34,0,68,TRUE
16380,L2tKML4URG8_00009,34,0,86,TRUE
16381,L_SB1PRgDTE_00022,34,0,95,FALSE
16382,L_SB1PRgDTE_00023,34,0,124,TRUE
16383,L_SB1PRgDTE_00024,34,0,170,TRUE
16384,L_SB1PRgDTE_00025,34,0,100,TRUE
16385,L_SB1PRgDTE_00036,34,0,111,TRUE
16386,L_SB1PRgDTE_00037,34,0,145,TRUE
16387,Le6xdQ2OO8w_00169,34,0,69,TRUE
16388,Le6xdQ2OO8w_00170,34,0,127,TRUE
16389,Le6xdQ2OO8w_00177,34,0,231,FALSE
16390,Le6xdQ2OO8w_00178,34,0,90,TRUE
16391,Le6xdQ2OO8w_00187,34,0,136,TRUE
16392,Le6xdQ2OO8w_00188,34,0,93,TRUE
16393,Le6xdQ2OO8w_00191,34,0,80,TRUE
16394,Le6xdQ2OO8w_00192,34,0,114,TRUE
16395,Le6xdQ2OO8w_00212,34,0,80,TRUE
16396,Le6xdQ2OO8w_00213,34,0,107,TRUE
16397,Le6xdQ2OO8w_00251,34,0,91,TRUE
16398,Le6xdQ2OO8w_00252,34,0,148,TRUE
16399,Le6xdQ2OO8w_00255,34,0,168,TRUE
16400,Le6xdQ2OO8w_00257,34,0,65,FALSE
16401,MbzIpx8kAD0_00060,34,0,73,TRUE
16402,MbzIpx8kAD0_00062,34,0,134,FALSE
16403,SbzcCzXjYSU_00007,34,0,82,TRUE
16404,SbzcCzXjYSU_00010,34,0,262,FALSE
16405,SbzcCzXjYSU_00011,34,0,166,TRUE
16406,SbzcCzXjYSU_00012,34,0,136,TRUE
16407,SbzcCzXjYSU_00013,34,0,131,TRUE
16408,SbzcCzXjYSU_00023,34,0,115,TRUE
16409,SbzcCzXjYSU_00024,34,0,102,TRUE
16410,SbzcCzXjYSU_00025,34,0,100,TRUE
16411,TMJ1XIZBRW4_00043,34,0,83,TRUE
16412,TMJ1XIZBRW4_00048,34,0,79,TRUE
16413,bSsVWVfYU4w_00104,34,0,51,TRUE
16414,bSsVWVfYU4w_00110,34,0,80,TRUE
16415,bSsVWVfYU4w_00111,34,0,126,TRUE
16416,bSsVWVfYU4w_00114,34,0,73,TRUE
16417,bSsVWVfYU4w_00115,34,0,132,FALSE
16418,bSsVWVfYU4w_00120,34,0,77,FALSE
16419,bSsVWVfYU4w_00121,34,0,126,FALSE
16420,bSsVWVfYU4w_00130,34,0,89,TRUE
16421,bSsVWVfYU4w_00131,34,0,98,TRUE
16422,bSsVWVfYU4w_00144,34,0,54,TRUE
16423,bSsVWVfYU4w_00145,34,0,102,FALSE
16424,bSsVWVfYU4w_00146,34,0,148,FALSE
16425,bSsVWVfYU4w_00147,34,0,99,TRUE
16426,bSsVWVfYU4w_00149,34,0,103,TRUE
16427,bSsVWVfYU4w_00160,34,0,82,TRUE
16428,bSsVWVfYU4w_00161,34,0,138,FALSE
16429,bSsVWVfYU4w_00166,34,0,188,FALSE
16430,bSsVWVfYU4w_00167,34,0,107,FALSE
16431,bl0C6d9QgIg_00025,34,0,235,FALSE
16432,bl0C6d9QgIg_00026,34,0,105,TRUE
16433,cs8g1es4vfM_00028,34,0,66,TRUE
16434,cs8g1es4vfM_00029,34,0,93,TRUE
16435,jMEYIEYkpY0_00012,34,0,62,TRUE
16436,jMEYIEYkpY0_00013,34,0,128,TRUE
16437,jMEYIEYkpY0_00017,34,0,45,TRUE
16438,jMEYIEYkpY0_00018,34,0,68,TRUE
16439,jMEYIEYkpY0_00057,34,0,137,TRUE
16440,jMEYIEYkpY0_00058,34,0,122,FALSE
16441,mGRum47TLX0_00062,34,0,54,TRUE
16442,roFeEJPgJD8_00000,34,0,145,TRUE
16443,roFeEJPgJD8_00025,34,0,86,TRUE
16444,roFeEJPgJD8_00034,34,0,55,TRUE
16445,yHo2oERGo7A_00009,34,0,142,FALSE
16446,yHo2oERGo7A_00010,34,0,123,TRUE
16447,yHo2oERGo7A_00011,34,0,114,TRUE
16448,yHo2oERGo7A_00012,34,0,64,TRUE
16449,yHo2oERGo7A_00013,34,0,120,TRUE
16450,yHo2oERGo7A_00014,34,0,92,TRUE
16451,yHo2oERGo7A_00029,34,0,80,TRUE
16452,yHo2oERGo7A_00030,34,0,129,TRUE
16453,yHo2oERGo7A_00031,34,0,131,TRUE
16454,yHo2oERGo7A_00032,34,0,119,TRUE
16455,yHo2oERGo7A_00033,34,0,116,TRUE
16456,yHo2oERGo7A_00034,34,0,116,TRUE
16457,yHo2oERGo7A_00038,34,0,82,TRUE
16458,yHo2oERGo7A_00039,34,0,113,TRUE
16459,yHo2oERGo7A_00040,34,0,107,TRUE
16460,yHo2oERGo7A_00073,34,0,94,FALSE
16461,zmacW6f2Tdk_00012,34,0,104,TRUE
16462,zmacW6f2Tdk_00013,34,0,111,TRUE
16463,zmacW6f2Tdk_00045,34,0,101,TRUE
16464,zmacW6f2Tdk_00046,34,0,128,TRUE
16465,zmacW6f2Tdk_00062,34,0,94,TRUE
16466,zmacW6f2Tdk_00063,34,0,109,TRUE
16467,XfCaMLlyj9I_00079,35,0,53,TRUE
16468,XfCaMLlyj9I_00080,35,0,70,TRUE
16469,XfCaMLlyj9I_00081,35,0,149,TRUE
16470,XfCaMLlyj9I_00082,35,0,92,FALSE
16471,XfCaMLlyj9I_00083,35,0,175,TRUE
16472,XfCaMLlyj9I_00084,35,0,101,TRUE
16473,XfCaMLlyj9I_00085,35,0,169,TRUE
16474,XfCaMLlyj9I_00086,35,0,91,TRUE
16475,XfCaMLlyj9I_00091,35,0,262,FALSE
16476,XfCaMLlyj9I_00092,35,0,81,TRUE
16477,XfCaMLlyj9I_00093,35,0,185,FALSE
16478,XfCaMLlyj9I_00123,35,0,48,FALSE
16479,XfCaMLlyj9I_00124,35,0,70,TRUE
16480,XfCaMLlyj9I_00125,35,0,137,TRUE
16481,XfCaMLlyj9I_00126,35,0,55,TRUE
16482,XfCaMLlyj9I_00127,35,0,178,FALSE
16483,XfCaMLlyj9I_00128,35,0,73,TRUE
16484,XfCaMLlyj9I_00129,35,0,140,TRUE
16485,XfCaMLlyj9I_00130,35,0,86,FALSE
16486,jMEYIEYkpY0_00038,35,0,52,FALSE
16487,jMEYIEYkpY0_00039,35,0,90,TRUE
16488,jMEYIEYkpY0_00040,35,0,79,FALSE
16489,jMEYIEYkpY0_00044,35,0,84,TRUE
16490,jMEYIEYkpY0_00045,35,0,93,FALSE
16491,jMEYIEYkpY0_00046,35,0,117,TRUE
16492,jMEYIEYkpY0_00050,35,0,90,FALSE
16493,jMEYIEYkpY0_00051,35,0,120,TRUE
16494,jMEYIEYkpY0_00052,35,0,153,FALSE
16495,k71Cc-Sm-Mg_00059,35,0,215,FALSE
16496,k71Cc-Sm-Mg_00060,35,0,116,FALSE
16497,k71Cc-Sm-Mg_00061,35,0,133,FALSE
16498,k71Cc-Sm-Mg_00062,35,0,108,TRUE
16499,k71Cc-Sm-Mg_00069,35,0,128,TRUE
16500,k71Cc-Sm-Mg_00070,35,0,120,FALSE
16501,k71Cc-Sm-Mg_00071,35,0,136,TRUE
16502,k71Cc-Sm-Mg_00085,35,0,89,TRUE
16503,k71Cc-Sm-Mg_00142,35,0,80,TRUE
16504,k71Cc-Sm-Mg_00143,35,0,115,TRUE
16505,k71Cc-Sm-Mg_00144,35,0,102,TRUE
16506,k71Cc-Sm-Mg_00149,35,0,52,FALSE
16507,k71Cc-Sm-Mg_00150,35,0,76,FALSE
16508,k71Cc-Sm-Mg_00151,35,0,77,FALSE
16509,qD3IMtAanSg_00002,35,0,279,FALSE
16510,qD3IMtAanSg_00003,35,0,197,FALSE
16511,qD3IMtAanSg_00004,35,0,127,TRUE
16512,qD3IMtAanSg_00011,35,0,176,TRUE
16513,qD3IMtAanSg_00012,35,0,163,TRUE
16514,qD3IMtAanSg_00019,35,0,91,FALSE
16515,qD3IMtAanSg_00020,35,0,191,FALSE
16516,qD3IMtAanSg_00039,35,0,135,FALSE
16517,qD3IMtAanSg_00040,35,0,168,TRUE
16518,qD3IMtAanSg_00041,35,0,92,TRUE
16519,qD3IMtAanSg_00086,35,0,152,TRUE
16520,qD3IMtAanSg_00087,35,0,93,TRUE
16521,qD3IMtAanSg_00095,35,0,65,FALSE
16522,qD3IMtAanSg_00096,35,0,161,TRUE
16523,qD3IMtAanSg_00097,35,0,106,TRUE
16524,qD3IMtAanSg_00104,35,0,80,TRUE
16525,qD3IMtAanSg_00105,35,0,170,FALSE
16526,qD3IMtAanSg_00128,35,0,84,FALSE
16527,qD3IMtAanSg_00129,35,0,145,TRUE
16528,rRw7peH60Yw_00021,35,0,141,TRUE
16529,roFeEJPgJD8_00001,35,0,146,TRUE
16530,roFeEJPgJD8_00010,35,0,65,TRUE
16531,sFO6XlfgxNQ_00064,35,0,75,TRUE
16532,sFO6XlfgxNQ_00065,35,0,173,TRUE
16533,sFO6XlfgxNQ_00066,35,0,68,FALSE
16534,sFO6XlfgxNQ_00067,35,0,301,FALSE
16535,sFO6XlfgxNQ_00068,35,0,189,FALSE
16536,sFO6XlfgxNQ_00069,35,0,94,TRUE
16537,sFO6XlfgxNQ_00076,35,0,34,TRUE
16538,sFO6XlfgxNQ_00077,35,0,144,TRUE
16539,sFO6XlfgxNQ_00078,35,0,60,TRUE
16540,sFO6XlfgxNQ_00095,35,0,54,TRUE
16541,sFO6XlfgxNQ_00096,35,0,129,TRUE
16542,sFO6XlfgxNQ_00097,35,0,83,FALSE
16543,sFO6XlfgxNQ_00098,35,0,78,FALSE
16544,sFO6XlfgxNQ_00106,35,0,140,TRUE
16545,sFO6XlfgxNQ_00107,35,0,175,FALSE
16546,sFO6XlfgxNQ_00108,35,0,122,FALSE
16547,zBXtMcI41z8_00035,35,0,47,TRUE
16548,zBXtMcI41z8_00036,35,0,52,FALSE
16549,zBXtMcI41z8_00037,35,0,77,TRUE
16550,zBXtMcI41z8_00038,35,0,196,FALSE
16551,zBXtMcI41z8_00039,35,0,67,FALSE
16552,zBXtMcI41z8_00040,35,0,67,FALSE
16553,zBXtMcI41z8_00044,35,0,64,TRUE
16554,zBXtMcI41z8_00045,35,0,83,FALSE
16555,zBXtMcI41z8_00046,35,0,91,TRUE
16556,zBXtMcI41z8_00076,35,0,188,FALSE
16557,zBXtMcI41z8_00077,35,0,73,TRUE
16558,zBXtMcI41z8_00078,35,0,66,TRUE
16559,zBXtMcI41z8_00079,35,0,90,FALSE
16560,zBXtMcI41z8_00080,35,0,83,TRUE
16561,zBXtMcI41z8_00081,35,0,74,FALSE
16562,8qRmKunCjtY_00001,36,0,194,FALSE
16563,CVAfPfVFulQ_00013,36,0,103,TRUE
16564,CVAfPfVFulQ_00017,36,0,147,FALSE
16565,L_SB1PRgDTE_00005,36,0,100,TRUE
16566,L_SB1PRgDTE_00008,36,0,90,TRUE
16567,L_SB1PRgDTE_00009,36,0,124,TRUE
16568,L_SB1PRgDTE_00010,36,0,122,TRUE
16569,L_SB1PRgDTE_00013,36,0,53,TRUE
16570,L_SB1PRgDTE_00014,36,0,136,FALSE
16571,Le6xdQ2OO8w_00034,36,0,65,TRUE
16572,Le6xdQ2OO8w_00035,36,0,104,TRUE
16573,Le6xdQ2OO8w_00044,36,0,115,TRUE
16574,Le6xdQ2OO8w_00045,36,0,123,TRUE
16575,Le6xdQ2OO8w_00094,36,0,110,TRUE
16576,Le6xdQ2OO8w_00095,36,0,161,TRUE
16577,Le6xdQ2OO8w_00096,36,0,137,TRUE
16578,Le6xdQ2OO8w_00099,36,0,147,TRUE
16579,Le6xdQ2OO8w_00100,36,0,143,TRUE
16580,Le6xdQ2OO8w_00101,36,0,132,TRUE
16581,Le6xdQ2OO8w_00102,36,0,108,TRUE
16582,Le6xdQ2OO8w_00107,36,0,48,TRUE
16583,Le6xdQ2OO8w_00108,36,0,78,TRUE
16584,Le6xdQ2OO8w_00112,36,0,177,TRUE
16585,Le6xdQ2OO8w_00114,36,0,118,TRUE
16586,Le6xdQ2OO8w_00115,36,0,127,TRUE
16587,Le6xdQ2OO8w_00116,36,0,103,TRUE
16588,Le6xdQ2OO8w_00117,36,0,67,TRUE
16589,Le6xdQ2OO8w_00118,36,0,107,TRUE
16590,MbzIpx8kAD0_00012,36,0,67,TRUE
16591,MbzIpx8kAD0_00014,36,0,131,TRUE
16592,MbzIpx8kAD0_00019,36,0,92,TRUE
16593,TMJ1XIZBRW4_00006,36,0,79,TRUE
16594,TMJ1XIZBRW4_00007,36,0,87,TRUE
16595,TMJ1XIZBRW4_00009,36,0,60,TRUE
16596,bSsVWVfYU4w_00034,36,0,52,TRUE
16597,bSsVWVfYU4w_00035,36,0,119,TRUE
16598,bSsVWVfYU4w_00042,36,0,48,TRUE
16599,bSsVWVfYU4w_00043,36,0,96,TRUE
16600,bSsVWVfYU4w_00088,36,0,128,FALSE
16601,bSsVWVfYU4w_00089,36,0,129,FALSE
16602,bl0C6d9QgIg_00008,36,0,104,TRUE
16603,bl0C6d9QgIg_00009,36,0,92,TRUE
16604,cs8g1es4vfM_00025,36,0,105,TRUE
16605,k71Cc-Sm-Mg_00003,36,0,58,TRUE
16606,k71Cc-Sm-Mg_00004,36,0,95,FALSE
16607,k71Cc-Sm-Mg_00005,36,0,102,TRUE
16608,k71Cc-Sm-Mg_00124,36,0,131,TRUE
16609,k71Cc-Sm-Mg_00125,36,0,146,TRUE
16610,mGRum47TLX0_00005,36,0,224,FALSE
16611,mGRum47TLX0_00012,36,0,57,TRUE
16612,mGRum47TLX0_00013,36,0,108,TRUE
16613,mGRum47TLX0_00014,36,0,89,TRUE
16614,mGRum47TLX0_00015,36,0,40,TRUE
16615,mGRum47TLX0_00019,36,0,78,TRUE
16616,mGRum47TLX0_00021,36,0,85,TRUE
16617,mGRum47TLX0_00022,36,0,177,TRUE
16618,mGRum47TLX0_00023,36,0,176,FALSE
16619,ovWCmIMMkRI_00027,36,0,57,TRUE
16620,ovWCmIMMkRI_00028,36,0,73,TRUE
16621,ovWCmIMMkRI_00029,36,0,82,TRUE
16622,sFO6XlfgxNQ_00006,36,0,128,TRUE
16623,sFO6XlfgxNQ_00007,36,0,167,FALSE
16624,sFO6XlfgxNQ_00008,36,0,83,FALSE
16625,sFO6XlfgxNQ_00009,36,0,204,FALSE
16626,sFO6XlfgxNQ_00010,36,0,153,TRUE
16627,sFO6XlfgxNQ_00011,36,0,160,FALSE
16628,sFO6XlfgxNQ_00024,36,0,134,FALSE
16629,sFO6XlfgxNQ_00025,36,0,171,TRUE
16630,sFO6XlfgxNQ_00026,36,0,104,FALSE
16631,zBXtMcI41z8_00003,36,0,151,FALSE
16632,zBXtMcI41z8_00005,36,0,51,FALSE
16633,zBXtMcI41z8_00006,36,0,51,FALSE
16634,zBXtMcI41z8_00010,36,0,43,FALSE
16635,zBXtMcI41z8_00012,36,0,46,FALSE
16636,zBXtMcI41z8_00013,36,0,51,FALSE
16637,zBXtMcI41z8_00086,36,0,128,FALSE
16638,zBXtMcI41z8_00087,36,0,63,TRUE
16639,zBXtMcI41z8_00088,36,0,60,FALSE
16640,zBXtMcI41z8_00092,36,0,97,FALSE
16641,zBXtMcI41z8_00093,36,0,78,TRUE
16642,zBXtMcI41z8_00094,36,0,116,FALSE
16643,SbzcCzXjYSU_00005,37,0,69,TRUE
16644,SbzcCzXjYSU_00006,37,0,142,TRUE
16645,bSsVWVfYU4w_00090,37,0,141,FALSE
16646,bSsVWVfYU4w_00091,37,0,111,TRUE
16647,cs8g1es4vfM_00036,38,0,53,TRUE
16648,cs8g1es4vfM_00037,38,0,97,TRUE
16649,cs8g1es4vfM_00044,39,0,105,TRUE
16650,cs8g1es4vfM_00045,39,0,174,TRUE
16651,yHo2oERGo7A_00093,39,0,91,FALSE
16652,yHo2oERGo7A_00094,39,0,103,TRUE
16653,yHo2oERGo7A_00095,39,0,83,FALSE
16654,rRw7peH60Yw_00012,40,0,132,TRUE
16655,rRw7peH60Yw_00033,40,0,184,FALSE
16656,SbzcCzXjYSU_00035,41,0,107,TRUE
16657,SbzcCzXjYSU_00036,41,0,81,FALSE
16658,SbzcCzXjYSU_00037,41,0,117,TRUE
16659,cs8g1es4vfM_00006,41,0,106,TRUE
16660,cs8g1es4vfM_00007,41,0,140,TRUE
16661,sRA_iEJGHtU_00000,41,0,43,FALSE
16662,sRA_iEJGHtU_00001,41,0,43,FALSE
16663,sRA_iEJGHtU_00002,41,0,53,FALSE
16664,sRA_iEJGHtU_00003,41,0,87,TRUE
16665,zmacW6f2Tdk_00055,41,0,96,FALSE
16666,k71Cc-Sm-Mg_00179,42,0,65,TRUE
16667,k71Cc-Sm-Mg_00180,42,0,124,FALSE
16668,rRw7peH60Yw_00023,42,0,292,FALSE
16669,8qRmKunCjtY_00017,43,0,129,TRUE
16670,SbzcCzXjYSU_00017,43,0,61,TRUE
16671,SbzcCzXjYSU_00044,43,0,178,TRUE
16672,SbzcCzXjYSU_00045,43,0,305,FALSE
16673,SbzcCzXjYSU_00046,43,0,178,FALSE
16674,rRw7peH60Yw_00007,43,0,106,FALSE
16675,rRw7peH60Yw_00022,43,0,155,TRUE
16676,zmacW6f2Tdk_00053,43,0,112,FALSE
16677,zmacW6f2Tdk_00054,43,0,143,TRUE
16678,CVAfPfVFulQ_00074,44,0,87,TRUE
16679,Le6xdQ2OO8w_00222,44,0,129,TRUE
16680,Le6xdQ2OO8w_00223,44,0,106,TRUE
16681,Le6xdQ2OO8w_00246,44,0,117,TRUE
16682,Le6xdQ2OO8w_00247,44,0,156,TRUE
16683,SbzcCzXjYSU_00026,44,0,145,TRUE
16684,SbzcCzXjYSU_00027,44,0,153,FALSE
16685,SbzcCzXjYSU_00028,44,0,189,FALSE
16686,SbzcCzXjYSU_00038,44,0,95,TRUE
16687,SbzcCzXjYSU_00039,44,0,101,TRUE
16688,SbzcCzXjYSU_00040,44,0,78,TRUE
16689,TMJ1XIZBRW4_00042,44,0,66,TRUE
16690,TMJ1XIZBRW4_00049,44,0,69,TRUE
16691,TMJ1XIZBRW4_00056,44,0,194,FALSE
16692,TMJ1XIZBRW4_00057,44,0,92,TRUE
16693,bSsVWVfYU4w_00122,44,0,48,TRUE
16694,bSsVWVfYU4w_00123,44,0,95,TRUE
16695,bSsVWVfYU4w_00174,44,0,44,TRUE
16696,cs8g1es4vfM_00014,44,0,49,FALSE
16697,cs8g1es4vfM_00016,44,0,135,TRUE
16698,cs8g1es4vfM_00017,44,0,155,TRUE
16699,cs8g1es4vfM_00026,44,0,79,FALSE
16700,cs8g1es4vfM_00027,44,0,126,TRUE
16701,cs8g1es4vfM_00030,44,0,108,TRUE
16702,cs8g1es4vfM_00031,44,0,99,TRUE
16703,jMEYIEYkpY0_00010,44,0,87,TRUE
16704,jMEYIEYkpY0_00011,44,0,148,TRUE
16705,jMEYIEYkpY0_00053,44,0,69,TRUE
16706,jMEYIEYkpY0_00054,44,0,98,TRUE
16707,jMEYIEYkpY0_00055,44,0,105,TRUE
16708,jMEYIEYkpY0_00071,44,0,101,TRUE
16709,jMEYIEYkpY0_00072,44,0,167,TRUE
16710,jMEYIEYkpY0_00073,44,0,134,TRUE
16711,jMEYIEYkpY0_00083,44,0,49,TRUE
16712,jMEYIEYkpY0_00084,44,0,88,TRUE
16713,jMEYIEYkpY0_00085,44,0,82,TRUE
16714,jMEYIEYkpY0_00086,44,0,76,TRUE
16715,jMEYIEYkpY0_00087,44,0,142,TRUE
16716,ovWCmIMMkRI_00062,44,0,143,TRUE
16717,rRw7peH60Yw_00019,44,0,115,TRUE
16718,roFeEJPgJD8_00019,44,0,76,TRUE
16719,roFeEJPgJD8_00020,44,0,86,TRUE
16720,roFeEJPgJD8_00021,44,0,47,TRUE
16721,roFeEJPgJD8_00022,44,0,95,TRUE
16722,roFeEJPgJD8_00023,44,0,91,TRUE
16723,roFeEJPgJD8_00024,44,0,95,TRUE
16724,yHo2oERGo7A_00021,44,0,89,TRUE
16725,yHo2oERGo7A_00022,44,0,167,TRUE
16726,yHo2oERGo7A_00023,44,0,132,TRUE
16727,yHo2oERGo7A_00048,44,0,122,TRUE
16728,yHo2oERGo7A_00049,44,0,84,TRUE
16729,yHo2oERGo7A_00050,44,0,143,FALSE
16730,yHo2oERGo7A_00062,44,0,189,FALSE
16731,yHo2oERGo7A_00063,44,0,201,FALSE
16732,yHo2oERGo7A_00064,44,0,164,TRUE
16733,yHo2oERGo7A_00072,44,0,115,TRUE
16734,yHo2oERGo7A_00074,44,0,145,TRUE
16735,yHo2oERGo7A_00078,44,0,130,TRUE
16736,yHo2oERGo7A_00079,44,0,149,TRUE
16737,yHo2oERGo7A_00080,44,0,140,TRUE
16738,yHo2oERGo7A_00084,44,0,112,TRUE
16739,yHo2oERGo7A_00085,44,0,109,TRUE
16740,yHo2oERGo7A_00086,44,0,82,TRUE
16741,zmacW6f2Tdk_00022,44,0,40,FALSE
16742,zmacW6f2Tdk_00023,44,0,55,TRUE
16743,zmacW6f2Tdk_00033,44,0,117,TRUE
16744,zmacW6f2Tdk_00034,44,0,113,TRUE
16745,XfCaMLlyj9I_00103,45,0,42,FALSE
16746,XfCaMLlyj9I_00104,45,0,63,TRUE
16747,XfCaMLlyj9I_00105,45,0,130,TRUE
16748,XfCaMLlyj9I_00106,45,0,75,FALSE
16749,XfCaMLlyj9I_00135,45,0,104,TRUE
16750,XfCaMLlyj9I_00136,45,0,104,FALSE
16751,XfCaMLlyj9I_00137,45,0,208,FALSE
16752,XfCaMLlyj9I_00138,45,0,77,FALSE
16753,jMEYIEYkpY0_00068,45,0,86,TRUE
16754,jMEYIEYkpY0_00069,45,0,80,TRUE
16755,jMEYIEYkpY0_00070,45,0,113,FALSE
16756,k71Cc-Sm-Mg_00063,45,0,93,FALSE
16757,k71Cc-Sm-Mg_00064,45,0,140,TRUE
16758,k71Cc-Sm-Mg_00065,45,0,111,TRUE
16759,k71Cc-Sm-Mg_00087,45,0,73,TRUE
16760,k71Cc-Sm-Mg_00088,45,0,103,TRUE
16761,k71Cc-Sm-Mg_00089,45,0,97,TRUE
16762,k71Cc-Sm-Mg_00090,45,0,127,TRUE
16763,k71Cc-Sm-Mg_00091,45,0,71,TRUE
16764,k71Cc-Sm-Mg_00092,45,0,116,TRUE
16765,k71Cc-Sm-Mg_00093,45,0,96,TRUE
16766,qD3IMtAanSg_00000,45,0,90,TRUE
16767,qD3IMtAanSg_00001,45,0,190,FALSE
16768,qD3IMtAanSg_00013,45,0,75,TRUE
16769,qD3IMtAanSg_00014,45,0,186,FALSE
16770,qD3IMtAanSg_00015,45,0,97,FALSE
16771,qD3IMtAanSg_00042,45,0,83,TRUE
16772,qD3IMtAanSg_00043,45,0,191,FALSE
16773,qD3IMtAanSg_00044,45,0,92,TRUE
16774,qD3IMtAanSg_00047,45,0,127,FALSE
16775,qD3IMtAanSg_00048,45,0,175,TRUE
16776,qD3IMtAanSg_00049,45,0,105,TRUE
16777,qD3IMtAanSg_00070,45,0,77,TRUE
16778,qD3IMtAanSg_00071,45,0,177,TRUE
16779,qD3IMtAanSg_00072,45,0,89,TRUE
16780,qD3IMtAanSg_00076,45,0,172,TRUE
16781,qD3IMtAanSg_00077,45,0,193,FALSE
16782,qD3IMtAanSg_00078,45,0,96,TRUE
16783,qD3IMtAanSg_00093,45,0,62,TRUE
16784,qD3IMtAanSg_00094,45,0,179,TRUE
16785,qD3IMtAanSg_00106,45,0,59,TRUE
16786,qD3IMtAanSg_00107,45,0,156,TRUE
16787,qD3IMtAanSg_00108,45,0,82,FALSE
16788,qD3IMtAanSg_00117,45,0,80,TRUE
16789,qD3IMtAanSg_00118,45,0,177,TRUE
16790,qD3IMtAanSg_00119,45,0,111,FALSE
16791,qD3IMtAanSg_00120,45,0,121,FALSE
16792,qD3IMtAanSg_00121,45,0,184,FALSE
16793,qD3IMtAanSg_00122,45,0,116,TRUE
16794,rRw7peH60Yw_00015,45,0,117,TRUE
16795,rRw7peH60Yw_00027,45,0,104,TRUE
16796,zBXtMcI41z8_00053,45,0,162,TRUE
16797,zBXtMcI41z8_00054,45,0,71,FALSE
16798,zBXtMcI41z8_00055,45,0,90,TRUE
16799,zBXtMcI41z8_00060,45,0,103,TRUE
16800,zBXtMcI41z8_00061,45,0,120,TRUE
16801,zBXtMcI41z8_00062,45,0,106,TRUE
16802,8qRmKunCjtY_00004,46,0,98,FALSE
16803,8qRmKunCjtY_00006,46,0,178,TRUE
16804,8qRmKunCjtY_00007,46,0,99,TRUE
16805,CVAfPfVFulQ_00020,46,0,119,TRUE
16806,CVAfPfVFulQ_00025,46,0,177,TRUE
16807,CVAfPfVFulQ_00034,46,0,115,TRUE
16808,CVAfPfVFulQ_00036,46,0,90,TRUE
16809,CVAfPfVFulQ_00047,46,0,80,TRUE
16810,L_SB1PRgDTE_00003,46,0,153,TRUE
16811,L_SB1PRgDTE_00004,46,0,159,TRUE
16812,L_SB1PRgDTE_00007,46,0,117,FALSE
16813,Le6xdQ2OO8w_00036,46,0,128,TRUE
16814,Le6xdQ2OO8w_00037,46,0,231,FALSE
16815,Le6xdQ2OO8w_00074,46,0,66,TRUE
16816,Le6xdQ2OO8w_00075,46,0,99,TRUE
16817,Le6xdQ2OO8w_00083,46,0,61,FALSE
16818,Le6xdQ2OO8w_00084,46,0,130,TRUE
16819,Le6xdQ2OO8w_00085,46,0,130,TRUE
16820,Le6xdQ2OO8w_00086,46,0,207,FALSE
16821,Le6xdQ2OO8w_00089,46,0,97,TRUE
16822,Le6xdQ2OO8w_00090,46,0,118,TRUE
16823,Le6xdQ2OO8w_00093,46,0,74,TRUE
16824,Le6xdQ2OO8w_00097,46,0,72,TRUE
16825,Le6xdQ2OO8w_00098,46,0,111,TRUE
16826,Le6xdQ2OO8w_00103,46,0,124,TRUE
16827,Le6xdQ2OO8w_00104,46,0,112,TRUE
16828,MbzIpx8kAD0_00022,46,0,79,TRUE
16829,MbzIpx8kAD0_00024,46,0,77,TRUE
16830,MbzIpx8kAD0_00028,46,0,103,TRUE
16831,MbzIpx8kAD0_00030,46,0,77,TRUE
16832,MbzIpx8kAD0_00031,46,0,30,FALSE
16833,MbzIpx8kAD0_00039,46,0,91,TRUE
16834,MbzIpx8kAD0_00043,46,0,116,TRUE
16835,MbzIpx8kAD0_00044,46,0,69,TRUE
16836,MbzIpx8kAD0_00052,46,0,57,FALSE
16837,TMJ1XIZBRW4_00010,46,0,88,TRUE
16838,TMJ1XIZBRW4_00019,46,0,83,FALSE
16839,TMJ1XIZBRW4_00020,46,0,102,TRUE
16840,TMJ1XIZBRW4_00021,46,0,54,TRUE
16841,TMJ1XIZBRW4_00022,46,0,104,TRUE
16842,TMJ1XIZBRW4_00023,46,0,59,TRUE
16843,XfCaMLlyj9I_00029,46,0,185,FALSE
16844,XfCaMLlyj9I_00030,46,0,79,FALSE
16845,XfCaMLlyj9I_00031,46,0,184,FALSE
16846,XfCaMLlyj9I_00032,46,0,74,FALSE
16847,XfCaMLlyj9I_00033,46,0,76,FALSE
16848,XfCaMLlyj9I_00034,46,0,79,TRUE
16849,XfCaMLlyj9I_00035,46,0,155,TRUE
16850,XfCaMLlyj9I_00036,46,0,80,FALSE
16851,XfCaMLlyj9I_00037,46,0,87,FALSE
16852,XfCaMLlyj9I_00038,46,0,74,TRUE
16853,XfCaMLlyj9I_00039,46,0,140,TRUE
16854,XfCaMLlyj9I_00040,46,0,78,FALSE
16855,XfCaMLlyj9I_00041,46,0,191,FALSE
16856,XfCaMLlyj9I_00042,46,0,92,TRUE
16857,XfCaMLlyj9I_00043,46,0,146,TRUE
16858,XfCaMLlyj9I_00044,46,0,86,FALSE
16859,XfCaMLlyj9I_00045,46,0,64,TRUE
16860,XfCaMLlyj9I_00046,46,0,76,TRUE
16861,XfCaMLlyj9I_00047,46,0,153,TRUE
16862,XfCaMLlyj9I_00048,46,0,85,FALSE
16863,bSsVWVfYU4w_00040,46,0,63,TRUE
16864,bSsVWVfYU4w_00041,46,0,109,TRUE
16865,bSsVWVfYU4w_00052,46,0,127,TRUE
16866,bSsVWVfYU4w_00053,46,0,112,TRUE
16867,bSsVWVfYU4w_00055,46,0,135,TRUE
16868,bSsVWVfYU4w_00056,46,0,62,TRUE
16869,bSsVWVfYU4w_00057,46,0,133,TRUE
16870,bSsVWVfYU4w_00071,46,0,67,TRUE
16871,bSsVWVfYU4w_00072,46,0,114,TRUE
16872,bSsVWVfYU4w_00079,46,0,46,TRUE
16873,bSsVWVfYU4w_00081,46,0,104,TRUE
16874,bSsVWVfYU4w_00082,46,0,88,FALSE
16875,bSsVWVfYU4w_00083,46,0,122,TRUE
16876,bSsVWVfYU4w_00084,46,0,87,TRUE
16877,bSsVWVfYU4w_00085,46,0,113,FALSE
16878,bSsVWVfYU4w_00094,46,0,110,TRUE
16879,bSsVWVfYU4w_00095,46,0,120,TRUE
16880,bl0C6d9QgIg_00003,46,0,70,TRUE
16881,bl0C6d9QgIg_00005,46,0,124,TRUE
16882,bl0C6d9QgIg_00014,46,0,56,TRUE
16883,bl0C6d9QgIg_00015,46,0,26,TRUE
16884,bl0C6d9QgIg_00016,46,0,97,TRUE
16885,k71Cc-Sm-Mg_00016,46,0,98,FALSE
16886,k71Cc-Sm-Mg_00017,46,0,136,FALSE
16887,k71Cc-Sm-Mg_00018,46,0,138,TRUE
16888,k71Cc-Sm-Mg_00019,46,0,114,TRUE
16889,k71Cc-Sm-Mg_00024,46,0,92,TRUE
16890,k71Cc-Sm-Mg_00025,46,0,126,FALSE
16891,k71Cc-Sm-Mg_00026,46,0,139,TRUE
16892,k71Cc-Sm-Mg_00027,46,0,101,TRUE
16893,k71Cc-Sm-Mg_00028,46,0,140,TRUE
16894,k71Cc-Sm-Mg_00029,46,0,168,FALSE
16895,k71Cc-Sm-Mg_00030,46,0,177,TRUE
16896,k71Cc-Sm-Mg_00031,46,0,100,FALSE
16897,k71Cc-Sm-Mg_00032,46,0,104,TRUE
16898,k71Cc-Sm-Mg_00033,46,0,84,TRUE
16899,k71Cc-Sm-Mg_00034,46,0,91,FALSE
16900,k71Cc-Sm-Mg_00126,46,0,220,FALSE
16901,k71Cc-Sm-Mg_00127,46,0,120,TRUE
16902,k71Cc-Sm-Mg_00128,46,0,126,TRUE
16903,k71Cc-Sm-Mg_00132,46,0,56,FALSE
16904,k71Cc-Sm-Mg_00133,46,0,105,FALSE
16905,k71Cc-Sm-Mg_00134,46,0,117,TRUE
16906,k71Cc-Sm-Mg_00135,46,0,79,FALSE
16907,k71Cc-Sm-Mg_00157,46,0,104,FALSE
16908,k71Cc-Sm-Mg_00158,46,0,180,FALSE
16909,k71Cc-Sm-Mg_00159,46,0,154,FALSE
16910,k71Cc-Sm-Mg_00160,46,0,192,FALSE
16911,k71Cc-Sm-Mg_00161,46,0,112,FALSE
16912,k71Cc-Sm-Mg_00162,46,0,117,TRUE
16913,k71Cc-Sm-Mg_00163,46,0,94,FALSE
16914,mGRum47TLX0_00020,46,0,68,FALSE
16915,mGRum47TLX0_00029,46,0,89,TRUE
16916,mGRum47TLX0_00030,46,0,43,FALSE
16917,mGRum47TLX0_00036,46,0,158,TRUE
16918,mGRum47TLX0_00038,46,0,179,TRUE
16919,ovWCmIMMkRI_00015,46,0,55,FALSE
16920,ovWCmIMMkRI_00016,46,0,90,TRUE
16921,ovWCmIMMkRI_00017,46,0,81,TRUE
16922,ovWCmIMMkRI_00018,46,0,105,TRUE
16923,ovWCmIMMkRI_00019,46,0,109,TRUE
16924,ovWCmIMMkRI_00020,46,0,82,TRUE
16925,roFeEJPgJD8_00005,46,0,206,FALSE
16926,roFeEJPgJD8_00011,46,0,82,TRUE
16927,sFO6XlfgxNQ_00000,46,0,155,TRUE
16928,sFO6XlfgxNQ_00001,46,0,178,TRUE
16929,sFO6XlfgxNQ_00002,46,0,120,FALSE
16930,sFO6XlfgxNQ_00012,46,0,78,TRUE
16931,sFO6XlfgxNQ_00013,46,0,180,FALSE
16932,sFO6XlfgxNQ_00014,46,0,98,TRUE
16933,sFO6XlfgxNQ_00015,46,0,83,FALSE
16934,sFO6XlfgxNQ_00019,46,0,176,TRUE
16935,sFO6XlfgxNQ_00021,46,0,158,TRUE
16936,sFO6XlfgxNQ_00022,46,0,88,FALSE
16937,sFO6XlfgxNQ_00023,46,0,86,TRUE
16938,sFO6XlfgxNQ_00030,46,0,41,TRUE
16939,sFO6XlfgxNQ_00032,46,0,129,FALSE
16940,sFO6XlfgxNQ_00033,46,0,71,TRUE
16941,sFO6XlfgxNQ_00034,46,0,68,TRUE
16942,sFO6XlfgxNQ_00035,46,0,168,TRUE
16943,sFO6XlfgxNQ_00036,46,0,103,TRUE
16944,sFO6XlfgxNQ_00037,46,0,90,TRUE
16945,sFO6XlfgxNQ_00038,46,0,205,FALSE
16946,sFO6XlfgxNQ_00039,46,0,208,FALSE
16947,sFO6XlfgxNQ_00043,46,0,164,TRUE
16948,sFO6XlfgxNQ_00044,46,0,184,FALSE
16949,sFO6XlfgxNQ_00045,46,0,131,TRUE
16950,sFO6XlfgxNQ_00049,46,0,83,TRUE
16951,sFO6XlfgxNQ_00050,46,0,202,FALSE
16952,sFO6XlfgxNQ_00051,46,0,138,TRUE
16953,zBXtMcI41z8_00014,46,0,47,FALSE
16954,zBXtMcI41z8_00015,46,0,60,FALSE
16955,zBXtMcI41z8_00016,46,0,50,TRUE
16956,zBXtMcI41z8_00023,46,0,121,TRUE
16957,zBXtMcI41z8_00024,46,0,76,FALSE
16958,zBXtMcI41z8_00025,46,0,89,TRUE
16959,zBXtMcI41z8_00095,46,0,74,TRUE
16960,zBXtMcI41z8_00096,46,0,94,TRUE
16961,zBXtMcI41z8_00097,46,0,74,FALSE
16962,zBXtMcI41z8_00105,46,0,49,FALSE
16963,zBXtMcI41z8_00106,46,0,65,FALSE
16964,zBXtMcI41z8_00107,46,0,65,FALSE
16965,CVAfPfVFulQ_00030,47,0,102,TRUE
16966,CVAfPfVFulQ_00037,47,0,87,TRUE
16967,CVAfPfVFulQ_00041,47,0,126,TRUE
16968,CVAfPfVFulQ_00042,47,0,87,TRUE
16969,CVAfPfVFulQ_00046,47,0,121,TRUE
16970,Le6xdQ2OO8w_00061,47,0,58,TRUE
16971,Le6xdQ2OO8w_00062,47,0,107,TRUE
16972,Le6xdQ2OO8w_00073,47,0,57,TRUE
16973,Le6xdQ2OO8w_00076,47,0,116,FALSE
16974,Le6xdQ2OO8w_00077,47,0,24,TRUE
16975,Le6xdQ2OO8w_00078,47,0,123,TRUE
16976,MbzIpx8kAD0_00003,47,0,68,TRUE
16977,MbzIpx8kAD0_00023,47,0,111,TRUE
16978,TMJ1XIZBRW4_00015,47,0,63,TRUE
16979,TMJ1XIZBRW4_00025,47,0,175,TRUE
16980,bSsVWVfYU4w_00062,47,0,57,TRUE
16981,bSsVWVfYU4w_00063,47,0,118,TRUE
16982,bSsVWVfYU4w_00069,47,0,112,TRUE
16983,bSsVWVfYU4w_00070,47,0,114,TRUE
16984,bSsVWVfYU4w_00073,47,0,164,TRUE
16985,bSsVWVfYU4w_00074,47,0,177,TRUE
16986,bSsVWVfYU4w_00075,47,0,98,TRUE
16987,bSsVWVfYU4w_00076,47,0,121,TRUE
16988,mGRum47TLX0_00027,47,0,63,TRUE
16989,mGRum47TLX0_00031,47,0,86,TRUE
16990,mGRum47TLX0_00033,47,0,79,TRUE
16991,mGRum47TLX0_00037,47,0,65,TRUE
16992,mGRum47TLX0_00040,47,0,56,TRUE
16993,mGRum47TLX0_00044,47,0,112,TRUE
16994,ovWCmIMMkRI_00050,47,0,108,TRUE
16995,ovWCmIMMkRI_00051,47,0,125,TRUE
16996,ovWCmIMMkRI_00052,47,0,91,TRUE